,,,,,,,,,,,,,,,,,,,,,,,,,,,,,,,,,,,,,,,,,,,,,,,,,,,,,,,
Block,Block Name,Block ID,Version Added,Order Added,Creative Only,OP Only,Commands Only,Renewable,Infinitely Automatically Farmable,,Has an Item Form,,Block Entity,Mob Spawnable On,Mob Spawnable Inside,Warden Spawnable On,Spider Spawnable Under,Light Level,Blast Resistance,Hardness,Mining Tool,Mining Level Required,Can Drop Itself,,,Insta-Mineable In Survival,Can be Waterlogged,Gets Flushed,Has Collision,Can Have a Full Block Collision,Has a Mining Hitbox,Can Have a Full Block Mining Hitbox,Can be Immovable,Disappears when Pushed,Transmits Redstone,Launches Minecart,Can Suffocate,Obeys Gravity,Requires Support Block to Place,Requires Support Block to Exist,Flammable,Catches Fire from Lava,Transparent,Filters Sky Light,Beacon can Bypass,Chest Openable Under,Tramples Farmland,Causes Damage,Fall Damage Amplification,Note Block Sound,Opens a GUI,GUI Stores Items,Rotation Availability,Can Change Block State,
,,,,,,,,,Any Method,Player Interactions Required,Identical ID,By Pick Block,,,,,,,,,,,Incorrect Tool,Correct Tool,Silk Touch,,,,,,,,,,,,,,,,,,,,,,,,,,,,,,
1168,,,,,13/1168,11/1168,1/1168,1072/1168,988/1168,827/1168,1015/1168,1155/1168,200/1168,508/1168,391/1168,582/1168,609/1168,,,,,,595/1168,955/1168,1096/1168,576/1168,413/1168,190/1168,924/1168,498/1168,1161/1168,514/1168,158/1168,353/1168,446/1168,446/1168,464/1168,27/1168,347/1168,343/1168,204/1168,337/1168,795/1168,43/1168,795/1168,801/1168,915/1168,12/1168,,,103/1168,37/1168,,777/1168,0
,Air,air,Pre-Classic Cave Game Tech Test,1,FALSE,FALSE,FALSE,Yes,Yes,FALSE,TRUE,FALSE,FALSE,No,Yes,No,TRUE,0,0,0,None,0,FALSE,FALSE,FALSE,FALSE,No,TRUE,FALSE,FALSE,FALSE,FALSE,FALSE,TRUE,No,No,FALSE,FALSE,FALSE,FALSE,FALSE,FALSE,Fully,FALSE,TRUE,TRUE,FALSE,FALSE,N/A,Harp,FALSE,FALSE,1,FALSE,1
,Cave Air,cave_air,1.13 18w06a,530,FALSE,FALSE,FALSE,Yes,Yes,FALSE,FALSE,FALSE,FALSE,No,Yes,No,TRUE,0,0,0,None,0,FALSE,FALSE,FALSE,FALSE,No,TRUE,FALSE,FALSE,FALSE,FALSE,FALSE,TRUE,No,No,FALSE,FALSE,FALSE,FALSE,FALSE,FALSE,Fully,FALSE,TRUE,TRUE,FALSE,FALSE,N/A,Harp,FALSE,FALSE,1,FALSE,2
,Void Air,void_air,1.13 18w06a,531,FALSE,FALSE,FALSE,No,No,FALSE,FALSE,FALSE,FALSE,No,Yes,No,TRUE,0,0,0,None,0,FALSE,FALSE,FALSE,FALSE,No,TRUE,FALSE,FALSE,FALSE,FALSE,FALSE,TRUE,No,No,FALSE,FALSE,FALSE,FALSE,FALSE,FALSE,Fully,FALSE,TRUE,TRUE,FALSE,FALSE,N/A,Harp,FALSE,FALSE,1,FALSE,3
,Cobblestone,cobblestone,Pre-Classic rd-20090515,4,FALSE,FALSE,FALSE,Yes,Yes,FALSE,TRUE,TRUE,FALSE,Yes,No,Yes,FALSE,0,6,2,Pickaxe,0,FALSE,TRUE,TRUE,FALSE,No,FALSE,TRUE,TRUE,TRUE,TRUE,FALSE,FALSE,Yes,Yes,TRUE,FALSE,FALSE,FALSE,FALSE,FALSE,No,FALSE,FALSE,FALSE,TRUE,FALSE,100%,Base Drum,FALSE,FALSE,1,FALSE,4
,Cobblestone Slab,cobblestone_slab,Beta 1.3,99,FALSE,FALSE,FALSE,Yes,Yes,TRUE,TRUE,TRUE,FALSE,Depends,Depends,Depends,TRUE,0,6,2,Pickaxe,0,FALSE,TRUE,TRUE,FALSE,Yes,FALSE,TRUE,TRUE,TRUE,TRUE,FALSE,FALSE,Depends,Depends,TRUE,FALSE,FALSE,FALSE,FALSE,FALSE,Directional,FALSE,TRUE,TRUE,TRUE,FALSE,100%,Base Drum,FALSE,FALSE,2,TRUE,5
,Cobblestone Stairs,cobblestone_stairs,Infdev 20100629,63,FALSE,FALSE,FALSE,Yes,Yes,TRUE,TRUE,TRUE,FALSE,Depends,Depends,Depends,TRUE,0,6,2,Pickaxe,0,FALSE,TRUE,TRUE,FALSE,Yes,FALSE,TRUE,FALSE,TRUE,FALSE,FALSE,FALSE,No,No,FALSE,FALSE,FALSE,FALSE,FALSE,FALSE,Directional,FALSE,TRUE,TRUE,TRUE,FALSE,100%,Base Drum,FALSE,FALSE,8,TRUE,6
,Cobblestone Wall,cobblestone_wall,1.4.2 12w34a,183,FALSE,FALSE,FALSE,Yes,Yes,TRUE,TRUE,TRUE,FALSE,No,No,No,TRUE,0,6,2,Pickaxe,0,FALSE,TRUE,TRUE,FALSE,Yes,FALSE,TRUE,FALSE,TRUE,FALSE,FALSE,FALSE,No,No,FALSE,FALSE,FALSE,FALSE,FALSE,FALSE,Fully,FALSE,TRUE,TRUE,TRUE,FALSE,100%,Base Drum,FALSE,FALSE,1,TRUE,7
,Infested Cobblestone,infested_cobblestone,Beta 1.8 Pre-Release,118,FALSE,FALSE,FALSE,Yes,Yes,FALSE,TRUE,TRUE,FALSE,Yes,No,Yes,FALSE,0,0.75,1,Pickaxe,0,FALSE,FALSE,FALSE,TRUE,No,FALSE,TRUE,TRUE,TRUE,TRUE,FALSE,FALSE,Yes,Yes,TRUE,FALSE,FALSE,FALSE,FALSE,FALSE,No,FALSE,FALSE,FALSE,TRUE,FALSE,100%,Harp,FALSE,FALSE,1,FALSE,8
,Mossy Cobblestone,mossy_cobblestone,Classic 0.26 Survival Test,41,FALSE,FALSE,FALSE,Yes,Yes,TRUE,TRUE,TRUE,FALSE,Yes,No,Yes,FALSE,0,6,2,Pickaxe,0,FALSE,TRUE,TRUE,FALSE,No,FALSE,TRUE,TRUE,TRUE,TRUE,FALSE,FALSE,Yes,Yes,TRUE,FALSE,FALSE,FALSE,FALSE,FALSE,No,FALSE,FALSE,FALSE,TRUE,FALSE,100%,Base Drum,FALSE,FALSE,1,FALSE,9
,Mossy Cobblestone Slab,mossy_cobblestone_slab,1.14 18w43a,601,FALSE,FALSE,FALSE,Yes,Yes,TRUE,TRUE,TRUE,FALSE,Depends,Depends,Depends,TRUE,0,6,2,Pickaxe,0,FALSE,TRUE,TRUE,FALSE,Yes,FALSE,TRUE,TRUE,TRUE,TRUE,FALSE,FALSE,Depends,Depends,TRUE,FALSE,FALSE,FALSE,FALSE,FALSE,Directional,FALSE,TRUE,TRUE,TRUE,FALSE,100%,Base Drum,FALSE,FALSE,2,TRUE,10
,Mossy Cobblestone Stairs,mossy_cobblestone_stairs,1.14 18w43a,602,FALSE,FALSE,FALSE,Yes,Yes,TRUE,TRUE,TRUE,FALSE,Depends,Depends,Depends,TRUE,0,6,2,Pickaxe,0,FALSE,TRUE,TRUE,FALSE,Yes,FALSE,TRUE,FALSE,TRUE,FALSE,FALSE,FALSE,No,No,FALSE,FALSE,FALSE,FALSE,FALSE,FALSE,Directional,FALSE,TRUE,TRUE,TRUE,FALSE,100%,Base Drum,FALSE,FALSE,8,TRUE,11
,Mossy Cobblestone Wall,mossy_cobblestone_wall,1.4.2 12w34a,184,FALSE,FALSE,FALSE,Yes,Yes,TRUE,TRUE,TRUE,FALSE,No,No,No,TRUE,0,6,2,Pickaxe,0,FALSE,TRUE,TRUE,FALSE,Yes,FALSE,TRUE,FALSE,TRUE,FALSE,FALSE,FALSE,No,No,FALSE,FALSE,FALSE,FALSE,FALSE,FALSE,Fully,FALSE,TRUE,TRUE,TRUE,FALSE,100%,Base Drum,FALSE,FALSE,1,TRUE,12
,Stone,stone,Pre-Classic Cave Game Tech Test,2,FALSE,FALSE,FALSE,Yes,Yes,FALSE,TRUE,TRUE,FALSE,Yes,No,Yes,FALSE,0,6,1.5,Pickaxe,0,FALSE,FALSE,TRUE,TRUE,No,FALSE,TRUE,TRUE,TRUE,TRUE,FALSE,FALSE,Yes,Yes,TRUE,FALSE,FALSE,FALSE,FALSE,FALSE,No,FALSE,FALSE,FALSE,TRUE,FALSE,100%,Base Drum,FALSE,FALSE,1,FALSE,13
,Stone Slab,stone_slab,1.14 18w43a,603,FALSE,FALSE,FALSE,Yes,Yes,TRUE,TRUE,TRUE,FALSE,Depends,Depends,Depends,TRUE,0,6,2,Pickaxe,0,FALSE,TRUE,TRUE,FALSE,Yes,FALSE,TRUE,TRUE,TRUE,TRUE,FALSE,FALSE,Depends,Depends,TRUE,FALSE,FALSE,FALSE,FALSE,FALSE,Directional,FALSE,TRUE,TRUE,TRUE,FALSE,100%,Base Drum,FALSE,FALSE,2,TRUE,14
,Stone Stairs,stone_stairs,1.14 18w43a,604,FALSE,FALSE,FALSE,Yes,Yes,TRUE,TRUE,TRUE,FALSE,Depends,Depends,Depends,TRUE,0,6,1.5,Pickaxe,0,FALSE,TRUE,TRUE,TRUE,Yes,FALSE,TRUE,FALSE,TRUE,FALSE,FALSE,FALSE,No,No,FALSE,FALSE,FALSE,FALSE,FALSE,FALSE,Directional,FALSE,TRUE,TRUE,TRUE,FALSE,100%,Base Drum,FALSE,FALSE,8,TRUE,15
,Infested Stone,infested_stone,Beta 1.8 Pre-Release,119,FALSE,FALSE,FALSE,Yes,Yes,FALSE,TRUE,TRUE,FALSE,Yes,No,Yes,FALSE,0,0.75,0.75,Pickaxe,0,FALSE,FALSE,FALSE,TRUE,No,FALSE,TRUE,TRUE,TRUE,TRUE,FALSE,FALSE,Yes,Yes,TRUE,FALSE,FALSE,FALSE,FALSE,FALSE,No,FALSE,FALSE,FALSE,TRUE,FALSE,100%,Harp,FALSE,FALSE,1,FALSE,16
,Smooth Stone,smooth_stone,Beta 1.3,100,FALSE,FALSE,FALSE,Yes,Yes,FALSE,TRUE,TRUE,FALSE,Yes,No,Yes,FALSE,0,6,2,Pickaxe,0,FALSE,TRUE,TRUE,FALSE,No,FALSE,TRUE,TRUE,TRUE,TRUE,FALSE,FALSE,Yes,Yes,TRUE,FALSE,FALSE,FALSE,FALSE,FALSE,No,FALSE,FALSE,FALSE,TRUE,FALSE,100%,Base Drum,FALSE,FALSE,1,FALSE,17
,Smooth Stone Slab,smooth_stone_slab,Classic 0.26 Survival Test,42,FALSE,FALSE,FALSE,Yes,Yes,TRUE,TRUE,TRUE,FALSE,Depends,Depends,Depends,TRUE,0,6,2,Pickaxe,0,FALSE,TRUE,TRUE,FALSE,Yes,FALSE,TRUE,TRUE,TRUE,TRUE,FALSE,FALSE,Depends,Depends,TRUE,FALSE,FALSE,FALSE,FALSE,FALSE,Directional,FALSE,TRUE,TRUE,TRUE,FALSE,100%,Base Drum,FALSE,FALSE,2,TRUE,18
,Stone Bricks,stone_bricks,Beta 1.8 Pre-Release,120,FALSE,FALSE,FALSE,Yes,Yes,TRUE,TRUE,TRUE,FALSE,Yes,No,Yes,FALSE,0,6,1.5,Pickaxe,0,FALSE,TRUE,TRUE,TRUE,No,FALSE,TRUE,TRUE,TRUE,TRUE,FALSE,FALSE,Yes,Yes,TRUE,FALSE,FALSE,FALSE,FALSE,FALSE,No,FALSE,FALSE,FALSE,TRUE,FALSE,100%,Base Drum,FALSE,FALSE,1,FALSE,19
,Stone Brick Slab,stone_brick_slab,Beta 1.8 Pre-Release,121,FALSE,FALSE,FALSE,Yes,Yes,TRUE,TRUE,TRUE,FALSE,Depends,Depends,Depends,TRUE,0,6,2,Pickaxe,0,FALSE,TRUE,TRUE,FALSE,Yes,FALSE,TRUE,TRUE,TRUE,TRUE,FALSE,FALSE,Depends,Depends,TRUE,FALSE,FALSE,FALSE,FALSE,FALSE,Directional,FALSE,TRUE,TRUE,TRUE,FALSE,100%,Base Drum,FALSE,FALSE,2,TRUE,20
,Stone Brick Stairs,stone_brick_stairs,Beta 1.8 Pre-Release,122,FALSE,FALSE,FALSE,Yes,Yes,TRUE,TRUE,TRUE,FALSE,Depends,Depends,Depends,TRUE,0,6,1.5,Pickaxe,0,FALSE,TRUE,TRUE,TRUE,Yes,FALSE,TRUE,FALSE,TRUE,FALSE,FALSE,FALSE,No,No,FALSE,FALSE,FALSE,FALSE,FALSE,FALSE,Directional,FALSE,TRUE,TRUE,TRUE,FALSE,100%,Base Drum,FALSE,FALSE,8,TRUE,21
,Stone Brick Wall,stone_brick_wall,1.14 18w43a,605,FALSE,FALSE,FALSE,Yes,Yes,TRUE,TRUE,TRUE,FALSE,No,No,No,TRUE,0,6,1.5,Pickaxe,0,FALSE,TRUE,TRUE,TRUE,Yes,FALSE,TRUE,FALSE,TRUE,FALSE,FALSE,FALSE,No,No,FALSE,FALSE,FALSE,FALSE,FALSE,FALSE,Fully,FALSE,TRUE,TRUE,TRUE,FALSE,100%,Base Drum,FALSE,FALSE,1,TRUE,22
,Infested Stone Bricks,infested_stone_bricks,Beta 1.8 Pre-Release,123,FALSE,FALSE,FALSE,Yes,Yes,TRUE,TRUE,TRUE,FALSE,Yes,No,Yes,FALSE,0,0.75,0.75,Pickaxe,0,FALSE,FALSE,TRUE,TRUE,No,FALSE,TRUE,TRUE,TRUE,TRUE,FALSE,FALSE,Yes,Yes,TRUE,FALSE,FALSE,FALSE,FALSE,FALSE,No,FALSE,FALSE,FALSE,TRUE,FALSE,100%,Harp,FALSE,FALSE,1,FALSE,23
,Cracked Stone Bricks,cracked_stone_bricks,Beta 1.8 Pre-Release,124,FALSE,FALSE,FALSE,Yes,Yes,TRUE,TRUE,TRUE,FALSE,Yes,No,Yes,FALSE,0,6,1.5,Pickaxe,0,FALSE,TRUE,TRUE,TRUE,No,FALSE,TRUE,TRUE,TRUE,TRUE,FALSE,FALSE,Yes,Yes,TRUE,FALSE,FALSE,FALSE,FALSE,FALSE,No,FALSE,FALSE,FALSE,TRUE,FALSE,100%,Base Drum,FALSE,FALSE,1,FALSE,24
,Infested Cracked Stone Bricks,infested_cracked_stone_bricks,1.7.2 13w36a,272,FALSE,FALSE,FALSE,Yes,Yes,TRUE,TRUE,TRUE,FALSE,Yes,No,Yes,FALSE,0,0.75,0.75,Pickaxe,0,FALSE,FALSE,FALSE,TRUE,No,FALSE,TRUE,TRUE,TRUE,TRUE,FALSE,FALSE,Yes,Yes,TRUE,FALSE,FALSE,FALSE,FALSE,FALSE,No,FALSE,FALSE,FALSE,TRUE,FALSE,100%,Harp,FALSE,FALSE,1,FALSE,25
,Chiseled Stone Bricks,chiseled_stone_bricks,1.2,154,FALSE,FALSE,FALSE,Yes,Yes,TRUE,TRUE,TRUE,FALSE,Yes,No,Yes,FALSE,0,6,1.5,Pickaxe,0,FALSE,TRUE,TRUE,TRUE,No,FALSE,TRUE,TRUE,TRUE,TRUE,FALSE,FALSE,Yes,Yes,TRUE,FALSE,FALSE,FALSE,FALSE,FALSE,No,FALSE,FALSE,FALSE,TRUE,FALSE,100%,Base Drum,FALSE,FALSE,1,FALSE,26
,Infested Chiseled Stone Bricks,infested_chiseled_stone_bricks,1.7.2 13w36a,273,FALSE,FALSE,FALSE,Yes,Yes,TRUE,TRUE,TRUE,FALSE,Yes,No,Yes,FALSE,0,0.75,0.75,Pickaxe,0,FALSE,FALSE,FALSE,TRUE,No,FALSE,TRUE,TRUE,TRUE,TRUE,FALSE,FALSE,Yes,Yes,TRUE,FALSE,FALSE,FALSE,FALSE,FALSE,No,FALSE,FALSE,FALSE,TRUE,FALSE,100%,Harp,FALSE,FALSE,1,FALSE,27
,Mossy Stone Bricks,mossy_stone_bricks,Beta 1.8 Pre-Release,125,FALSE,FALSE,FALSE,Yes,Yes,TRUE,TRUE,TRUE,FALSE,Yes,No,Yes,FALSE,0,6,1.5,Pickaxe,0,FALSE,TRUE,TRUE,TRUE,No,FALSE,TRUE,TRUE,TRUE,TRUE,FALSE,FALSE,Yes,Yes,TRUE,FALSE,FALSE,FALSE,FALSE,FALSE,No,FALSE,FALSE,FALSE,TRUE,FALSE,100%,Base Drum,FALSE,FALSE,1,FALSE,28
,Mossy Stone Brick Slab,mossy_stone_brick_slab,1.14 18w43a,606,FALSE,FALSE,FALSE,Yes,Yes,TRUE,TRUE,TRUE,FALSE,Depends,Depends,Depends,TRUE,0,6,1.5,Pickaxe,0,FALSE,TRUE,TRUE,TRUE,Yes,FALSE,TRUE,TRUE,TRUE,TRUE,FALSE,FALSE,Depends,Depends,TRUE,FALSE,FALSE,FALSE,FALSE,FALSE,Directional,FALSE,TRUE,TRUE,TRUE,FALSE,100%,Base Drum,FALSE,FALSE,2,TRUE,29
,Mossy Stone Brick Stair,mossy_stone_brick_stairs,1.14 18w43a,607,FALSE,FALSE,FALSE,Yes,Yes,TRUE,TRUE,TRUE,FALSE,Depends,Depends,Depends,TRUE,0,6,1.5,Pickaxe,0,FALSE,TRUE,TRUE,TRUE,Yes,FALSE,TRUE,FALSE,TRUE,FALSE,FALSE,FALSE,No,No,FALSE,FALSE,FALSE,FALSE,FALSE,FALSE,Directional,FALSE,TRUE,TRUE,TRUE,FALSE,100%,Base Drum,FALSE,FALSE,8,TRUE,30
,Mossy Stone Brick Wall,mossy_stone_brick_wall,1.14 18w43a,608,FALSE,FALSE,FALSE,Yes,Yes,TRUE,TRUE,TRUE,FALSE,No,No,No,TRUE,0,6,1.5,Pickaxe,0,FALSE,TRUE,TRUE,TRUE,Yes,FALSE,TRUE,FALSE,TRUE,FALSE,FALSE,FALSE,No,No,FALSE,FALSE,FALSE,FALSE,FALSE,FALSE,Fully,FALSE,TRUE,TRUE,TRUE,FALSE,100%,Base Drum,FALSE,FALSE,1,TRUE,31
,Infested Mossy Stone Bricks,infested_mossy_stone_bricks,1.7.2 13w36a,274,FALSE,FALSE,FALSE,Yes,Yes,TRUE,TRUE,TRUE,FALSE,Yes,No,Yes,FALSE,0,0.75,0.75,Pickaxe,0,FALSE,FALSE,FALSE,TRUE,No,FALSE,TRUE,TRUE,TRUE,TRUE,FALSE,FALSE,Yes,Yes,TRUE,FALSE,FALSE,FALSE,FALSE,FALSE,No,FALSE,FALSE,FALSE,TRUE,FALSE,100%,Harp,FALSE,FALSE,1,FALSE,32
,Stone Pressure Plate,stone_pressure_plate,Alpha v1.0.1,65,FALSE,FALSE,FALSE,Yes,Yes,TRUE,TRUE,TRUE,FALSE,No,No,No,FALSE,0,0.5,0.5,Pickaxe,0,TRUE,TRUE,TRUE,TRUE,No,FALSE,FALSE,FALSE,TRUE,FALSE,FALSE,TRUE,No,No,FALSE,FALSE,TRUE,TRUE,FALSE,FALSE,Fully,FALSE,TRUE,TRUE,TRUE,FALSE,N/A,Base Drum,FALSE,FALSE,1,TRUE,33
,Stone Button,stone_button,Alpha v1.0.1,66,FALSE,FALSE,FALSE,Yes,Yes,TRUE,TRUE,TRUE,FALSE,No,No,No,FALSE,0,0.5,0.5,Pickaxe,0,TRUE,TRUE,TRUE,TRUE,No,TRUE,FALSE,FALSE,TRUE,FALSE,FALSE,TRUE,No,No,FALSE,FALSE,TRUE,TRUE,FALSE,FALSE,Fully,FALSE,TRUE,TRUE,FALSE,FALSE,N/A,Harp,FALSE,FALSE,12,TRUE,34
,Deepslate,deepslate,1.17 21w07a,859,FALSE,FALSE,FALSE,No,No,FALSE,TRUE,TRUE,FALSE,Yes,No,Yes,FALSE,0,6,3,Pickaxe,0,FALSE,FALSE,TRUE,FALSE,No,FALSE,TRUE,TRUE,TRUE,TRUE,FALSE,FALSE,Yes,Yes,TRUE,FALSE,FALSE,FALSE,FALSE,FALSE,No,FALSE,FALSE,FALSE,TRUE,FALSE,100%,Base Drum,FALSE,FALSE,3,TRUE,35
,Infested Deepslate,infested_deepslate,1.17 21w08a,876,FALSE,FALSE,FALSE,No,No,FALSE,TRUE,TRUE,FALSE,Yes,No,Yes,FALSE,0,0.75,1.5,Pickaxe,0,FALSE,FALSE,FALSE,TRUE,No,FALSE,TRUE,TRUE,TRUE,TRUE,FALSE,FALSE,Yes,Yes,TRUE,FALSE,FALSE,FALSE,FALSE,FALSE,No,FALSE,FALSE,FALSE,TRUE,FALSE,100%,Harp,FALSE,FALSE,3,TRUE,36
,Cobbled Deepslate,cobbled_deepslate,1.17 21w07a,860,FALSE,FALSE,FALSE,No,No,FALSE,TRUE,TRUE,FALSE,Yes,No,Yes,FALSE,0,6,3.5,Pickaxe,0,FALSE,TRUE,TRUE,FALSE,No,FALSE,TRUE,TRUE,TRUE,TRUE,FALSE,FALSE,Yes,Yes,TRUE,FALSE,FALSE,FALSE,FALSE,FALSE,No,FALSE,FALSE,FALSE,TRUE,FALSE,100%,Base Drum,FALSE,FALSE,1,FALSE,37
,Cobbled Deepslate Slab,cobbled_deepslate_slab,1.17 21w07a,861,FALSE,FALSE,FALSE,No,No,FALSE,TRUE,TRUE,FALSE,Depends,Depends,Depends,TRUE,0,6,3.5,Pickaxe,0,FALSE,TRUE,TRUE,FALSE,Yes,FALSE,TRUE,TRUE,TRUE,TRUE,FALSE,FALSE,Depends,Depends,TRUE,FALSE,FALSE,FALSE,FALSE,FALSE,Directional,FALSE,TRUE,TRUE,TRUE,FALSE,100%,Base Drum,FALSE,FALSE,2,TRUE,38
,Cobbled Deepslate Stairs,cobbled_deepslate_stairs,1.17 21w07a,862,FALSE,FALSE,FALSE,No,No,FALSE,TRUE,TRUE,FALSE,Depends,Depends,Depends,TRUE,0,6,3.5,Pickaxe,0,FALSE,TRUE,TRUE,FALSE,Yes,FALSE,TRUE,FALSE,TRUE,FALSE,FALSE,FALSE,No,No,FALSE,FALSE,FALSE,FALSE,FALSE,FALSE,Directional,FALSE,TRUE,TRUE,TRUE,FALSE,100%,Base Drum,FALSE,FALSE,8,TRUE,39
,Cobbled Deepslate Wall,cobbled_deepslate_wall,1.17 21w10a,883,FALSE,FALSE,FALSE,No,No,FALSE,TRUE,TRUE,FALSE,No,No,No,TRUE,0,6,3.5,Pickaxe,0,FALSE,TRUE,TRUE,FALSE,Yes,FALSE,TRUE,FALSE,TRUE,FALSE,FALSE,FALSE,No,No,FALSE,FALSE,FALSE,FALSE,FALSE,FALSE,Fully,FALSE,TRUE,TRUE,TRUE,FALSE,100%,Base Drum,FALSE,FALSE,1,TRUE,40
,Polished Deepslate,polished_deepslate,1.17 21w07a,863,FALSE,FALSE,FALSE,No,No,FALSE,TRUE,TRUE,FALSE,Yes,No,Yes,FALSE,0,6,3.5,Pickaxe,0,FALSE,TRUE,TRUE,FALSE,No,FALSE,TRUE,TRUE,TRUE,TRUE,FALSE,FALSE,Yes,Yes,TRUE,FALSE,FALSE,FALSE,FALSE,FALSE,No,FALSE,FALSE,FALSE,TRUE,FALSE,100%,Base Drum,FALSE,FALSE,1,FALSE,41
,Polished Deepslate Slab,polished_deepslate_slab,1.17 21w07a,864,FALSE,FALSE,FALSE,No,No,FALSE,TRUE,TRUE,FALSE,Depends,Depends,Depends,TRUE,0,6,3.5,Pickaxe,0,FALSE,TRUE,TRUE,FALSE,Yes,FALSE,TRUE,TRUE,TRUE,TRUE,FALSE,FALSE,Depends,Depends,TRUE,FALSE,FALSE,FALSE,FALSE,FALSE,Directional,FALSE,TRUE,TRUE,TRUE,FALSE,100%,Base Drum,FALSE,FALSE,2,TRUE,42
,Polished Deepslate Stairs,polished_deepslate_stairs,1.17 21w07a,865,FALSE,FALSE,FALSE,No,No,FALSE,TRUE,TRUE,FALSE,Depends,Depends,Depends,TRUE,0,6,3.5,Pickaxe,0,FALSE,TRUE,TRUE,FALSE,Yes,FALSE,TRUE,FALSE,TRUE,FALSE,FALSE,FALSE,No,No,FALSE,FALSE,FALSE,FALSE,FALSE,FALSE,Directional,FALSE,TRUE,TRUE,TRUE,FALSE,100%,Base Drum,FALSE,FALSE,8,TRUE,43
,Polished Deepslate Wall,polished_deepslate_wall,1.17 21w07a,866,FALSE,FALSE,FALSE,No,No,FALSE,TRUE,TRUE,FALSE,No,No,No,TRUE,0,6,3.5,Pickaxe,0,FALSE,TRUE,TRUE,FALSE,Yes,FALSE,TRUE,FALSE,TRUE,FALSE,FALSE,FALSE,No,No,FALSE,FALSE,FALSE,FALSE,FALSE,FALSE,Fully,FALSE,TRUE,TRUE,TRUE,FALSE,100%,Base Drum,FALSE,FALSE,1,TRUE,44
,Deepslate Bricks,deepslate_bricks,1.17 21w07a,867,FALSE,FALSE,FALSE,No,No,FALSE,TRUE,TRUE,FALSE,Yes,No,Yes,FALSE,0,6,3.5,Pickaxe,0,FALSE,TRUE,TRUE,FALSE,No,FALSE,TRUE,TRUE,TRUE,TRUE,FALSE,FALSE,Yes,Yes,TRUE,FALSE,FALSE,FALSE,FALSE,FALSE,No,FALSE,FALSE,FALSE,TRUE,FALSE,100%,Base Drum,FALSE,FALSE,1,FALSE,45
,Deepslate Brick Slab,deepslate_brick_slab,1.17 21w07a,868,FALSE,FALSE,FALSE,No,No,FALSE,TRUE,TRUE,FALSE,Depends,Depends,Depends,TRUE,0,6,3.5,Pickaxe,0,FALSE,TRUE,TRUE,FALSE,Yes,FALSE,TRUE,TRUE,TRUE,TRUE,FALSE,FALSE,Depends,Depends,TRUE,FALSE,FALSE,FALSE,FALSE,FALSE,Directional,FALSE,TRUE,TRUE,TRUE,FALSE,100%,Base Drum,FALSE,FALSE,2,TRUE,46
,Deepslate Brick Stairs,deepslate_brick_stairs,1.17 21w07a,869,FALSE,FALSE,FALSE,No,No,FALSE,TRUE,TRUE,FALSE,Depends,Depends,Depends,TRUE,0,6,3.5,Pickaxe,0,FALSE,TRUE,TRUE,FALSE,Yes,FALSE,TRUE,FALSE,TRUE,FALSE,FALSE,FALSE,No,No,FALSE,FALSE,FALSE,FALSE,FALSE,FALSE,Directional,FALSE,TRUE,TRUE,TRUE,FALSE,100%,Base Drum,FALSE,FALSE,8,TRUE,47
,Deepslate Brick Wall,deepslate_brick_wall,1.17 21w07a,870,FALSE,FALSE,FALSE,No,No,FALSE,TRUE,TRUE,FALSE,No,No,No,TRUE,0,6,3.5,Pickaxe,0,FALSE,TRUE,TRUE,FALSE,Yes,FALSE,TRUE,FALSE,TRUE,FALSE,FALSE,FALSE,No,No,FALSE,FALSE,FALSE,FALSE,FALSE,FALSE,Fully,FALSE,TRUE,TRUE,TRUE,FALSE,100%,Base Drum,FALSE,FALSE,1,TRUE,48
,Cracked Deepslate Bricks,cracked_deepslate_bricks,1.17 21w10a,884,FALSE,FALSE,FALSE,No,No,FALSE,TRUE,TRUE,FALSE,Yes,No,Yes,FALSE,0,6,3.5,Pickaxe,0,FALSE,TRUE,TRUE,FALSE,No,FALSE,TRUE,TRUE,TRUE,TRUE,FALSE,FALSE,Yes,Yes,TRUE,FALSE,FALSE,FALSE,FALSE,FALSE,No,FALSE,FALSE,FALSE,TRUE,FALSE,100%,Base Drum,FALSE,FALSE,1,FALSE,49
,Deepslate Tiles,deepslate_tiles,1.17 21w07a,871,FALSE,FALSE,FALSE,No,No,FALSE,TRUE,TRUE,FALSE,Yes,No,Yes,FALSE,0,6,3.5,Pickaxe,0,FALSE,TRUE,TRUE,FALSE,No,FALSE,TRUE,TRUE,TRUE,TRUE,FALSE,FALSE,Yes,Yes,TRUE,FALSE,FALSE,FALSE,FALSE,FALSE,No,FALSE,FALSE,FALSE,TRUE,FALSE,100%,Base Drum,FALSE,FALSE,1,FALSE,50
,Deepslate Tile Slab,deepslate_tile_slab,1.17 21w07a,872,FALSE,FALSE,FALSE,No,No,FALSE,TRUE,TRUE,FALSE,Depends,Depends,Depends,TRUE,0,6,3.5,Pickaxe,0,FALSE,TRUE,TRUE,FALSE,Yes,FALSE,TRUE,TRUE,TRUE,TRUE,FALSE,FALSE,Depends,Depends,TRUE,FALSE,FALSE,FALSE,FALSE,FALSE,Directional,FALSE,TRUE,TRUE,TRUE,FALSE,100%,Base Drum,FALSE,FALSE,2,TRUE,51
,Deepslate Tile Stairs,deepslate_tile_stairs,1.17 21w07a,873,FALSE,FALSE,FALSE,No,No,FALSE,TRUE,TRUE,FALSE,Depends,Depends,Depends,TRUE,0,6,3.5,Pickaxe,0,FALSE,TRUE,TRUE,FALSE,Yes,FALSE,TRUE,FALSE,TRUE,FALSE,FALSE,FALSE,No,No,FALSE,FALSE,FALSE,FALSE,FALSE,FALSE,Directional,FALSE,TRUE,TRUE,TRUE,FALSE,100%,Base Drum,FALSE,FALSE,8,TRUE,52
,Deepslate Tile Wall,deepslate_tile_wall,1.17 21w07a,874,FALSE,FALSE,FALSE,No,No,FALSE,TRUE,TRUE,FALSE,No,No,No,TRUE,0,6,3.5,Pickaxe,0,FALSE,TRUE,TRUE,FALSE,Yes,FALSE,TRUE,FALSE,TRUE,FALSE,FALSE,FALSE,No,No,FALSE,FALSE,FALSE,FALSE,FALSE,FALSE,Fully,FALSE,TRUE,TRUE,TRUE,FALSE,100%,Base Drum,FALSE,FALSE,1,TRUE,53
,Cracked Deepslate Tiles,cracked_deepslate_tiles,1.17 21w10a,885,FALSE,FALSE,FALSE,No,No,FALSE,TRUE,TRUE,FALSE,Yes,No,Yes,FALSE,0,6,3.5,Pickaxe,0,FALSE,TRUE,TRUE,FALSE,No,FALSE,TRUE,TRUE,TRUE,TRUE,FALSE,FALSE,Yes,Yes,TRUE,FALSE,FALSE,FALSE,FALSE,FALSE,No,FALSE,FALSE,FALSE,TRUE,FALSE,100%,Base Drum,FALSE,FALSE,1,FALSE,54
,Chiseled Deepslate,chiseled_deepslate,1.17 21w07a,875,FALSE,FALSE,FALSE,No,No,FALSE,TRUE,TRUE,FALSE,Yes,No,Yes,FALSE,0,6,3.5,Pickaxe,0,FALSE,TRUE,TRUE,FALSE,No,FALSE,TRUE,TRUE,TRUE,TRUE,FALSE,FALSE,Yes,Yes,TRUE,FALSE,FALSE,FALSE,FALSE,FALSE,No,FALSE,FALSE,FALSE,TRUE,FALSE,100%,Base Drum,FALSE,FALSE,1,FALSE,55
,Reinforced Deepslate,reinforced_deepslate,1.19 Experimental Snapshot 1,899,FALSE,FALSE,FALSE,No,No,FALSE,TRUE,TRUE,FALSE,Yes,No,Yes,FALSE,0,1200,55,Pickaxe,0,FALSE,FALSE,FALSE,FALSE,No,FALSE,TRUE,TRUE,TRUE,TRUE,TRUE,FALSE,Yes,Yes,TRUE,FALSE,FALSE,FALSE,FALSE,FALSE,No,FALSE,FALSE,FALSE,TRUE,FALSE,100%,Base Drum,FALSE,FALSE,1,FALSE,56
,Bedrock,bedrock,Classic 0.0.12a,8,FALSE,FALSE,FALSE,Yes,No,FALSE,TRUE,TRUE,FALSE,No,No,Yes,FALSE,0,3600000,-1,None,0,FALSE,FALSE,FALSE,FALSE,No,FALSE,TRUE,TRUE,TRUE,TRUE,TRUE,FALSE,Yes,Yes,TRUE,FALSE,FALSE,FALSE,FALSE,FALSE,No,FALSE,TRUE,FALSE,TRUE,FALSE,100%,Base Drum,FALSE,FALSE,1,FALSE,57
,Diorite,diorite,1.8 14w02a,344,FALSE,FALSE,FALSE,Yes,Yes,TRUE,TRUE,TRUE,FALSE,Yes,No,Yes,FALSE,0,6,1.5,Pickaxe,0,FALSE,TRUE,TRUE,TRUE,No,FALSE,TRUE,TRUE,TRUE,TRUE,FALSE,FALSE,Yes,Yes,TRUE,FALSE,FALSE,FALSE,FALSE,FALSE,No,FALSE,FALSE,FALSE,TRUE,FALSE,100%,Base Drum,FALSE,FALSE,1,FALSE,58
,Diorite Slab,diorite_slab,1.14 18w43a,609,FALSE,FALSE,FALSE,Yes,Yes,TRUE,TRUE,TRUE,FALSE,Depends,Depends,Depends,TRUE,0,6,1.5,Pickaxe,0,FALSE,TRUE,TRUE,TRUE,Yes,FALSE,TRUE,TRUE,TRUE,TRUE,FALSE,FALSE,Depends,Depends,TRUE,FALSE,FALSE,FALSE,FALSE,FALSE,Directional,FALSE,TRUE,TRUE,TRUE,FALSE,100%,Base Drum,FALSE,FALSE,2,TRUE,59
,Diorite Stairs,diorite_stairs,1.14 18w43a,610,FALSE,FALSE,FALSE,Yes,Yes,TRUE,TRUE,TRUE,FALSE,Depends,Depends,Depends,TRUE,0,6,1.5,Pickaxe,0,FALSE,TRUE,TRUE,TRUE,Yes,FALSE,TRUE,FALSE,TRUE,FALSE,FALSE,FALSE,No,No,FALSE,FALSE,FALSE,FALSE,FALSE,FALSE,Directional,FALSE,TRUE,TRUE,TRUE,FALSE,100%,Base Drum,FALSE,FALSE,8,TRUE,60
,Diorite Wall,diorite_wall,1.14 18w43a,611,FALSE,FALSE,FALSE,Yes,Yes,TRUE,TRUE,TRUE,FALSE,No,No,No,TRUE,0,6,1.5,Pickaxe,0,FALSE,TRUE,TRUE,TRUE,Yes,FALSE,TRUE,FALSE,TRUE,FALSE,FALSE,FALSE,No,No,FALSE,FALSE,FALSE,FALSE,FALSE,FALSE,Fully,FALSE,TRUE,TRUE,TRUE,FALSE,100%,Base Drum,FALSE,FALSE,1,TRUE,61
,Polished Diorite,polished_diorite,1.8 14w02a,345,FALSE,FALSE,FALSE,Yes,Yes,TRUE,TRUE,TRUE,FALSE,Yes,No,Yes,FALSE,0,6,1.5,Pickaxe,0,FALSE,TRUE,TRUE,TRUE,No,FALSE,TRUE,TRUE,TRUE,TRUE,FALSE,FALSE,Yes,Yes,TRUE,FALSE,FALSE,FALSE,FALSE,FALSE,No,FALSE,FALSE,FALSE,TRUE,FALSE,100%,Base Drum,FALSE,FALSE,1,FALSE,62
,Polished Diorite Slab,polished_diorite_slab,1.14 18w43a,612,FALSE,FALSE,FALSE,Yes,Yes,TRUE,TRUE,TRUE,FALSE,Depends,Depends,Depends,TRUE,0,6,1.5,Pickaxe,0,FALSE,TRUE,TRUE,TRUE,Yes,FALSE,TRUE,TRUE,TRUE,TRUE,FALSE,FALSE,Depends,Depends,TRUE,FALSE,FALSE,FALSE,FALSE,FALSE,Directional,FALSE,TRUE,TRUE,TRUE,FALSE,100%,Base Drum,FALSE,FALSE,2,TRUE,63
,Polished Diorite Stairs,polished_diorite_stairs,1.14 18w43a,613,FALSE,FALSE,FALSE,Yes,Yes,TRUE,TRUE,TRUE,FALSE,Depends,Depends,Depends,TRUE,0,6,1.5,Pickaxe,0,FALSE,TRUE,TRUE,TRUE,Yes,FALSE,TRUE,FALSE,TRUE,FALSE,FALSE,FALSE,No,No,FALSE,FALSE,FALSE,FALSE,FALSE,FALSE,Directional,FALSE,TRUE,TRUE,TRUE,FALSE,100%,Base Drum,FALSE,FALSE,8,TRUE,64
,Andesite,andesite,1.8 14w02a,346,FALSE,FALSE,FALSE,Yes,Yes,TRUE,TRUE,TRUE,FALSE,Yes,No,Yes,FALSE,0,6,1.5,Pickaxe,0,FALSE,TRUE,TRUE,TRUE,No,FALSE,TRUE,TRUE,TRUE,TRUE,FALSE,FALSE,Yes,Yes,TRUE,FALSE,FALSE,FALSE,FALSE,FALSE,No,FALSE,FALSE,FALSE,TRUE,FALSE,100%,Base Drum,FALSE,FALSE,1,FALSE,65
,Andesite Slab,andesite_slab,1.14 18w43a,614,FALSE,FALSE,FALSE,Yes,Yes,TRUE,TRUE,TRUE,FALSE,Depends,Depends,Depends,TRUE,0,6,1.5,Pickaxe,0,FALSE,TRUE,TRUE,TRUE,Yes,FALSE,TRUE,TRUE,TRUE,TRUE,FALSE,FALSE,Depends,Depends,TRUE,FALSE,FALSE,FALSE,FALSE,FALSE,Directional,FALSE,TRUE,TRUE,TRUE,FALSE,100%,Base Drum,FALSE,FALSE,2,TRUE,66
,Andesite Stairs,andesite_stairs,1.14 18w43a,615,FALSE,FALSE,FALSE,Yes,Yes,TRUE,TRUE,TRUE,FALSE,Depends,Depends,Depends,TRUE,0,6,1.5,Pickaxe,0,FALSE,TRUE,TRUE,TRUE,Yes,FALSE,TRUE,FALSE,TRUE,FALSE,FALSE,FALSE,No,No,FALSE,FALSE,FALSE,FALSE,FALSE,FALSE,Directional,FALSE,TRUE,TRUE,TRUE,FALSE,100%,Base Drum,FALSE,FALSE,8,TRUE,67
,Andesite Wall,andesite_wall,1.14 18w43a,616,FALSE,FALSE,FALSE,Yes,Yes,TRUE,TRUE,TRUE,FALSE,No,No,No,TRUE,0,6,1.5,Pickaxe,0,FALSE,TRUE,TRUE,TRUE,Yes,FALSE,TRUE,FALSE,TRUE,FALSE,FALSE,FALSE,No,No,FALSE,FALSE,FALSE,FALSE,FALSE,FALSE,Fully,FALSE,TRUE,TRUE,TRUE,FALSE,100%,Base Drum,FALSE,FALSE,1,TRUE,68
,Polished Andesite,polished_andesite,1.8 14w02a,347,FALSE,FALSE,FALSE,Yes,Yes,TRUE,TRUE,TRUE,FALSE,Yes,No,Yes,FALSE,0,6,1.5,Pickaxe,0,FALSE,TRUE,TRUE,TRUE,No,FALSE,TRUE,TRUE,TRUE,TRUE,FALSE,FALSE,Yes,Yes,TRUE,FALSE,FALSE,FALSE,FALSE,FALSE,No,FALSE,FALSE,FALSE,TRUE,FALSE,100%,Base Drum,FALSE,FALSE,1,FALSE,69
,Polished Andesite Slab,polished_andesite_slab,1.14 18w43a,617,FALSE,FALSE,FALSE,Yes,Yes,TRUE,TRUE,TRUE,FALSE,Depends,Depends,Depends,TRUE,0,6,1.5,Pickaxe,0,FALSE,TRUE,TRUE,TRUE,Yes,FALSE,TRUE,TRUE,TRUE,TRUE,FALSE,FALSE,Depends,Depends,TRUE,FALSE,FALSE,FALSE,FALSE,FALSE,Directional,FALSE,TRUE,TRUE,TRUE,FALSE,100%,Base Drum,FALSE,FALSE,2,TRUE,70
,Polished Andesite Stairs,polished_andesite_stairs,1.14 18w43a,618,FALSE,FALSE,FALSE,Yes,Yes,TRUE,TRUE,TRUE,FALSE,Depends,Depends,Depends,TRUE,0,6,1.5,Pickaxe,0,FALSE,TRUE,TRUE,TRUE,Yes,FALSE,TRUE,FALSE,TRUE,FALSE,FALSE,FALSE,No,No,FALSE,FALSE,FALSE,FALSE,FALSE,FALSE,Directional,FALSE,TRUE,TRUE,TRUE,FALSE,100%,Base Drum,FALSE,FALSE,8,TRUE,71
,Granite,granite,1.8 14w02a,348,FALSE,FALSE,FALSE,Yes,Yes,TRUE,TRUE,TRUE,FALSE,Yes,No,Yes,FALSE,0,6,1.5,Pickaxe,0,FALSE,TRUE,TRUE,TRUE,No,FALSE,TRUE,TRUE,TRUE,TRUE,FALSE,FALSE,Yes,Yes,TRUE,FALSE,FALSE,FALSE,FALSE,FALSE,No,FALSE,FALSE,FALSE,TRUE,FALSE,100%,Base Drum,FALSE,FALSE,1,FALSE,72
,Granite Slab,granite_slab,1.14 18w43a,619,FALSE,FALSE,FALSE,Yes,Yes,TRUE,TRUE,TRUE,FALSE,Depends,Depends,Depends,TRUE,0,6,1.5,Pickaxe,0,FALSE,TRUE,TRUE,TRUE,Yes,FALSE,TRUE,TRUE,TRUE,TRUE,FALSE,FALSE,Depends,Depends,TRUE,FALSE,FALSE,FALSE,FALSE,FALSE,Directional,FALSE,TRUE,TRUE,TRUE,FALSE,100%,Base Drum,FALSE,FALSE,2,TRUE,73
,Granite Stairs,granite_stairs,1.14 18w43a,620,FALSE,FALSE,FALSE,Yes,Yes,TRUE,TRUE,TRUE,FALSE,Depends,Depends,Depends,TRUE,0,6,1.5,Pickaxe,0,FALSE,TRUE,TRUE,TRUE,Yes,FALSE,TRUE,FALSE,TRUE,FALSE,FALSE,FALSE,No,No,FALSE,FALSE,FALSE,FALSE,FALSE,FALSE,Directional,FALSE,TRUE,TRUE,TRUE,FALSE,100%,Base Drum,FALSE,FALSE,8,TRUE,74
,Granite Wall,granite_wall,1.14 18w43a,621,FALSE,FALSE,FALSE,Yes,Yes,TRUE,TRUE,TRUE,FALSE,No,No,No,TRUE,0,6,1.5,Pickaxe,0,FALSE,TRUE,TRUE,TRUE,Yes,FALSE,TRUE,FALSE,TRUE,FALSE,FALSE,FALSE,No,No,FALSE,FALSE,FALSE,FALSE,FALSE,FALSE,Fully,FALSE,TRUE,TRUE,TRUE,FALSE,100%,Base Drum,FALSE,FALSE,1,TRUE,75
,Polished Granite,polished_granite,1.8 14w02a,349,FALSE,FALSE,FALSE,Yes,Yes,TRUE,TRUE,TRUE,FALSE,Yes,No,Yes,FALSE,0,6,1.5,Pickaxe,0,FALSE,TRUE,TRUE,TRUE,No,FALSE,TRUE,TRUE,TRUE,TRUE,FALSE,FALSE,Yes,Yes,TRUE,FALSE,FALSE,FALSE,FALSE,FALSE,No,FALSE,FALSE,FALSE,TRUE,FALSE,100%,Base Drum,FALSE,FALSE,1,FALSE,76
,Polished Granite Slab,polished_granite_slab,1.14 18w43a,622,FALSE,FALSE,FALSE,Yes,Yes,TRUE,TRUE,TRUE,FALSE,Depends,Depends,Depends,TRUE,0,6,1.5,Pickaxe,0,FALSE,TRUE,TRUE,TRUE,Yes,FALSE,TRUE,TRUE,TRUE,TRUE,FALSE,FALSE,Depends,Depends,TRUE,FALSE,FALSE,FALSE,FALSE,FALSE,Directional,FALSE,TRUE,TRUE,TRUE,FALSE,100%,Base Drum,FALSE,FALSE,2,TRUE,77
,Polished Granite Stairs,polished_granite_stairs,1.14 18w43a,623,FALSE,FALSE,FALSE,Yes,Yes,TRUE,TRUE,TRUE,FALSE,Depends,Depends,Depends,TRUE,0,6,1.5,Pickaxe,0,FALSE,TRUE,TRUE,TRUE,Yes,FALSE,TRUE,FALSE,TRUE,FALSE,FALSE,FALSE,No,No,FALSE,FALSE,FALSE,FALSE,FALSE,FALSE,Directional,FALSE,TRUE,TRUE,TRUE,FALSE,100%,Base Drum,FALSE,FALSE,8,TRUE,78
,Tuff,tuff,1.17 20w45a,766,FALSE,FALSE,FALSE,No,No,FALSE,TRUE,TRUE,FALSE,Yes,No,Yes,FALSE,0,6,1.5,Pickaxe,0,FALSE,TRUE,TRUE,TRUE,No,FALSE,TRUE,TRUE,TRUE,TRUE,FALSE,FALSE,Yes,Yes,TRUE,FALSE,FALSE,FALSE,FALSE,FALSE,No,FALSE,FALSE,FALSE,TRUE,FALSE,100%,Base Drum,FALSE,FALSE,1,FALSE,79
,Tuff Slab,tuff_slab,1.21 Experimental 23w43a,1005,FALSE,FALSE,FALSE,No,No,FALSE,TRUE,TRUE,FALSE,Depends,Depends,Depends,FALSE,0,6,1.5,Pickaxe,0,FALSE,TRUE,TRUE,TRUE,Yes,FALSE,TRUE,TRUE,TRUE,TRUE,FALSE,FALSE,Depends,Depends,TRUE,FALSE,FALSE,FALSE,FALSE,FALSE,Directional,FALSE,TRUE,TRUE,TRUE,FALSE,100%,Base Drum,FALSE,FALSE,2,TRUE,80
,Tuff Stairs,tuff_stairs,1.21 Experimental 23w43a,1006,FALSE,FALSE,FALSE,No,No,FALSE,TRUE,TRUE,FALSE,Depends,Depends,Depends,FALSE,0,6,1.5,Pickaxe,0,FALSE,TRUE,TRUE,TRUE,Yes,FALSE,TRUE,FALSE,TRUE,FALSE,FALSE,FALSE,No,No,FALSE,FALSE,FALSE,FALSE,FALSE,FALSE,Directional,FALSE,TRUE,TRUE,TRUE,FALSE,100%,Base Drum,FALSE,FALSE,8,TRUE,81
,Tuff Wall,tuff_wall,1.21 Experimental 23w43a,1007,FALSE,FALSE,FALSE,No,No,FALSE,TRUE,TRUE,FALSE,No,No,No,FALSE,0,6,1.5,Pickaxe,0,FALSE,TRUE,TRUE,TRUE,Yes,FALSE,TRUE,FALSE,TRUE,FALSE,FALSE,FALSE,No,No,FALSE,FALSE,FALSE,FALSE,FALSE,FALSE,Fully,FALSE,TRUE,TRUE,TRUE,FALSE,100%,Base Drum,FALSE,FALSE,1,TRUE,82
,Chiseled Tuff,chiseled_tuff,1.21 Experimental 23w43a,1008,FALSE,FALSE,FALSE,No,No,FALSE,TRUE,TRUE,FALSE,Yes,No,Yes,FALSE,0,6,1.5,Pickaxe,0,FALSE,TRUE,TRUE,TRUE,No,FALSE,TRUE,TRUE,TRUE,TRUE,FALSE,FALSE,Yes,Yes,TRUE,FALSE,FALSE,FALSE,FALSE,FALSE,No,FALSE,FALSE,FALSE,TRUE,FALSE,100%,Base Drum,FALSE,FALSE,1,FALSE,83
,Polished Tuff,polished_tuff,1.21 Experimental 23w43a,1009,FALSE,FALSE,FALSE,No,No,FALSE,TRUE,TRUE,FALSE,Yes,No,Yes,FALSE,0,6,1.5,Pickaxe,0,FALSE,TRUE,TRUE,TRUE,No,FALSE,TRUE,TRUE,TRUE,TRUE,FALSE,FALSE,Yes,Yes,TRUE,FALSE,FALSE,FALSE,FALSE,FALSE,No,FALSE,FALSE,FALSE,TRUE,FALSE,100%,Base Drum,FALSE,FALSE,1,FALSE,84
,Polished Tuff Slab,polished_tuff_slab,1.21 Experimental 23w43a,1010,FALSE,FALSE,FALSE,No,No,FALSE,TRUE,TRUE,FALSE,Depends,Depends,Depends,FALSE,0,6,1.5,Pickaxe,0,FALSE,TRUE,TRUE,TRUE,Yes,FALSE,TRUE,TRUE,TRUE,TRUE,FALSE,FALSE,Depends,Depends,TRUE,FALSE,FALSE,FALSE,FALSE,FALSE,Directional,FALSE,TRUE,TRUE,TRUE,FALSE,100%,Base Drum,FALSE,FALSE,2,TRUE,85
,Polished Tuff Stairs,polished_tuff_stairs,1.21 Experimental 23w43a,1011,FALSE,FALSE,FALSE,No,No,FALSE,TRUE,TRUE,FALSE,Depends,Depends,Depends,FALSE,0,6,1.5,Pickaxe,0,FALSE,TRUE,TRUE,TRUE,Yes,FALSE,TRUE,FALSE,TRUE,FALSE,FALSE,FALSE,No,No,FALSE,FALSE,FALSE,FALSE,FALSE,FALSE,Directional,FALSE,TRUE,TRUE,TRUE,FALSE,100%,Base Drum,FALSE,FALSE,8,TRUE,86
,Polished Tuff Wall,polished_tuff_wall,1.21 Experimental 23w43a,1012,FALSE,FALSE,FALSE,No,No,FALSE,TRUE,TRUE,FALSE,No,No,No,FALSE,0,6,1.5,Pickaxe,0,FALSE,TRUE,TRUE,TRUE,Yes,FALSE,TRUE,FALSE,TRUE,FALSE,FALSE,FALSE,No,No,FALSE,FALSE,FALSE,FALSE,FALSE,FALSE,Fully,FALSE,TRUE,TRUE,TRUE,FALSE,100%,Base Drum,FALSE,FALSE,1,TRUE,87
,Tuff Bricks,tuff_bricks,1.21 Experimental 23w43a,1013,FALSE,FALSE,FALSE,No,No,FALSE,TRUE,TRUE,FALSE,Yes,No,Yes,FALSE,0,6,1.5,Pickaxe,0,FALSE,TRUE,TRUE,TRUE,No,FALSE,TRUE,TRUE,TRUE,TRUE,FALSE,FALSE,Yes,Yes,TRUE,FALSE,FALSE,FALSE,FALSE,FALSE,No,FALSE,FALSE,FALSE,TRUE,FALSE,100%,Base Drum,FALSE,FALSE,1,FALSE,88
,Tuff Brick Slab,tuff_brick_slab,1.21 Experimental 23w43a,1014,FALSE,FALSE,FALSE,No,No,FALSE,TRUE,TRUE,FALSE,Depends,Depends,Depends,FALSE,0,6,1.5,Pickaxe,0,FALSE,TRUE,TRUE,TRUE,Yes,FALSE,TRUE,TRUE,TRUE,TRUE,FALSE,FALSE,Depends,Depends,TRUE,FALSE,FALSE,FALSE,FALSE,FALSE,Directional,FALSE,TRUE,TRUE,TRUE,FALSE,100%,Base Drum,FALSE,FALSE,2,TRUE,89
,Tuff Brick Stairs,tuff_brick_stairs,1.21 Experimental 23w43a,1015,FALSE,FALSE,FALSE,No,No,FALSE,TRUE,TRUE,FALSE,Depends,Depends,Depends,FALSE,0,6,1.5,Pickaxe,0,FALSE,TRUE,TRUE,TRUE,Yes,FALSE,TRUE,FALSE,TRUE,FALSE,FALSE,FALSE,No,No,FALSE,FALSE,FALSE,FALSE,FALSE,FALSE,Directional,FALSE,TRUE,TRUE,TRUE,FALSE,100%,Base Drum,FALSE,FALSE,8,TRUE,90
,Tuff Brick Wall,tuff_brick_wall,1.21 Experimental 23w43a,1016,FALSE,FALSE,FALSE,No,No,FALSE,TRUE,TRUE,FALSE,No,No,No,FALSE,0,6,1.5,Pickaxe,0,FALSE,TRUE,TRUE,TRUE,Yes,FALSE,TRUE,FALSE,TRUE,FALSE,FALSE,FALSE,No,No,FALSE,FALSE,FALSE,FALSE,FALSE,FALSE,Fully,FALSE,TRUE,TRUE,TRUE,FALSE,100%,Base Drum,FALSE,FALSE,1,TRUE,91
,Chiseled Tuff Bricks,chiseled_bricks,1.21 Experimental 23w43a,1017,FALSE,FALSE,FALSE,No,No,FALSE,TRUE,TRUE,FALSE,Yes,No,Yes,FALSE,0,6,1.5,Pickaxe,0,FALSE,TRUE,TRUE,TRUE,No,FALSE,TRUE,TRUE,TRUE,TRUE,FALSE,FALSE,Yes,Yes,TRUE,FALSE,FALSE,FALSE,FALSE,FALSE,No,FALSE,FALSE,FALSE,TRUE,FALSE,100%,Base Drum,FALSE,FALSE,1,FALSE,92
,Calcite,calcite,1.17 20w45a,767,FALSE,FALSE,FALSE,No,No,FALSE,TRUE,TRUE,FALSE,Yes,No,Yes,FALSE,0,0.75,0.75,Pickaxe,0,FALSE,TRUE,TRUE,TRUE,No,FALSE,TRUE,TRUE,TRUE,TRUE,FALSE,FALSE,Yes,Yes,TRUE,FALSE,FALSE,FALSE,FALSE,FALSE,No,FALSE,FALSE,FALSE,TRUE,FALSE,100%,Base Drum,FALSE,FALSE,1,FALSE,93
,Dripstone Block,dripstone_block,1.17 20w48a,841,FALSE,FALSE,FALSE,Yes,Yes,TRUE,TRUE,TRUE,FALSE,Yes,No,Yes,FALSE,0,1,1.5,Pickaxe,0,FALSE,TRUE,TRUE,TRUE,No,FALSE,TRUE,TRUE,TRUE,TRUE,FALSE,FALSE,Yes,Yes,TRUE,FALSE,FALSE,FALSE,FALSE,FALSE,No,FALSE,FALSE,FALSE,TRUE,FALSE,100%,Base Drum,FALSE,FALSE,1,FALSE,94
,Pointed Dripstone,pointed_dripstone,1.17 20w48a,842,FALSE,FALSE,FALSE,Yes,Yes,FALSE,TRUE,TRUE,FALSE,No,No,No,TRUE,0,3,1.5,Pickaxe,0,TRUE,TRUE,TRUE,TRUE,Yes,FALSE,TRUE,FALSE,TRUE,FALSE,FALSE,TRUE,No,No,FALSE,TRUE,TRUE,TRUE,FALSE,FALSE,Fully,FALSE,TRUE,TRUE,TRUE,FALSE,200%,Base Drum,FALSE,FALSE,2,TRUE,95
,Dirt,dirt,Pre-Classic rd-20090515,5,FALSE,FALSE,FALSE,Yes,Yes,TRUE,TRUE,TRUE,FALSE,Yes,No,Yes,FALSE,0,0.5,0.5,Shovel,0,TRUE,TRUE,TRUE,TRUE,No,FALSE,TRUE,TRUE,TRUE,TRUE,FALSE,FALSE,Yes,Yes,TRUE,FALSE,FALSE,FALSE,FALSE,FALSE,No,FALSE,FALSE,FALSE,TRUE,FALSE,100%,Harp,FALSE,FALSE,1,FALSE,96
,Grass Block,grass_block,Pre-Classic Cave Game Tech Test,3,FALSE,FALSE,FALSE,Yes,Yes,TRUE,TRUE,TRUE,FALSE,Yes,No,Yes,FALSE,0,0.6,0.6,Shovel,0,FALSE,FALSE,TRUE,TRUE,No,FALSE,TRUE,TRUE,TRUE,TRUE,FALSE,FALSE,Yes,Yes,TRUE,FALSE,FALSE,FALSE,FALSE,FALSE,No,FALSE,FALSE,FALSE,TRUE,FALSE,100%,Harp,FALSE,FALSE,1,TRUE,97
,Mycelium,mycelium,1.0.0 Beta 1.9 Prerelease,140,FALSE,FALSE,FALSE,Yes,Yes,TRUE,TRUE,TRUE,FALSE,Yes,No,Yes,FALSE,0,0.6,0.6,Shovel,0,FALSE,FALSE,TRUE,TRUE,No,FALSE,TRUE,TRUE,TRUE,TRUE,FALSE,FALSE,Yes,Yes,TRUE,FALSE,FALSE,FALSE,FALSE,FALSE,No,FALSE,FALSE,FALSE,TRUE,FALSE,100%,Harp,FALSE,FALSE,1,TRUE,98
,Podzol,podzol,1.7.2 13w36a,275,FALSE,FALSE,FALSE,Yes,Yes,FALSE,TRUE,TRUE,FALSE,Yes,No,Yes,FALSE,0,0.5,0.5,Shovel,0,FALSE,FALSE,TRUE,TRUE,No,FALSE,TRUE,TRUE,TRUE,TRUE,FALSE,FALSE,Yes,Yes,TRUE,FALSE,FALSE,FALSE,FALSE,FALSE,No,FALSE,FALSE,FALSE,TRUE,FALSE,100%,Harp,FALSE,FALSE,1,TRUE,99
,Coarse Dirt,coarse_dirt,1.7.2 13w36a,276,FALSE,FALSE,FALSE,Yes,Yes,TRUE,TRUE,TRUE,FALSE,Yes,No,Yes,FALSE,0,0.5,0.5,Shovel,0,TRUE,TRUE,TRUE,TRUE,No,FALSE,TRUE,TRUE,TRUE,TRUE,FALSE,FALSE,Yes,Yes,TRUE,FALSE,FALSE,FALSE,FALSE,FALSE,No,FALSE,FALSE,FALSE,TRUE,FALSE,100%,Harp,FALSE,FALSE,1,FALSE,100
,Rooted Dirt,rooted_dirt,1.17 21w05a,845,FALSE,FALSE,FALSE,Yes,Yes,FALSE,TRUE,TRUE,FALSE,Yes,No,Yes,FALSE,0,0.5,0.5,Shovel,0,TRUE,TRUE,TRUE,TRUE,No,FALSE,TRUE,TRUE,TRUE,TRUE,FALSE,FALSE,Yes,Yes,TRUE,FALSE,FALSE,FALSE,FALSE,FALSE,No,FALSE,FALSE,FALSE,TRUE,FALSE,100%,Harp,FALSE,FALSE,1,FALSE,101
,Dirt Path,dirt_path,1.9 15w31a,410,FALSE,FALSE,FALSE,Yes,Yes,TRUE,TRUE,TRUE,FALSE,No,No,No,TRUE,0,0.65,0.65,Shovel,0,FALSE,FALSE,FALSE,TRUE,No,FALSE,TRUE,FALSE,TRUE,FALSE,FALSE,FALSE,No,No,TRUE,FALSE,FALSE,FALSE,FALSE,FALSE,Directional,FALSE,TRUE,TRUE,TRUE,FALSE,100%,Harp,FALSE,FALSE,1,FALSE,102
,Farmland,farmland,Indev 20100206,55,FALSE,FALSE,FALSE,Yes,Yes,TRUE,TRUE,TRUE,FALSE,No,No,No,TRUE,0,0.6,0.6,Shovel,0,FALSE,FALSE,FALSE,TRUE,No,FALSE,TRUE,FALSE,TRUE,FALSE,FALSE,FALSE,No,No,TRUE,FALSE,FALSE,FALSE,FALSE,FALSE,Directional,FALSE,TRUE,TRUE,TRUE,FALSE,100%,Harp,FALSE,FALSE,1,TRUE,103
,Oak Log,oak_log,Classic 0.0.14a,11,FALSE,FALSE,FALSE,Yes,Yes,FALSE,TRUE,TRUE,FALSE,Yes,No,Yes,FALSE,0,2,2,Axe,0,TRUE,TRUE,TRUE,FALSE,No,FALSE,TRUE,TRUE,TRUE,TRUE,FALSE,FALSE,Yes,Yes,TRUE,FALSE,FALSE,FALSE,TRUE,TRUE,No,FALSE,FALSE,FALSE,TRUE,FALSE,100%,Bass,FALSE,FALSE,3,TRUE,104
,Oak Wood,oak_wood,1.3.1 12w30d,177,FALSE,FALSE,FALSE,Yes,Yes,TRUE,TRUE,TRUE,FALSE,Yes,No,Yes,FALSE,0,2,2,Axe,0,TRUE,TRUE,TRUE,FALSE,No,FALSE,TRUE,TRUE,TRUE,TRUE,FALSE,FALSE,Yes,Yes,TRUE,FALSE,FALSE,FALSE,TRUE,TRUE,No,FALSE,FALSE,FALSE,TRUE,FALSE,100%,Bass,FALSE,FALSE,3,TRUE,105
,Stripped Oak Log,stripped_oak_log,1.13 18w07a,532,FALSE,FALSE,FALSE,Yes,Yes,TRUE,TRUE,TRUE,FALSE,Yes,No,Yes,FALSE,0,2,2,Axe,0,TRUE,TRUE,TRUE,FALSE,No,FALSE,TRUE,TRUE,TRUE,TRUE,FALSE,FALSE,Yes,Yes,TRUE,FALSE,FALSE,FALSE,TRUE,TRUE,No,FALSE,FALSE,FALSE,TRUE,FALSE,100%,Bass,FALSE,FALSE,3,TRUE,106
,Stripped Oak Wood,stripped_oak_wood,1.13 pre2,575,FALSE,FALSE,FALSE,Yes,Yes,TRUE,TRUE,TRUE,FALSE,Yes,No,Yes,FALSE,0,2,2,Axe,0,TRUE,TRUE,TRUE,FALSE,No,FALSE,TRUE,TRUE,TRUE,TRUE,FALSE,FALSE,Yes,Yes,TRUE,FALSE,FALSE,FALSE,TRUE,TRUE,No,FALSE,FALSE,FALSE,TRUE,FALSE,100%,Bass,FALSE,FALSE,3,TRUE,107
,Oak Planks,oak_planks,Pre-Classic rd-20090515,6,FALSE,FALSE,FALSE,Yes,Yes,TRUE,TRUE,TRUE,FALSE,Yes,No,Yes,FALSE,0,3,2,Axe,0,TRUE,TRUE,TRUE,FALSE,No,FALSE,TRUE,TRUE,TRUE,TRUE,FALSE,FALSE,Yes,Yes,TRUE,FALSE,FALSE,FALSE,TRUE,TRUE,No,FALSE,FALSE,FALSE,TRUE,FALSE,100%,Bass,FALSE,FALSE,1,FALSE,108
,Oak Slab,oak_slab,1.3.1 12w17a,163,FALSE,FALSE,FALSE,Yes,Yes,TRUE,TRUE,TRUE,FALSE,Depends,Depends,Depends,TRUE,0,3,2,Axe,0,TRUE,TRUE,TRUE,FALSE,Yes,FALSE,TRUE,TRUE,TRUE,TRUE,FALSE,FALSE,Depends,Depends,TRUE,FALSE,FALSE,FALSE,TRUE,TRUE,Directional,FALSE,TRUE,TRUE,TRUE,FALSE,100%,Bass,FALSE,FALSE,2,TRUE,109
,Oak Stairs,oak_stairs,Infdev 20100629,64,FALSE,FALSE,FALSE,Yes,Yes,TRUE,TRUE,TRUE,FALSE,Depends,Depends,Depends,TRUE,0,3,2,Axe,0,TRUE,TRUE,TRUE,FALSE,Yes,FALSE,TRUE,FALSE,TRUE,FALSE,FALSE,FALSE,No,No,FALSE,FALSE,FALSE,FALSE,TRUE,TRUE,Directional,FALSE,TRUE,TRUE,TRUE,FALSE,100%,Bass,FALSE,FALSE,8,TRUE,110
,Oak Fence,oak_fence,Alpha v1.0.17,82,FALSE,FALSE,FALSE,Yes,Yes,TRUE,TRUE,TRUE,FALSE,No,No,No,TRUE,0,3,2,Axe,0,TRUE,TRUE,TRUE,FALSE,Yes,FALSE,TRUE,FALSE,TRUE,FALSE,FALSE,FALSE,No,No,FALSE,FALSE,FALSE,FALSE,TRUE,TRUE,Fully,FALSE,TRUE,TRUE,TRUE,FALSE,100%,Bass,FALSE,FALSE,1,TRUE,111
,Oak Fence Gate,oak_fence_gate,Beta 1.8 Pre-Release,126,FALSE,FALSE,FALSE,Yes,Yes,TRUE,TRUE,TRUE,FALSE,No,Depends,No,TRUE,0,3,2,Axe,0,TRUE,TRUE,TRUE,FALSE,No,FALSE,TRUE,FALSE,TRUE,FALSE,FALSE,FALSE,No,No,FALSE,FALSE,FALSE,FALSE,TRUE,TRUE,Fully,FALSE,TRUE,TRUE,FALSE,FALSE,100%,Bass,FALSE,FALSE,2,TRUE,112
,Oak Door,oak_door,Infdev 20100607,58,FALSE,FALSE,FALSE,Yes,Yes,TRUE,TRUE,TRUE,FALSE,No,Yes,No,TRUE,0,3,3,Axe,0,TRUE,TRUE,TRUE,FALSE,No,FALSE,TRUE,FALSE,TRUE,FALSE,FALSE,FALSE,No,No,FALSE,FALSE,TRUE,TRUE,FALSE,TRUE,Fully,FALSE,TRUE,TRUE,TRUE,FALSE,100%,Bass,FALSE,FALSE,8,TRUE,113
,Oak Trapdoor,oak_trapdoor,Beta 1.6 Test Build 3,110,FALSE,FALSE,FALSE,Yes,Yes,TRUE,TRUE,TRUE,FALSE,No,Depends,Depends,TRUE,0,3,3,Axe,0,TRUE,TRUE,TRUE,FALSE,Yes,FALSE,TRUE,FALSE,TRUE,FALSE,FALSE,FALSE,No,No,FALSE,FALSE,FALSE,FALSE,FALSE,TRUE,Fully,FALSE,TRUE,TRUE,TRUE,FALSE,100%,Bass,FALSE,FALSE,8,TRUE,114
,Oak Shelf,oak_shelf,1.21.9 25w31a,1106,FALSE,FALSE,FALSE,Yes,Yes,TRUE,TRUE,TRUE,TRUE,No,No,No,TRUE,0,3,2,Axe,0,TRUE,TRUE,TRUE,FALSE,Yes,FALSE,TRUE,FALSE,TRUE,FALSE,TRUE,FALSE,No,No,FALSE,FALSE,FALSE,FALSE,TRUE,TRUE,Directional,FALSE,TRUE,TRUE,TRUE,FALSE,100%,Bass,FALSE,FALSE,4,TRUE,115
,Oak Sign,oak_sign,Infdev 20100607,59,FALSE,FALSE,FALSE,Yes,Yes,TRUE,TRUE,TRUE,TRUE,No,Yes,No,TRUE,0,1,1,Axe,0,TRUE,TRUE,TRUE,TRUE,Yes,FALSE,FALSE,FALSE,TRUE,FALSE,TRUE,FALSE,No,No,FALSE,FALSE,TRUE,TRUE,FALSE,TRUE,Fully,FALSE,TRUE,TRUE,TRUE,FALSE,N/A,Bass,TRUE,FALSE,16,TRUE,116
,Oak Wall Sign,oak_wall_sign,Alpha v1.0.1,67,FALSE,FALSE,FALSE,Yes,Yes,TRUE,FALSE,TRUE,TRUE,No,Yes,No,TRUE,0,1,1,Axe,0,TRUE,TRUE,TRUE,TRUE,Yes,FALSE,FALSE,FALSE,TRUE,FALSE,TRUE,FALSE,No,No,FALSE,FALSE,TRUE,TRUE,FALSE,TRUE,Fully,FALSE,TRUE,TRUE,TRUE,FALSE,N/A,Bass,TRUE,FALSE,4,TRUE,117
,Oak Hanging Sign,oak_hanging_sign,1.20 Experimental 22w42a,934,FALSE,FALSE,FALSE,Yes,Yes,TRUE,TRUE,TRUE,TRUE,No,Yes,No,TRUE,0,1,1,Axe,0,TRUE,TRUE,TRUE,TRUE,Yes,FALSE,FALSE,FALSE,TRUE,FALSE,TRUE,FALSE,No,No,FALSE,FALSE,TRUE,TRUE,FALSE,TRUE,Fully,FALSE,TRUE,TRUE,TRUE,FALSE,N/A,Bass,TRUE,FALSE,16,TRUE,118
,Oak Wall Hanging Sign,oak_wall_hanging_sign,1.20 Experimental 22w42a,935,FALSE,FALSE,FALSE,Yes,Yes,TRUE,FALSE,TRUE,TRUE,No,Yes,No,TRUE,0,1,1,Axe,0,TRUE,TRUE,TRUE,TRUE,Yes,FALSE,TRUE,FALSE,TRUE,FALSE,TRUE,FALSE,No,No,FALSE,FALSE,TRUE,FALSE,FALSE,TRUE,Fully,FALSE,TRUE,TRUE,TRUE,FALSE,100%,Bass,TRUE,FALSE,4,TRUE,119
,Oak Pressure Plate,oak_pressure_plate,Alpha v1.0.1,68,FALSE,FALSE,FALSE,Yes,Yes,TRUE,TRUE,TRUE,FALSE,No,No,No,FALSE,0,0.5,0.5,Axe,0,TRUE,TRUE,TRUE,TRUE,No,FALSE,FALSE,FALSE,TRUE,FALSE,FALSE,TRUE,No,No,FALSE,FALSE,TRUE,TRUE,FALSE,TRUE,Fully,FALSE,TRUE,TRUE,TRUE,FALSE,N/A,Bass,FALSE,FALSE,1,TRUE,120
,Oak Button,oak_button,1.4.2 12w34a,185,FALSE,FALSE,FALSE,Yes,Yes,TRUE,TRUE,TRUE,FALSE,No,No,No,FALSE,0,0.5,0.5,Axe,0,TRUE,TRUE,TRUE,TRUE,No,TRUE,FALSE,FALSE,TRUE,FALSE,FALSE,TRUE,No,No,FALSE,FALSE,TRUE,TRUE,FALSE,FALSE,Fully,FALSE,TRUE,TRUE,FALSE,FALSE,N/A,Harp,FALSE,FALSE,12,TRUE,121
,Birch Log,birch_log,Beta 1.2,89,FALSE,FALSE,FALSE,Yes,Yes,TRUE,TRUE,TRUE,FALSE,Yes,No,Yes,FALSE,0,2,2,Axe,0,TRUE,TRUE,TRUE,FALSE,No,FALSE,TRUE,TRUE,TRUE,TRUE,FALSE,FALSE,Yes,Yes,TRUE,FALSE,FALSE,FALSE,TRUE,TRUE,No,FALSE,FALSE,FALSE,TRUE,FALSE,100%,Bass,FALSE,FALSE,3,TRUE,122
,Birch Wood,birch_wood,1.3.1 12w30d,178,FALSE,FALSE,FALSE,Yes,Yes,TRUE,TRUE,TRUE,FALSE,Yes,No,Yes,FALSE,0,2,2,Axe,0,TRUE,TRUE,TRUE,FALSE,No,FALSE,TRUE,TRUE,TRUE,TRUE,FALSE,FALSE,Yes,Yes,TRUE,FALSE,FALSE,FALSE,TRUE,TRUE,No,FALSE,FALSE,FALSE,TRUE,FALSE,100%,Bass,FALSE,FALSE,3,TRUE,123
,Stripped Birch Log,stripped_birch_log,1.13 18w07a,533,FALSE,FALSE,FALSE,Yes,Yes,TRUE,TRUE,TRUE,FALSE,Yes,No,Yes,FALSE,0,2,2,Axe,0,TRUE,TRUE,TRUE,FALSE,No,FALSE,TRUE,TRUE,TRUE,TRUE,FALSE,FALSE,Yes,Yes,TRUE,FALSE,FALSE,FALSE,TRUE,TRUE,No,FALSE,FALSE,FALSE,TRUE,FALSE,100%,Bass,FALSE,FALSE,3,TRUE,124
,Stripped Birch Wood,stripped_birch_wood,1.13 pre2,576,FALSE,FALSE,FALSE,Yes,Yes,TRUE,TRUE,TRUE,FALSE,Yes,No,Yes,FALSE,0,2,2,Axe,0,TRUE,TRUE,TRUE,FALSE,No,FALSE,TRUE,TRUE,TRUE,TRUE,FALSE,FALSE,Yes,Yes,TRUE,FALSE,FALSE,FALSE,TRUE,TRUE,No,FALSE,FALSE,FALSE,TRUE,FALSE,100%,Bass,FALSE,FALSE,3,TRUE,125
,Birch Planks,birch_planks,1.2.4,159,FALSE,FALSE,FALSE,Yes,Yes,TRUE,TRUE,TRUE,FALSE,Yes,No,Yes,FALSE,0,3,2,Axe,0,TRUE,TRUE,TRUE,FALSE,No,FALSE,TRUE,TRUE,TRUE,TRUE,FALSE,FALSE,Yes,Yes,TRUE,FALSE,FALSE,FALSE,TRUE,TRUE,No,FALSE,FALSE,FALSE,TRUE,FALSE,100%,Bass,FALSE,FALSE,1,FALSE,126
,Birch Slab,birch_slab,1.3.1 12w17a,164,FALSE,FALSE,FALSE,Yes,Yes,TRUE,TRUE,TRUE,FALSE,Depends,Depends,Depends,TRUE,0,3,2,Axe,0,TRUE,TRUE,TRUE,FALSE,Yes,FALSE,TRUE,TRUE,TRUE,TRUE,FALSE,FALSE,Depends,Depends,TRUE,FALSE,FALSE,FALSE,TRUE,TRUE,Directional,FALSE,TRUE,TRUE,TRUE,FALSE,100%,Bass,FALSE,FALSE,2,TRUE,127
,Birch Stairs,birch_stairs,1.3.1 12w25a,174,FALSE,FALSE,FALSE,Yes,Yes,TRUE,TRUE,TRUE,FALSE,Depends,Depends,Depends,TRUE,0,3,2,Axe,0,TRUE,TRUE,TRUE,FALSE,Yes,FALSE,TRUE,FALSE,TRUE,FALSE,FALSE,FALSE,No,No,FALSE,FALSE,FALSE,FALSE,TRUE,TRUE,Directional,FALSE,TRUE,TRUE,TRUE,FALSE,100%,Bass,FALSE,FALSE,8,TRUE,128
,Birch Fence,birch_fence,1.8 14w32b,395,FALSE,FALSE,FALSE,Yes,Yes,TRUE,TRUE,TRUE,FALSE,No,No,No,TRUE,0,3,2,Axe,0,TRUE,TRUE,TRUE,FALSE,Yes,FALSE,TRUE,FALSE,TRUE,FALSE,FALSE,FALSE,No,No,FALSE,FALSE,FALSE,FALSE,TRUE,TRUE,Fully,FALSE,TRUE,TRUE,TRUE,FALSE,100%,Bass,FALSE,FALSE,1,TRUE,129
,Birch Fence Gate,birch_fence_gate,1.8 14w32b,396,FALSE,FALSE,FALSE,Yes,Yes,TRUE,TRUE,TRUE,FALSE,No,Depends,No,TRUE,0,3,2,Axe,0,TRUE,TRUE,TRUE,FALSE,No,FALSE,TRUE,FALSE,TRUE,FALSE,FALSE,FALSE,No,No,FALSE,FALSE,FALSE,FALSE,TRUE,TRUE,Fully,FALSE,TRUE,TRUE,FALSE,FALSE,100%,Bass,FALSE,FALSE,2,TRUE,130
,Birch Door,birch_door,1.8 14w32d,405,FALSE,FALSE,FALSE,Yes,Yes,TRUE,TRUE,TRUE,FALSE,No,Yes,No,TRUE,0,3,3,Axe,0,TRUE,TRUE,TRUE,FALSE,No,FALSE,TRUE,FALSE,TRUE,FALSE,FALSE,FALSE,No,No,FALSE,FALSE,TRUE,TRUE,FALSE,TRUE,Fully,FALSE,TRUE,TRUE,TRUE,FALSE,100%,Bass,FALSE,FALSE,8,TRUE,131
,Birch Trapdoor,birch_trapdoor,1.13 17w47a,512,FALSE,FALSE,FALSE,Yes,Yes,TRUE,TRUE,TRUE,FALSE,No,Depends,Depends,TRUE,0,3,3,Axe,0,TRUE,TRUE,TRUE,FALSE,Yes,FALSE,TRUE,FALSE,TRUE,FALSE,FALSE,FALSE,No,No,FALSE,FALSE,FALSE,FALSE,FALSE,TRUE,Fully,FALSE,TRUE,TRUE,TRUE,FALSE,100%,Bass,FALSE,FALSE,8,TRUE,132
,Birch Shelf,birch_shelf,1.21.9 25w31a,1107,FALSE,FALSE,FALSE,Yes,Yes,TRUE,TRUE,TRUE,TRUE,No,No,No,TRUE,0,3,2,Axe,0,TRUE,TRUE,TRUE,FALSE,Yes,FALSE,TRUE,FALSE,TRUE,FALSE,TRUE,FALSE,No,No,FALSE,FALSE,FALSE,FALSE,TRUE,TRUE,Directional,FALSE,TRUE,TRUE,TRUE,FALSE,100%,Bass,FALSE,FALSE,4,TRUE,133
,Birch Sign,birch_sign,1.14 18w43a,624,FALSE,FALSE,FALSE,Yes,Yes,TRUE,TRUE,TRUE,TRUE,No,Yes,No,TRUE,0,1,1,Axe,0,TRUE,TRUE,TRUE,TRUE,Yes,FALSE,FALSE,FALSE,TRUE,FALSE,TRUE,FALSE,No,No,FALSE,FALSE,TRUE,TRUE,FALSE,TRUE,Fully,FALSE,TRUE,TRUE,TRUE,FALSE,N/A,Bass,TRUE,FALSE,16,TRUE,134
,Birch Wall Sign,birch_wall_sign,1.14 18w43a,625,FALSE,FALSE,FALSE,Yes,Yes,TRUE,FALSE,TRUE,TRUE,No,Yes,No,TRUE,0,1,1,Axe,0,TRUE,TRUE,TRUE,TRUE,Yes,FALSE,FALSE,FALSE,TRUE,FALSE,TRUE,FALSE,No,No,FALSE,FALSE,TRUE,TRUE,FALSE,TRUE,Fully,FALSE,TRUE,TRUE,TRUE,FALSE,N/A,Bass,TRUE,FALSE,4,TRUE,135
,Birch Hanging Sign,birch_hanging_sign,1.20 Experimental 22w42a,936,FALSE,FALSE,FALSE,Yes,Yes,TRUE,TRUE,TRUE,TRUE,No,Yes,No,TRUE,0,1,1,Axe,0,TRUE,TRUE,TRUE,TRUE,Yes,FALSE,FALSE,FALSE,TRUE,FALSE,TRUE,FALSE,No,No,FALSE,FALSE,TRUE,TRUE,FALSE,TRUE,Fully,FALSE,TRUE,TRUE,TRUE,FALSE,N/A,Bass,TRUE,FALSE,16,TRUE,136
,Birch Wall Hanging Sign,birch_wall_hanging_sign,1.20 Experimental 22w42a,937,FALSE,FALSE,FALSE,Yes,Yes,TRUE,FALSE,TRUE,TRUE,No,Yes,No,TRUE,0,1,1,Axe,0,TRUE,TRUE,TRUE,TRUE,Yes,FALSE,TRUE,FALSE,TRUE,FALSE,TRUE,FALSE,No,No,FALSE,FALSE,TRUE,FALSE,FALSE,TRUE,Fully,FALSE,TRUE,TRUE,TRUE,FALSE,100%,Bass,TRUE,FALSE,4,TRUE,137
,Birch Pressure Plate,birch_pressure_plate,1.13 17w47a,513,FALSE,FALSE,FALSE,Yes,Yes,TRUE,TRUE,TRUE,FALSE,No,No,No,FALSE,0,0.5,0.5,Axe,0,TRUE,TRUE,TRUE,TRUE,No,FALSE,FALSE,FALSE,TRUE,FALSE,FALSE,TRUE,No,No,FALSE,FALSE,TRUE,TRUE,FALSE,TRUE,Fully,FALSE,TRUE,TRUE,TRUE,FALSE,N/A,Bass,FALSE,FALSE,1,TRUE,138
,Birch Button,birch_button,1.13 17w47a,514,FALSE,FALSE,FALSE,Yes,Yes,TRUE,TRUE,TRUE,FALSE,No,No,No,FALSE,0,0.5,0.5,Axe,0,TRUE,TRUE,TRUE,TRUE,No,TRUE,FALSE,FALSE,TRUE,FALSE,FALSE,TRUE,No,No,FALSE,FALSE,TRUE,TRUE,FALSE,FALSE,Fully,FALSE,TRUE,TRUE,FALSE,FALSE,N/A,Harp,FALSE,FALSE,12,TRUE,139
,Spruce Log,spruce_log,Beta 1.2,90,FALSE,FALSE,FALSE,Yes,Yes,TRUE,TRUE,TRUE,FALSE,Yes,No,Yes,FALSE,0,2,2,Axe,0,TRUE,TRUE,TRUE,FALSE,No,FALSE,TRUE,TRUE,TRUE,TRUE,FALSE,FALSE,Yes,Yes,TRUE,FALSE,FALSE,FALSE,TRUE,TRUE,No,FALSE,FALSE,FALSE,TRUE,FALSE,100%,Bass,FALSE,FALSE,3,TRUE,140
,Spruce Wood,spruce_wood,1.3.1 12w30d,179,FALSE,FALSE,FALSE,Yes,Yes,TRUE,TRUE,TRUE,FALSE,Yes,No,Yes,FALSE,0,2,2,Axe,0,TRUE,TRUE,TRUE,FALSE,No,FALSE,TRUE,TRUE,TRUE,TRUE,FALSE,FALSE,Yes,Yes,TRUE,FALSE,FALSE,FALSE,TRUE,TRUE,No,FALSE,FALSE,FALSE,TRUE,FALSE,100%,Bass,FALSE,FALSE,3,TRUE,141
,Stripped Spruce Log,stripped_spruce_log,1.13 18w07a,534,FALSE,FALSE,FALSE,Yes,Yes,TRUE,TRUE,TRUE,FALSE,Yes,No,Yes,FALSE,0,2,2,Axe,0,TRUE,TRUE,TRUE,FALSE,No,FALSE,TRUE,TRUE,TRUE,TRUE,FALSE,FALSE,Yes,Yes,TRUE,FALSE,FALSE,FALSE,TRUE,TRUE,No,FALSE,FALSE,FALSE,TRUE,FALSE,100%,Bass,FALSE,FALSE,3,TRUE,142
,Stripped Spruce Wood,stripped_spruce_wood,1.13 pre2,577,FALSE,FALSE,FALSE,Yes,Yes,TRUE,TRUE,TRUE,FALSE,Yes,No,Yes,FALSE,0,2,2,Axe,0,TRUE,TRUE,TRUE,FALSE,No,FALSE,TRUE,TRUE,TRUE,TRUE,FALSE,FALSE,Yes,Yes,TRUE,FALSE,FALSE,FALSE,TRUE,TRUE,No,FALSE,FALSE,FALSE,TRUE,FALSE,100%,Bass,FALSE,FALSE,3,TRUE,143
,Spruce Planks,spruce_planks,1.2.4,160,FALSE,FALSE,FALSE,Yes,Yes,TRUE,TRUE,TRUE,FALSE,Yes,No,Yes,FALSE,0,3,2,Axe,0,TRUE,TRUE,TRUE,FALSE,No,FALSE,TRUE,TRUE,TRUE,TRUE,FALSE,FALSE,Yes,Yes,TRUE,FALSE,FALSE,FALSE,TRUE,TRUE,No,FALSE,FALSE,FALSE,TRUE,FALSE,100%,Bass,FALSE,FALSE,1,FALSE,144
,Spruce Slab,spruce_slab,1.3.1 12w17a,165,FALSE,FALSE,FALSE,Yes,Yes,TRUE,TRUE,TRUE,FALSE,Depends,Depends,Depends,TRUE,0,3,2,Axe,0,TRUE,TRUE,TRUE,FALSE,Yes,FALSE,TRUE,TRUE,TRUE,TRUE,FALSE,FALSE,Depends,Depends,TRUE,FALSE,FALSE,FALSE,TRUE,TRUE,Directional,FALSE,TRUE,TRUE,TRUE,FALSE,100%,Bass,FALSE,FALSE,2,TRUE,145
,Spruce Stairs,spruce_stairs,1.3.1 12w25a,175,FALSE,FALSE,FALSE,Yes,Yes,TRUE,TRUE,TRUE,FALSE,Depends,Depends,Depends,TRUE,0,3,2,Axe,0,TRUE,TRUE,TRUE,FALSE,Yes,FALSE,TRUE,FALSE,TRUE,FALSE,FALSE,FALSE,No,No,FALSE,FALSE,FALSE,FALSE,TRUE,TRUE,Directional,FALSE,TRUE,TRUE,TRUE,FALSE,100%,Bass,FALSE,FALSE,8,TRUE,146
,Spruce Fence,spruce_fence,1.8 14w32b,397,FALSE,FALSE,FALSE,Yes,Yes,TRUE,TRUE,TRUE,FALSE,No,No,No,TRUE,0,3,2,Axe,0,TRUE,TRUE,TRUE,FALSE,Yes,FALSE,TRUE,FALSE,TRUE,FALSE,FALSE,FALSE,No,No,FALSE,FALSE,FALSE,FALSE,TRUE,TRUE,Fully,FALSE,TRUE,TRUE,TRUE,FALSE,100%,Bass,FALSE,FALSE,1,TRUE,147
,Spruce Fence Gate,spruce_fence_gate,1.8 14w32b,398,FALSE,FALSE,FALSE,Yes,Yes,TRUE,TRUE,TRUE,FALSE,No,Depends,No,TRUE,0,3,2,Axe,0,TRUE,TRUE,TRUE,FALSE,No,FALSE,TRUE,FALSE,TRUE,FALSE,FALSE,FALSE,No,No,FALSE,FALSE,FALSE,FALSE,TRUE,TRUE,Fully,FALSE,TRUE,TRUE,FALSE,FALSE,100%,Bass,FALSE,FALSE,2,TRUE,148
,Spruce Door,spruce_door,1.8 14w32d,406,FALSE,FALSE,FALSE,Yes,Yes,TRUE,TRUE,TRUE,FALSE,No,Yes,No,TRUE,0,3,3,Axe,0,TRUE,TRUE,TRUE,FALSE,No,FALSE,TRUE,FALSE,TRUE,FALSE,FALSE,FALSE,No,No,FALSE,FALSE,TRUE,TRUE,FALSE,TRUE,Fully,FALSE,TRUE,TRUE,TRUE,FALSE,100%,Bass,FALSE,FALSE,8,TRUE,149
,Spruce Trapdoor,spruce_trapdoor,1.13 17w47a,515,FALSE,FALSE,FALSE,Yes,Yes,TRUE,TRUE,TRUE,FALSE,No,Depends,Depends,TRUE,0,3,3,Axe,0,TRUE,TRUE,TRUE,FALSE,Yes,FALSE,TRUE,FALSE,TRUE,FALSE,FALSE,FALSE,No,No,FALSE,FALSE,FALSE,FALSE,FALSE,TRUE,Fully,FALSE,TRUE,TRUE,TRUE,FALSE,100%,Bass,FALSE,FALSE,8,TRUE,150
,Spruce Shelf,spruce_shelf,1.21.9 25w31a,1108,FALSE,FALSE,FALSE,Yes,Yes,TRUE,TRUE,TRUE,TRUE,No,No,No,TRUE,0,3,2,Axe,0,TRUE,TRUE,TRUE,FALSE,Yes,FALSE,TRUE,FALSE,TRUE,FALSE,TRUE,FALSE,No,No,FALSE,FALSE,FALSE,FALSE,TRUE,TRUE,Directional,FALSE,TRUE,TRUE,TRUE,FALSE,100%,Bass,FALSE,FALSE,4,TRUE,151
,Spruce Sign,spruce_sign,1.14 18w43a,626,FALSE,FALSE,FALSE,Yes,Yes,TRUE,TRUE,TRUE,TRUE,No,Yes,No,TRUE,0,1,1,Axe,0,TRUE,TRUE,TRUE,TRUE,Yes,FALSE,FALSE,FALSE,TRUE,FALSE,TRUE,FALSE,No,No,FALSE,FALSE,TRUE,TRUE,FALSE,TRUE,Fully,FALSE,TRUE,TRUE,TRUE,FALSE,N/A,Bass,TRUE,FALSE,16,TRUE,152
,Spruce Wall Sign,spruce_wall_sign,1.14 18w43a,627,FALSE,FALSE,FALSE,Yes,Yes,TRUE,FALSE,TRUE,TRUE,No,Yes,No,TRUE,0,1,1,Axe,0,TRUE,TRUE,TRUE,TRUE,Yes,FALSE,FALSE,FALSE,TRUE,FALSE,TRUE,FALSE,No,No,FALSE,FALSE,TRUE,TRUE,FALSE,TRUE,Fully,FALSE,TRUE,TRUE,TRUE,FALSE,N/A,Bass,TRUE,FALSE,4,TRUE,153
,Spruce Hanging Sign,spruce_hanging_sign,1.20 Experimental 22w42a,938,FALSE,FALSE,FALSE,Yes,Yes,TRUE,TRUE,TRUE,TRUE,No,Yes,No,TRUE,0,1,1,Axe,0,TRUE,TRUE,TRUE,TRUE,Yes,FALSE,FALSE,FALSE,TRUE,FALSE,TRUE,FALSE,No,No,FALSE,FALSE,TRUE,TRUE,FALSE,TRUE,Fully,FALSE,TRUE,TRUE,TRUE,FALSE,N/A,Bass,TRUE,FALSE,16,TRUE,154
,Spruce Wall Hanging Sign,spruce_wall_hanging_sign,1.20 Experimental 22w42a,939,FALSE,FALSE,FALSE,Yes,Yes,TRUE,FALSE,TRUE,TRUE,No,Yes,No,TRUE,0,1,1,Axe,0,TRUE,TRUE,TRUE,TRUE,Yes,FALSE,TRUE,FALSE,TRUE,FALSE,TRUE,FALSE,No,No,FALSE,FALSE,TRUE,FALSE,FALSE,TRUE,Fully,FALSE,TRUE,TRUE,TRUE,FALSE,100%,Bass,TRUE,FALSE,4,TRUE,155
,Spruce Pressure Plate,spruce_pressure_plate,1.13 17w47a,516,FALSE,FALSE,FALSE,Yes,Yes,TRUE,TRUE,TRUE,FALSE,No,No,No,FALSE,0,0.5,0.5,Axe,0,TRUE,TRUE,TRUE,TRUE,No,FALSE,FALSE,FALSE,TRUE,FALSE,FALSE,TRUE,No,No,FALSE,FALSE,TRUE,TRUE,FALSE,TRUE,Fully,FALSE,TRUE,TRUE,TRUE,FALSE,N/A,Bass,FALSE,FALSE,1,TRUE,156
,Spruce Button,spruce_button,1.13 17w47a,517,FALSE,FALSE,FALSE,Yes,Yes,TRUE,TRUE,TRUE,FALSE,No,No,No,FALSE,0,0.5,0.5,Axe,0,TRUE,TRUE,TRUE,TRUE,No,TRUE,FALSE,FALSE,TRUE,FALSE,FALSE,TRUE,No,No,FALSE,FALSE,TRUE,TRUE,FALSE,FALSE,Fully,FALSE,TRUE,TRUE,FALSE,FALSE,N/A,Harp,FALSE,FALSE,12,TRUE,157
,Jungle Log,jungle_log,1.2.1 12w03a,155,FALSE,FALSE,FALSE,Yes,Yes,TRUE,TRUE,TRUE,FALSE,Yes,No,Yes,FALSE,0,2,2,Axe,0,TRUE,TRUE,TRUE,FALSE,No,FALSE,TRUE,TRUE,TRUE,TRUE,FALSE,FALSE,Yes,Yes,TRUE,FALSE,FALSE,FALSE,TRUE,TRUE,No,FALSE,FALSE,FALSE,TRUE,FALSE,100%,Bass,FALSE,FALSE,3,TRUE,158
,Jungle Wood,jungle_wood,1.3.1 12w30d,180,FALSE,FALSE,FALSE,Yes,Yes,TRUE,TRUE,TRUE,FALSE,Yes,No,Yes,FALSE,0,2,2,Axe,0,TRUE,TRUE,TRUE,FALSE,No,FALSE,TRUE,TRUE,TRUE,TRUE,FALSE,FALSE,Yes,Yes,TRUE,FALSE,FALSE,FALSE,TRUE,TRUE,No,FALSE,FALSE,FALSE,TRUE,FALSE,100%,Bass,FALSE,FALSE,3,TRUE,159
,Stripped Jungle Log,stripped_jungle_log,1.13 18w07a,535,FALSE,FALSE,FALSE,Yes,Yes,TRUE,TRUE,TRUE,FALSE,Yes,No,Yes,FALSE,0,2,2,Axe,0,TRUE,TRUE,TRUE,FALSE,No,FALSE,TRUE,TRUE,TRUE,TRUE,FALSE,FALSE,Yes,Yes,TRUE,FALSE,FALSE,FALSE,TRUE,TRUE,No,FALSE,FALSE,FALSE,TRUE,FALSE,100%,Bass,FALSE,FALSE,3,TRUE,160
,Stripped Jungle Wood,stripped_jungle_wood,1.13 pre2,578,FALSE,FALSE,FALSE,Yes,Yes,TRUE,TRUE,TRUE,FALSE,Yes,No,Yes,FALSE,0,2,2,Axe,0,TRUE,TRUE,TRUE,FALSE,No,FALSE,TRUE,TRUE,TRUE,TRUE,FALSE,FALSE,Yes,Yes,TRUE,FALSE,FALSE,FALSE,TRUE,TRUE,No,FALSE,FALSE,FALSE,TRUE,FALSE,100%,Bass,FALSE,FALSE,3,TRUE,161
,Jungle Planks,jungle_planks,1.2.4,161,FALSE,FALSE,FALSE,Yes,Yes,TRUE,TRUE,TRUE,FALSE,Yes,No,Yes,FALSE,0,3,2,Axe,0,TRUE,TRUE,TRUE,FALSE,No,FALSE,TRUE,TRUE,TRUE,TRUE,FALSE,FALSE,Yes,Yes,TRUE,FALSE,FALSE,FALSE,TRUE,TRUE,No,FALSE,FALSE,FALSE,TRUE,FALSE,100%,Bass,FALSE,FALSE,1,FALSE,162
,Jungle Slab,jungle_slab,1.3.1 12w17a,166,FALSE,FALSE,FALSE,Yes,Yes,TRUE,TRUE,TRUE,FALSE,Depends,Depends,Depends,TRUE,0,3,2,Axe,0,TRUE,TRUE,TRUE,FALSE,Yes,FALSE,TRUE,TRUE,TRUE,TRUE,FALSE,FALSE,Depends,Depends,TRUE,FALSE,FALSE,FALSE,TRUE,TRUE,Directional,FALSE,TRUE,TRUE,TRUE,FALSE,100%,Bass,FALSE,FALSE,2,TRUE,163
,Jungle Stairs,jungle_stairs,1.3.1 12w25a,176,FALSE,FALSE,FALSE,Yes,Yes,TRUE,TRUE,TRUE,FALSE,Depends,Depends,Depends,TRUE,0,3,2,Axe,0,TRUE,TRUE,TRUE,FALSE,Yes,FALSE,TRUE,FALSE,TRUE,FALSE,FALSE,FALSE,No,No,FALSE,FALSE,FALSE,FALSE,TRUE,TRUE,Directional,FALSE,TRUE,TRUE,TRUE,FALSE,100%,Bass,FALSE,FALSE,8,TRUE,164
,Jungle Fence,jungle_fence,1.8 14w32b,399,FALSE,FALSE,FALSE,Yes,Yes,TRUE,TRUE,TRUE,FALSE,No,No,No,TRUE,0,3,2,Axe,0,TRUE,TRUE,TRUE,FALSE,Yes,FALSE,TRUE,FALSE,TRUE,FALSE,FALSE,FALSE,No,No,FALSE,FALSE,FALSE,FALSE,TRUE,TRUE,Fully,FALSE,TRUE,TRUE,TRUE,FALSE,100%,Bass,FALSE,FALSE,1,TRUE,165
,Jungle Fence Gate,jungle_fence_gate,1.8 14w32b,400,FALSE,FALSE,FALSE,Yes,Yes,TRUE,TRUE,TRUE,FALSE,No,Depends,No,TRUE,0,3,2,Axe,0,TRUE,TRUE,TRUE,FALSE,No,FALSE,TRUE,FALSE,TRUE,FALSE,FALSE,FALSE,No,No,FALSE,FALSE,FALSE,FALSE,TRUE,TRUE,Fully,FALSE,TRUE,TRUE,FALSE,FALSE,100%,Bass,FALSE,FALSE,2,TRUE,166
,Jungle Door,jungle_door,1.8 14w32d,407,FALSE,FALSE,FALSE,Yes,Yes,TRUE,TRUE,TRUE,FALSE,No,Yes,No,TRUE,0,3,3,Axe,0,TRUE,TRUE,TRUE,FALSE,No,FALSE,TRUE,FALSE,TRUE,FALSE,FALSE,FALSE,No,No,FALSE,FALSE,TRUE,TRUE,FALSE,TRUE,Fully,FALSE,TRUE,TRUE,TRUE,FALSE,100%,Bass,FALSE,FALSE,8,TRUE,167
,Jungle Trapdoor,jungle_trapdoor,1.13 17w47a,518,FALSE,FALSE,FALSE,Yes,Yes,TRUE,TRUE,TRUE,FALSE,No,Depends,Depends,TRUE,0,3,3,Axe,0,TRUE,TRUE,TRUE,FALSE,Yes,FALSE,TRUE,FALSE,TRUE,FALSE,FALSE,FALSE,No,No,FALSE,FALSE,FALSE,FALSE,FALSE,TRUE,Fully,FALSE,TRUE,TRUE,TRUE,FALSE,100%,Bass,FALSE,FALSE,8,TRUE,168
,Jungle Shelf,jungle_shelf,1.21.9 25w31a,1109,FALSE,FALSE,FALSE,Yes,Yes,TRUE,TRUE,TRUE,TRUE,No,No,No,TRUE,0,3,2,Axe,0,TRUE,TRUE,TRUE,FALSE,Yes,FALSE,TRUE,FALSE,TRUE,FALSE,TRUE,FALSE,No,No,FALSE,FALSE,FALSE,FALSE,TRUE,TRUE,Directional,FALSE,TRUE,TRUE,TRUE,FALSE,100%,Bass,FALSE,FALSE,4,TRUE,169
,Jungle Sign,jungle_sign,1.14 18w43a,628,FALSE,FALSE,FALSE,Yes,Yes,TRUE,TRUE,TRUE,TRUE,No,Yes,No,TRUE,0,1,1,Axe,0,TRUE,TRUE,TRUE,TRUE,Yes,FALSE,FALSE,FALSE,TRUE,FALSE,TRUE,FALSE,No,No,FALSE,FALSE,TRUE,TRUE,FALSE,TRUE,Fully,FALSE,TRUE,TRUE,TRUE,FALSE,N/A,Bass,TRUE,FALSE,16,TRUE,170
,Jungle Wall Sign,jungle_wall_sign,1.14 18w43a,629,FALSE,FALSE,FALSE,Yes,Yes,TRUE,FALSE,TRUE,TRUE,No,Yes,No,TRUE,0,1,1,Axe,0,TRUE,TRUE,TRUE,TRUE,Yes,FALSE,FALSE,FALSE,TRUE,FALSE,TRUE,FALSE,No,No,FALSE,FALSE,TRUE,TRUE,FALSE,TRUE,Fully,FALSE,TRUE,TRUE,TRUE,FALSE,N/A,Bass,TRUE,FALSE,4,TRUE,171
,Jungle Hanging Sign,jungle_hanging_sign,1.20 Experimental 22w42a,940,FALSE,FALSE,FALSE,Yes,Yes,TRUE,TRUE,TRUE,TRUE,No,Yes,No,TRUE,0,1,1,Axe,0,TRUE,TRUE,TRUE,TRUE,Yes,FALSE,FALSE,FALSE,TRUE,FALSE,TRUE,FALSE,No,No,FALSE,FALSE,TRUE,TRUE,FALSE,TRUE,Fully,FALSE,TRUE,TRUE,TRUE,FALSE,N/A,Bass,TRUE,FALSE,16,TRUE,172
,Jungle Wall Hanging Sign,jungle_wall_hanging_sign,1.20 Experimental 22w42a,941,FALSE,FALSE,FALSE,Yes,Yes,TRUE,FALSE,TRUE,TRUE,No,Yes,No,TRUE,0,1,1,Axe,0,TRUE,TRUE,TRUE,TRUE,Yes,FALSE,TRUE,FALSE,TRUE,FALSE,TRUE,FALSE,No,No,FALSE,FALSE,TRUE,FALSE,FALSE,TRUE,Fully,FALSE,TRUE,TRUE,TRUE,FALSE,100%,Bass,TRUE,FALSE,4,TRUE,173
,Jungle Pressure Plate,jungle_pressure_plate,1.13 17w47a,519,FALSE,FALSE,FALSE,Yes,Yes,TRUE,TRUE,TRUE,FALSE,No,No,No,FALSE,0,0.5,0.5,Axe,0,TRUE,TRUE,TRUE,TRUE,No,FALSE,FALSE,FALSE,TRUE,FALSE,FALSE,TRUE,No,No,FALSE,FALSE,TRUE,TRUE,FALSE,TRUE,Fully,FALSE,TRUE,TRUE,TRUE,FALSE,N/A,Bass,FALSE,FALSE,1,TRUE,174
,Jungle Button,jungle_button,1.13 17w47a,520,FALSE,FALSE,FALSE,Yes,Yes,TRUE,TRUE,TRUE,FALSE,No,No,No,FALSE,0,0.5,0.5,Axe,0,TRUE,TRUE,TRUE,TRUE,No,TRUE,FALSE,FALSE,TRUE,FALSE,FALSE,TRUE,No,No,FALSE,FALSE,TRUE,TRUE,FALSE,FALSE,Fully,FALSE,TRUE,TRUE,FALSE,FALSE,N/A,Harp,FALSE,FALSE,12,TRUE,175
,Dark Oak Log,dark_oak_log,1.7.2 13w43a,334,FALSE,FALSE,FALSE,Yes,Yes,TRUE,TRUE,TRUE,FALSE,Yes,No,Yes,FALSE,0,2,2,Axe,0,TRUE,TRUE,TRUE,FALSE,No,FALSE,TRUE,TRUE,TRUE,TRUE,FALSE,FALSE,Yes,Yes,TRUE,FALSE,FALSE,FALSE,TRUE,TRUE,No,FALSE,FALSE,FALSE,TRUE,FALSE,100%,Bass,FALSE,FALSE,3,TRUE,176
,Dark Oak Wood,dark_oak_wood,1.7.2 13w43a,335,FALSE,FALSE,FALSE,Yes,Yes,TRUE,TRUE,TRUE,FALSE,Yes,No,Yes,FALSE,0,2,2,Axe,0,TRUE,TRUE,TRUE,FALSE,No,FALSE,TRUE,TRUE,TRUE,TRUE,FALSE,FALSE,Yes,Yes,TRUE,FALSE,FALSE,FALSE,TRUE,TRUE,No,FALSE,FALSE,FALSE,TRUE,FALSE,100%,Bass,FALSE,FALSE,3,TRUE,177
,Stripped Dark Oak Log,stripped_dark_oak_log,1.13 18w07a,536,FALSE,FALSE,FALSE,Yes,Yes,TRUE,TRUE,TRUE,FALSE,Yes,No,Yes,FALSE,0,2,2,Axe,0,TRUE,TRUE,TRUE,FALSE,No,FALSE,TRUE,TRUE,TRUE,TRUE,FALSE,FALSE,Yes,Yes,TRUE,FALSE,FALSE,FALSE,TRUE,TRUE,No,FALSE,FALSE,FALSE,TRUE,FALSE,100%,Bass,FALSE,FALSE,3,TRUE,178
,Stripped Dark Oak Wood,stripped_dark_oak_wood,1.13 pre2,579,FALSE,FALSE,FALSE,Yes,Yes,TRUE,TRUE,TRUE,FALSE,Yes,No,Yes,FALSE,0,2,2,Axe,0,TRUE,TRUE,TRUE,FALSE,No,FALSE,TRUE,TRUE,TRUE,TRUE,FALSE,FALSE,Yes,Yes,TRUE,FALSE,FALSE,FALSE,TRUE,TRUE,No,FALSE,FALSE,FALSE,TRUE,FALSE,100%,Bass,FALSE,FALSE,3,TRUE,179
,Dark Oak Planks,dark_oak_planks,1.7,266,FALSE,FALSE,FALSE,Yes,Yes,TRUE,TRUE,TRUE,FALSE,Yes,No,Yes,FALSE,0,3,2,Axe,0,TRUE,TRUE,TRUE,FALSE,No,FALSE,TRUE,TRUE,TRUE,TRUE,FALSE,FALSE,Yes,Yes,TRUE,FALSE,FALSE,FALSE,TRUE,TRUE,No,FALSE,FALSE,FALSE,TRUE,FALSE,100%,Bass,FALSE,FALSE,1,FALSE,180
,Dark Oak Slab,dark_oak_slab,1.7,267,FALSE,FALSE,FALSE,Yes,Yes,TRUE,TRUE,TRUE,FALSE,Depends,Depends,Depends,TRUE,0,3,2,Axe,0,TRUE,TRUE,TRUE,FALSE,Yes,FALSE,TRUE,TRUE,TRUE,TRUE,FALSE,FALSE,Depends,Depends,TRUE,FALSE,FALSE,FALSE,TRUE,TRUE,Directional,FALSE,TRUE,TRUE,TRUE,FALSE,100%,Bass,FALSE,FALSE,2,TRUE,181
,Dark Oak Stairs,dark_oak_stairs,1.7,268,FALSE,FALSE,FALSE,Yes,Yes,TRUE,TRUE,TRUE,FALSE,Depends,Depends,Depends,TRUE,0,3,2,Axe,0,TRUE,TRUE,TRUE,FALSE,Yes,FALSE,TRUE,FALSE,TRUE,FALSE,FALSE,FALSE,No,No,FALSE,FALSE,FALSE,FALSE,TRUE,TRUE,Directional,FALSE,TRUE,TRUE,TRUE,FALSE,100%,Bass,FALSE,FALSE,8,TRUE,182
,Dark Oak Fence,dark_oak_fence,1.8 14w32b,401,FALSE,FALSE,FALSE,Yes,Yes,TRUE,TRUE,TRUE,FALSE,No,No,No,TRUE,0,3,2,Axe,0,TRUE,TRUE,TRUE,FALSE,Yes,FALSE,TRUE,FALSE,TRUE,FALSE,FALSE,FALSE,No,No,FALSE,FALSE,FALSE,FALSE,TRUE,TRUE,Fully,FALSE,TRUE,TRUE,TRUE,FALSE,100%,Bass,FALSE,FALSE,1,TRUE,183
,Dark Oak Fence Gate,dark_oak_fence_gate,1.8 14w32b,402,FALSE,FALSE,FALSE,Yes,Yes,TRUE,TRUE,TRUE,FALSE,No,Depends,No,TRUE,0,3,2,Axe,0,TRUE,TRUE,TRUE,FALSE,No,FALSE,TRUE,FALSE,TRUE,FALSE,FALSE,FALSE,No,No,FALSE,FALSE,FALSE,FALSE,TRUE,TRUE,Fully,FALSE,TRUE,TRUE,FALSE,FALSE,100%,Bass,FALSE,FALSE,2,TRUE,184
,Dark Oak Door,dark_oak_door,1.8 14w32d,408,FALSE,FALSE,FALSE,Yes,Yes,TRUE,TRUE,TRUE,FALSE,No,Yes,No,TRUE,0,3,3,Axe,0,TRUE,TRUE,TRUE,FALSE,No,FALSE,TRUE,FALSE,TRUE,FALSE,FALSE,FALSE,No,No,FALSE,FALSE,TRUE,TRUE,FALSE,TRUE,Fully,FALSE,TRUE,TRUE,TRUE,FALSE,100%,Bass,FALSE,FALSE,8,TRUE,185
,Dark Oak Trapdoor,dark_oak_trapdoor,1.13 17w47a,521,FALSE,FALSE,FALSE,Yes,Yes,TRUE,TRUE,TRUE,FALSE,No,Depends,Depends,TRUE,0,3,3,Axe,0,TRUE,TRUE,TRUE,FALSE,Yes,FALSE,TRUE,FALSE,TRUE,FALSE,FALSE,FALSE,No,No,FALSE,FALSE,FALSE,FALSE,FALSE,TRUE,Fully,FALSE,TRUE,TRUE,TRUE,FALSE,100%,Bass,FALSE,FALSE,8,TRUE,186
,Dark Oak Shelf,dark_oak_shelf,1.21.9 25w31a,1110,FALSE,FALSE,FALSE,Yes,Yes,TRUE,TRUE,TRUE,FALSE,No,No,No,TRUE,0,3,2,Axe,0,TRUE,TRUE,TRUE,FALSE,Yes,FALSE,TRUE,FALSE,TRUE,FALSE,TRUE,FALSE,No,No,FALSE,FALSE,FALSE,FALSE,TRUE,TRUE,Directional,FALSE,TRUE,TRUE,TRUE,FALSE,100%,Bass,FALSE,FALSE,4,TRUE,187
,Dark Oak Sign,dark_oak_sign,1.14 18w43a,630,FALSE,FALSE,FALSE,Yes,Yes,TRUE,TRUE,TRUE,TRUE,No,Yes,No,TRUE,0,1,1,Axe,0,TRUE,TRUE,TRUE,TRUE,Yes,FALSE,FALSE,FALSE,TRUE,FALSE,TRUE,FALSE,No,No,FALSE,FALSE,TRUE,TRUE,FALSE,TRUE,Fully,FALSE,TRUE,TRUE,TRUE,FALSE,N/A,Bass,TRUE,FALSE,16,TRUE,188
,Dark Oak Wall Sign,dark_oak_wall_sign,1.14 18w43a,631,FALSE,FALSE,FALSE,Yes,Yes,TRUE,FALSE,TRUE,TRUE,No,Yes,No,TRUE,0,1,1,Axe,0,TRUE,TRUE,TRUE,TRUE,Yes,FALSE,FALSE,FALSE,TRUE,FALSE,TRUE,FALSE,No,No,FALSE,FALSE,TRUE,TRUE,FALSE,TRUE,Fully,FALSE,TRUE,TRUE,TRUE,FALSE,N/A,Bass,TRUE,FALSE,4,TRUE,189
,Dark Oak Hanging Sign,dark_oak_hanging_sign,1.20 Experimental 22w42a,942,FALSE,FALSE,FALSE,Yes,Yes,TRUE,TRUE,TRUE,TRUE,No,Yes,No,TRUE,0,1,1,Axe,0,TRUE,TRUE,TRUE,TRUE,Yes,FALSE,FALSE,FALSE,TRUE,FALSE,TRUE,FALSE,No,No,FALSE,FALSE,TRUE,TRUE,FALSE,TRUE,Fully,FALSE,TRUE,TRUE,TRUE,FALSE,N/A,Bass,TRUE,FALSE,16,TRUE,190
,Dark Oak Wall Hanging Sign,dark_oak_wall_hanging_sign,1.20 Experimental 22w42a,943,FALSE,FALSE,FALSE,Yes,Yes,TRUE,FALSE,TRUE,TRUE,No,Yes,No,TRUE,0,1,1,Axe,0,TRUE,TRUE,TRUE,TRUE,Yes,FALSE,TRUE,FALSE,TRUE,FALSE,TRUE,FALSE,No,No,FALSE,FALSE,TRUE,FALSE,FALSE,TRUE,Fully,FALSE,TRUE,TRUE,TRUE,FALSE,100%,Bass,TRUE,FALSE,4,TRUE,191
,Dark Oak Pressure Plate,dark_oak_pressure_plate,1.13 17w47a,522,FALSE,FALSE,FALSE,Yes,Yes,TRUE,TRUE,TRUE,FALSE,No,No,No,FALSE,0,0.5,0.5,Axe,0,TRUE,TRUE,TRUE,TRUE,No,FALSE,FALSE,FALSE,TRUE,FALSE,FALSE,TRUE,No,No,FALSE,FALSE,TRUE,TRUE,FALSE,TRUE,Fully,FALSE,TRUE,TRUE,TRUE,FALSE,N/A,Bass,FALSE,FALSE,1,TRUE,192
,Dark Oak Button,dark_oak_button,1.13 17w47a,523,FALSE,FALSE,FALSE,Yes,Yes,TRUE,TRUE,TRUE,FALSE,No,No,No,FALSE,0,0.5,0.5,Axe,0,TRUE,TRUE,TRUE,TRUE,No,TRUE,FALSE,FALSE,TRUE,FALSE,FALSE,TRUE,No,No,FALSE,FALSE,TRUE,TRUE,FALSE,FALSE,Fully,FALSE,TRUE,TRUE,FALSE,FALSE,N/A,Harp,FALSE,FALSE,12,TRUE,193
,Acacia Log,acacia_logs,1.7.2 13w43a,336,FALSE,FALSE,FALSE,Yes,Yes,TRUE,TRUE,TRUE,FALSE,Yes,No,Yes,FALSE,0,2,2,Axe,0,TRUE,TRUE,TRUE,FALSE,No,FALSE,TRUE,TRUE,TRUE,TRUE,FALSE,FALSE,Yes,Yes,TRUE,FALSE,FALSE,FALSE,TRUE,TRUE,No,FALSE,FALSE,FALSE,TRUE,FALSE,100%,Bass,FALSE,FALSE,3,TRUE,194
,Acacia Wood,acacia_wood,1.7.2 13w43a,337,FALSE,FALSE,FALSE,Yes,Yes,TRUE,TRUE,TRUE,FALSE,Yes,No,Yes,FALSE,0,2,2,Axe,0,TRUE,TRUE,TRUE,FALSE,No,FALSE,TRUE,TRUE,TRUE,TRUE,FALSE,FALSE,Yes,Yes,TRUE,FALSE,FALSE,FALSE,TRUE,TRUE,No,FALSE,FALSE,FALSE,TRUE,FALSE,100%,Bass,FALSE,FALSE,3,TRUE,195
,Stripped Acacia Log,stripped_acacia_log,1.13 18w07a,537,FALSE,FALSE,FALSE,Yes,Yes,TRUE,TRUE,TRUE,FALSE,Yes,No,Yes,FALSE,0,2,2,Axe,0,TRUE,TRUE,TRUE,FALSE,No,FALSE,TRUE,TRUE,TRUE,TRUE,FALSE,FALSE,Yes,Yes,TRUE,FALSE,FALSE,FALSE,TRUE,TRUE,No,FALSE,FALSE,FALSE,TRUE,FALSE,100%,Bass,FALSE,FALSE,3,TRUE,196
,Stripped Acacia Wood,stripped_acacia_wood,1.13 pre2,580,FALSE,FALSE,FALSE,Yes,Yes,TRUE,TRUE,TRUE,FALSE,Yes,No,Yes,FALSE,0,2,2,Axe,0,TRUE,TRUE,TRUE,FALSE,No,FALSE,TRUE,TRUE,TRUE,TRUE,FALSE,FALSE,Yes,Yes,TRUE,FALSE,FALSE,FALSE,TRUE,TRUE,No,FALSE,FALSE,FALSE,TRUE,FALSE,100%,Bass,FALSE,FALSE,3,TRUE,197
,Acacia Planks,acacia_planks,1.7,269,FALSE,FALSE,FALSE,Yes,Yes,TRUE,TRUE,TRUE,FALSE,Yes,No,Yes,FALSE,0,3,2,Axe,0,TRUE,TRUE,TRUE,FALSE,No,FALSE,TRUE,TRUE,TRUE,TRUE,FALSE,FALSE,Yes,Yes,TRUE,FALSE,FALSE,FALSE,TRUE,TRUE,No,FALSE,FALSE,FALSE,TRUE,FALSE,100%,Bass,FALSE,FALSE,1,FALSE,198
,Acacia Slab,acacia_slab,1.7,270,FALSE,FALSE,FALSE,Yes,Yes,TRUE,TRUE,TRUE,FALSE,Depends,Depends,Depends,TRUE,0,3,2,Axe,0,TRUE,TRUE,TRUE,FALSE,Yes,FALSE,TRUE,TRUE,TRUE,TRUE,FALSE,FALSE,Depends,Depends,TRUE,FALSE,FALSE,FALSE,TRUE,TRUE,Directional,FALSE,TRUE,TRUE,TRUE,FALSE,100%,Bass,FALSE,FALSE,2,TRUE,199
,Acacia Stairs,acacia_stairs,1.7,271,FALSE,FALSE,FALSE,Yes,Yes,TRUE,TRUE,TRUE,FALSE,Depends,Depends,Depends,TRUE,0,3,2,Axe,0,TRUE,TRUE,TRUE,FALSE,Yes,FALSE,TRUE,FALSE,TRUE,FALSE,FALSE,FALSE,No,No,FALSE,FALSE,FALSE,FALSE,TRUE,TRUE,Directional,FALSE,TRUE,TRUE,TRUE,FALSE,100%,Bass,FALSE,FALSE,8,TRUE,200
,Acacia Fence,acacia_fence,1.8 14w32b,403,FALSE,FALSE,FALSE,Yes,Yes,TRUE,TRUE,TRUE,FALSE,No,No,No,TRUE,0,3,2,Axe,0,TRUE,TRUE,TRUE,FALSE,Yes,FALSE,TRUE,FALSE,TRUE,FALSE,FALSE,FALSE,No,No,FALSE,FALSE,FALSE,FALSE,TRUE,TRUE,Fully,FALSE,TRUE,TRUE,TRUE,FALSE,100%,Bass,FALSE,FALSE,1,TRUE,201
,Acacia Fence Gate,acacia_fence_gate,1.8 14w32b,404,FALSE,FALSE,FALSE,Yes,Yes,TRUE,TRUE,TRUE,FALSE,No,Depends,No,TRUE,0,3,2,Axe,0,TRUE,TRUE,TRUE,FALSE,No,FALSE,TRUE,FALSE,TRUE,FALSE,FALSE,FALSE,No,No,FALSE,FALSE,FALSE,FALSE,TRUE,TRUE,Fully,FALSE,TRUE,TRUE,FALSE,FALSE,100%,Bass,FALSE,FALSE,2,TRUE,202
,Acacia Door,acacia_door,1.8 14w32d,409,FALSE,FALSE,FALSE,Yes,Yes,TRUE,TRUE,TRUE,FALSE,No,Yes,No,TRUE,0,3,3,Axe,0,TRUE,TRUE,TRUE,FALSE,No,FALSE,TRUE,FALSE,TRUE,FALSE,FALSE,FALSE,No,No,FALSE,FALSE,TRUE,TRUE,FALSE,TRUE,Fully,FALSE,TRUE,TRUE,TRUE,FALSE,100%,Bass,FALSE,FALSE,8,TRUE,203
,Acacia Trapdoor,acacia_trapdoor,1.13 17w47a,524,FALSE,FALSE,FALSE,Yes,Yes,TRUE,TRUE,TRUE,FALSE,No,Depends,Depends,TRUE,0,3,3,Axe,0,TRUE,TRUE,TRUE,FALSE,Yes,FALSE,TRUE,FALSE,TRUE,FALSE,FALSE,FALSE,No,No,FALSE,FALSE,FALSE,FALSE,FALSE,TRUE,Fully,FALSE,TRUE,TRUE,TRUE,FALSE,100%,Bass,FALSE,FALSE,8,TRUE,204
,Acacia Shelf,acacia_shelf,1.21.9 25w31a,1111,FALSE,FALSE,FALSE,Yes,Yes,TRUE,TRUE,TRUE,TRUE,No,No,No,TRUE,0,3,2,Axe,0,TRUE,TRUE,TRUE,FALSE,Yes,FALSE,TRUE,FALSE,TRUE,FALSE,TRUE,FALSE,No,No,FALSE,FALSE,FALSE,FALSE,TRUE,TRUE,Directional,FALSE,TRUE,TRUE,TRUE,FALSE,100%,Bass,FALSE,FALSE,4,TRUE,205
,Acacia Sign,acacia_sign,1.14 18w43a,632,FALSE,FALSE,FALSE,Yes,Yes,TRUE,TRUE,TRUE,TRUE,No,Yes,No,TRUE,0,1,1,Axe,0,TRUE,TRUE,TRUE,TRUE,Yes,FALSE,FALSE,FALSE,TRUE,FALSE,TRUE,FALSE,No,No,FALSE,FALSE,TRUE,TRUE,FALSE,TRUE,Fully,FALSE,TRUE,TRUE,TRUE,FALSE,N/A,Bass,TRUE,FALSE,16,TRUE,206
,Acacia Wall Sign,acacia_wall_sign,1.14 18w43a,633,FALSE,FALSE,FALSE,Yes,Yes,TRUE,FALSE,TRUE,TRUE,No,Yes,No,TRUE,0,1,1,Axe,0,TRUE,TRUE,TRUE,TRUE,Yes,FALSE,FALSE,FALSE,TRUE,FALSE,TRUE,FALSE,No,No,FALSE,FALSE,TRUE,TRUE,FALSE,TRUE,Fully,FALSE,TRUE,TRUE,TRUE,FALSE,N/A,Bass,TRUE,FALSE,4,TRUE,207
,Acacia Hanging Sign,acacia_hanging_sign,1.20 Experimental 22w42a,944,FALSE,FALSE,FALSE,Yes,Yes,TRUE,TRUE,TRUE,TRUE,No,Yes,No,TRUE,0,1,1,Axe,0,TRUE,TRUE,TRUE,TRUE,Yes,FALSE,FALSE,FALSE,TRUE,FALSE,TRUE,FALSE,No,No,FALSE,FALSE,TRUE,TRUE,FALSE,TRUE,Fully,FALSE,TRUE,TRUE,TRUE,FALSE,N/A,Bass,TRUE,FALSE,16,TRUE,208
,Acacia Wall Hanging Sign,acacia_wall_hanging_sign,1.20 Experimental 22w42a,945,FALSE,FALSE,FALSE,Yes,Yes,TRUE,FALSE,TRUE,TRUE,No,Yes,No,TRUE,0,1,1,Axe,0,TRUE,TRUE,TRUE,TRUE,Yes,FALSE,TRUE,FALSE,TRUE,FALSE,TRUE,FALSE,No,No,FALSE,FALSE,TRUE,FALSE,FALSE,TRUE,Fully,FALSE,TRUE,TRUE,TRUE,FALSE,100%,Bass,TRUE,FALSE,4,TRUE,209
,Acacia Pressure Plate,acacia_pressure_plate,1.13 17w47a,525,FALSE,FALSE,FALSE,Yes,Yes,TRUE,TRUE,TRUE,FALSE,No,No,No,FALSE,0,0.5,0.5,Axe,0,TRUE,TRUE,TRUE,TRUE,No,FALSE,FALSE,FALSE,TRUE,FALSE,FALSE,TRUE,No,No,FALSE,FALSE,TRUE,TRUE,FALSE,TRUE,Fully,FALSE,TRUE,TRUE,TRUE,FALSE,N/A,Bass,FALSE,FALSE,1,TRUE,210
,Acacia Button,acacia_button,1.13 17w47a,526,FALSE,FALSE,FALSE,Yes,Yes,TRUE,TRUE,TRUE,FALSE,No,No,No,FALSE,0,0.5,0.5,Axe,0,TRUE,TRUE,TRUE,TRUE,No,TRUE,FALSE,FALSE,TRUE,FALSE,FALSE,TRUE,No,No,FALSE,FALSE,TRUE,TRUE,FALSE,FALSE,Fully,FALSE,TRUE,TRUE,FALSE,FALSE,N/A,Harp,FALSE,FALSE,12,TRUE,211
,Mangrove Log,mangrove_log,1.19 22w11a,904,FALSE,FALSE,FALSE,Yes,Yes,TRUE,TRUE,TRUE,FALSE,Yes,No,Yes,FALSE,0,2,2,Axe,0,TRUE,TRUE,TRUE,FALSE,No,FALSE,TRUE,TRUE,TRUE,TRUE,FALSE,FALSE,Yes,Yes,TRUE,FALSE,FALSE,FALSE,TRUE,TRUE,No,FALSE,FALSE,FALSE,TRUE,FALSE,100%,Bass,FALSE,FALSE,3,TRUE,212
,Mangrove Wood,mangrove_wood,1.19 22w11a,905,FALSE,FALSE,FALSE,Yes,Yes,TRUE,TRUE,TRUE,FALSE,Yes,No,Yes,FALSE,0,2,2,Axe,0,TRUE,TRUE,TRUE,FALSE,No,FALSE,TRUE,TRUE,TRUE,TRUE,FALSE,FALSE,Yes,Yes,TRUE,FALSE,FALSE,FALSE,TRUE,TRUE,No,FALSE,FALSE,FALSE,TRUE,FALSE,100%,Bass,FALSE,FALSE,3,TRUE,213
,Stripped Mangrove Log,stripped_mangrove_log,1.19 22w11a,906,FALSE,FALSE,FALSE,Yes,Yes,TRUE,TRUE,TRUE,FALSE,Yes,No,Yes,FALSE,0,2,2,Axe,0,TRUE,TRUE,TRUE,FALSE,No,FALSE,TRUE,TRUE,TRUE,TRUE,FALSE,FALSE,Yes,Yes,TRUE,FALSE,FALSE,FALSE,TRUE,TRUE,No,FALSE,FALSE,FALSE,TRUE,FALSE,100%,Bass,FALSE,FALSE,3,TRUE,214
,Stripped Mangrove Wood,stripped_mangrove_wood,1.19 22w11a,907,FALSE,FALSE,FALSE,Yes,Yes,TRUE,TRUE,TRUE,FALSE,Yes,No,Yes,FALSE,0,2,2,Axe,0,TRUE,TRUE,TRUE,FALSE,No,FALSE,TRUE,TRUE,TRUE,TRUE,FALSE,FALSE,Yes,Yes,TRUE,FALSE,FALSE,FALSE,TRUE,TRUE,No,FALSE,FALSE,FALSE,TRUE,FALSE,100%,Bass,FALSE,FALSE,3,TRUE,215
,Mangrove Planks,mangrove_planks,1.19 22w11a,908,FALSE,FALSE,FALSE,Yes,Yes,TRUE,TRUE,TRUE,FALSE,Yes,No,Yes,FALSE,0,3,2,Axe,0,TRUE,TRUE,TRUE,FALSE,No,FALSE,TRUE,TRUE,TRUE,TRUE,FALSE,FALSE,Yes,Yes,TRUE,FALSE,FALSE,FALSE,TRUE,TRUE,No,FALSE,FALSE,FALSE,TRUE,FALSE,100%,Bass,FALSE,FALSE,1,FALSE,216
,Mangrove Slab,mangrove_slab,1.19 22w11a,909,FALSE,FALSE,FALSE,Yes,Yes,TRUE,TRUE,TRUE,FALSE,Depends,Depends,Depends,TRUE,0,3,2,Axe,0,TRUE,TRUE,TRUE,FALSE,Yes,FALSE,TRUE,TRUE,TRUE,TRUE,FALSE,FALSE,Depends,Depends,TRUE,FALSE,FALSE,FALSE,TRUE,TRUE,Directional,FALSE,TRUE,TRUE,TRUE,FALSE,100%,Bass,FALSE,FALSE,2,TRUE,217
,Mangrove Stairs,mangrove_stairs,1.19 22w11a,910,FALSE,FALSE,FALSE,Yes,Yes,TRUE,TRUE,TRUE,FALSE,Depends,Depends,Depends,TRUE,0,3,2,Axe,0,TRUE,TRUE,TRUE,FALSE,Yes,FALSE,TRUE,FALSE,TRUE,FALSE,FALSE,FALSE,No,No,FALSE,FALSE,FALSE,FALSE,TRUE,TRUE,Directional,FALSE,TRUE,TRUE,TRUE,FALSE,100%,Bass,FALSE,FALSE,8,TRUE,218
,Mangrove Fence,mangrove_fence,1.19 22w11a,911,FALSE,FALSE,FALSE,Yes,Yes,TRUE,TRUE,TRUE,FALSE,No,No,No,TRUE,0,3,2,Axe,0,TRUE,TRUE,TRUE,FALSE,Yes,FALSE,TRUE,FALSE,TRUE,FALSE,FALSE,FALSE,No,No,FALSE,FALSE,FALSE,FALSE,TRUE,TRUE,Fully,FALSE,TRUE,TRUE,TRUE,FALSE,100%,Bass,FALSE,FALSE,1,TRUE,219
,Mangrove Fence Gate,mangrove_gate,1.19 22w11a,912,FALSE,FALSE,FALSE,Yes,Yes,TRUE,TRUE,TRUE,FALSE,No,Depends,No,TRUE,0,3,2,Axe,0,TRUE,TRUE,TRUE,FALSE,No,FALSE,TRUE,FALSE,TRUE,FALSE,FALSE,FALSE,No,No,FALSE,FALSE,FALSE,FALSE,TRUE,TRUE,Fully,FALSE,TRUE,TRUE,FALSE,FALSE,100%,Bass,FALSE,FALSE,2,TRUE,220
,Mangrove Door,mangrove_door,1.19 22w11a,913,FALSE,FALSE,FALSE,Yes,Yes,TRUE,TRUE,TRUE,FALSE,No,Yes,No,TRUE,0,3,3,Axe,0,TRUE,TRUE,TRUE,FALSE,No,FALSE,TRUE,FALSE,TRUE,FALSE,FALSE,FALSE,No,No,FALSE,FALSE,TRUE,TRUE,FALSE,TRUE,Fully,FALSE,TRUE,TRUE,TRUE,FALSE,100%,Bass,FALSE,FALSE,8,TRUE,221
,Mangrove Trapdoor,mangrove_trapdoor,1.19 22w11a,914,FALSE,FALSE,FALSE,Yes,Yes,TRUE,TRUE,TRUE,FALSE,No,Depends,Depends,TRUE,0,3,3,Axe,0,TRUE,TRUE,TRUE,FALSE,Yes,FALSE,TRUE,FALSE,TRUE,FALSE,FALSE,FALSE,No,No,FALSE,FALSE,FALSE,FALSE,FALSE,TRUE,Fully,FALSE,TRUE,TRUE,TRUE,FALSE,100%,Bass,FALSE,FALSE,8,TRUE,222
,Mangrove Shelf,mangrove_shelf,1.21.9 25w31a,1112,FALSE,FALSE,FALSE,Yes,Yes,TRUE,TRUE,TRUE,TRUE,No,No,No,TRUE,0,3,2,Axe,0,TRUE,TRUE,TRUE,FALSE,Yes,FALSE,TRUE,FALSE,TRUE,FALSE,TRUE,FALSE,No,No,FALSE,FALSE,FALSE,FALSE,TRUE,TRUE,Directional,FALSE,TRUE,TRUE,TRUE,FALSE,100%,Bass,FALSE,FALSE,4,TRUE,223
,Mangrove Sign,mangrove_sign,1.19 22w11a,915,FALSE,FALSE,FALSE,Yes,Yes,TRUE,TRUE,TRUE,TRUE,No,Yes,No,TRUE,0,1,1,Axe,0,TRUE,TRUE,TRUE,TRUE,Yes,FALSE,FALSE,FALSE,TRUE,FALSE,TRUE,FALSE,No,No,FALSE,FALSE,TRUE,TRUE,FALSE,TRUE,Fully,FALSE,TRUE,TRUE,TRUE,FALSE,N/A,Bass,TRUE,FALSE,16,TRUE,224
,Mangrove Wall Sign,mangrove_wall_sign,1.19 22w11a,916,FALSE,FALSE,FALSE,Yes,Yes,TRUE,FALSE,TRUE,TRUE,No,Yes,No,TRUE,0,1,1,Axe,0,TRUE,TRUE,TRUE,TRUE,Yes,FALSE,FALSE,FALSE,TRUE,FALSE,TRUE,FALSE,No,No,FALSE,FALSE,TRUE,TRUE,FALSE,TRUE,Fully,FALSE,TRUE,TRUE,TRUE,FALSE,N/A,Bass,TRUE,FALSE,4,TRUE,225
,Mangrove Hanging Sign,mangrove_hanging_sign,1.20 Experimental 22w42a,946,FALSE,FALSE,FALSE,Yes,Yes,TRUE,TRUE,TRUE,TRUE,No,Yes,No,TRUE,0,1,1,Axe,0,TRUE,TRUE,TRUE,TRUE,Yes,FALSE,FALSE,FALSE,TRUE,FALSE,TRUE,FALSE,No,No,FALSE,FALSE,TRUE,TRUE,FALSE,TRUE,Fully,FALSE,TRUE,TRUE,TRUE,FALSE,N/A,Bass,TRUE,FALSE,16,TRUE,226
,Mangrove Wall Hanging Sign,mangrove_wall_hanging_sign,1.20 Experimental 22w42a,947,FALSE,FALSE,FALSE,Yes,Yes,TRUE,FALSE,TRUE,TRUE,No,Yes,No,TRUE,0,1,1,Axe,0,TRUE,TRUE,TRUE,TRUE,Yes,FALSE,TRUE,FALSE,TRUE,FALSE,TRUE,FALSE,No,No,FALSE,FALSE,TRUE,FALSE,FALSE,TRUE,Fully,FALSE,TRUE,TRUE,TRUE,FALSE,100%,Bass,TRUE,FALSE,4,TRUE,227
,Mangrove Pressure Plate,mangrove_pressure_plate,1.19 22w11a,917,FALSE,FALSE,FALSE,Yes,Yes,TRUE,TRUE,TRUE,FALSE,No,No,No,FALSE,0,0.5,0.5,Axe,0,TRUE,TRUE,TRUE,TRUE,No,FALSE,FALSE,FALSE,TRUE,FALSE,FALSE,TRUE,No,No,FALSE,FALSE,TRUE,TRUE,FALSE,TRUE,Fully,FALSE,TRUE,TRUE,TRUE,FALSE,N/A,Bass,FALSE,FALSE,1,TRUE,228
,Mangrove Button,mangrove_button,1.19 22w11a,918,FALSE,FALSE,FALSE,Yes,Yes,TRUE,TRUE,TRUE,FALSE,No,No,No,FALSE,0,0.5,0.5,Axe,0,TRUE,TRUE,TRUE,TRUE,No,TRUE,FALSE,FALSE,TRUE,FALSE,FALSE,TRUE,No,No,FALSE,FALSE,TRUE,TRUE,FALSE,FALSE,Fully,FALSE,TRUE,TRUE,FALSE,FALSE,N/A,Harp,FALSE,FALSE,12,TRUE,229
,Cherry Log,cherry_log,1.20 Experimental 23w07a,973,FALSE,FALSE,FALSE,Yes,Yes,TRUE,TRUE,TRUE,FALSE,Yes,No,Yes,FALSE,0,2,2,Axe,0,TRUE,TRUE,TRUE,FALSE,No,FALSE,TRUE,TRUE,TRUE,TRUE,FALSE,FALSE,Yes,Yes,TRUE,FALSE,FALSE,FALSE,TRUE,TRUE,No,FALSE,FALSE,FALSE,TRUE,FALSE,100%,Bass,FALSE,FALSE,3,TRUE,230
,Cherry Wood,cherry_wood,1.20 Experimental 23w07a,974,FALSE,FALSE,FALSE,Yes,Yes,TRUE,TRUE,TRUE,FALSE,Yes,No,Yes,FALSE,0,2,2,Axe,0,TRUE,TRUE,TRUE,FALSE,No,FALSE,TRUE,TRUE,TRUE,TRUE,FALSE,FALSE,Yes,Yes,TRUE,FALSE,FALSE,FALSE,TRUE,TRUE,No,FALSE,FALSE,FALSE,TRUE,FALSE,100%,Bass,FALSE,FALSE,3,TRUE,231
,Stripped Cherry Log,stripped_cherry_log,1.20 Experimental 23w07a,975,FALSE,FALSE,FALSE,Yes,Yes,TRUE,TRUE,TRUE,FALSE,Yes,No,Yes,FALSE,0,2,2,Axe,0,TRUE,TRUE,TRUE,FALSE,No,FALSE,TRUE,TRUE,TRUE,TRUE,FALSE,FALSE,Yes,Yes,TRUE,FALSE,FALSE,FALSE,TRUE,TRUE,No,FALSE,FALSE,FALSE,TRUE,FALSE,100%,Bass,FALSE,FALSE,3,TRUE,232
,Stripped Cherry Wood,stripped_cherry_wood,1.20 Experimental 23w07a,976,FALSE,FALSE,FALSE,Yes,Yes,TRUE,TRUE,TRUE,FALSE,Yes,No,Yes,FALSE,0,2,2,Axe,0,TRUE,TRUE,TRUE,FALSE,No,FALSE,TRUE,TRUE,TRUE,TRUE,FALSE,FALSE,Yes,Yes,TRUE,FALSE,FALSE,FALSE,TRUE,TRUE,No,FALSE,FALSE,FALSE,TRUE,FALSE,100%,Bass,FALSE,FALSE,3,TRUE,233
,Cherry Planks,cherry_planks,1.20 Experimental 23w07a,977,FALSE,FALSE,FALSE,Yes,Yes,TRUE,TRUE,TRUE,FALSE,Yes,No,Yes,FALSE,0,3,2,Axe,0,TRUE,TRUE,TRUE,FALSE,No,FALSE,TRUE,TRUE,TRUE,TRUE,FALSE,FALSE,Yes,Yes,TRUE,FALSE,FALSE,FALSE,TRUE,TRUE,No,FALSE,FALSE,FALSE,TRUE,FALSE,100%,Bass,FALSE,FALSE,1,FALSE,234
,Cherry Slab,cherry_slab,1.20 Experimental 23w07a,978,FALSE,FALSE,FALSE,Yes,Yes,TRUE,TRUE,TRUE,FALSE,Depends,Depends,Depends,TRUE,0,3,2,Axe,0,TRUE,TRUE,TRUE,FALSE,Yes,FALSE,TRUE,TRUE,TRUE,TRUE,FALSE,FALSE,Depends,Depends,TRUE,FALSE,FALSE,FALSE,TRUE,TRUE,Directional,FALSE,TRUE,TRUE,TRUE,FALSE,100%,Bass,FALSE,FALSE,2,TRUE,235
,Cherry Stairs,cherry_stairs,1.20 Experimental 23w07a,979,FALSE,FALSE,FALSE,Yes,Yes,TRUE,TRUE,TRUE,FALSE,Depends,Depends,Depends,TRUE,0,3,2,Axe,0,TRUE,TRUE,TRUE,FALSE,Yes,FALSE,TRUE,FALSE,TRUE,FALSE,FALSE,FALSE,No,No,FALSE,FALSE,FALSE,FALSE,TRUE,TRUE,Directional,FALSE,TRUE,TRUE,TRUE,FALSE,100%,Bass,FALSE,FALSE,8,TRUE,236
,Cherry Fence,cherry_fence,1.20 Experimental 23w07a,980,FALSE,FALSE,FALSE,Yes,Yes,TRUE,TRUE,TRUE,FALSE,No,No,No,TRUE,0,3,2,Axe,0,TRUE,TRUE,TRUE,FALSE,Yes,FALSE,TRUE,FALSE,TRUE,FALSE,FALSE,FALSE,No,No,FALSE,FALSE,FALSE,FALSE,TRUE,TRUE,Fully,FALSE,TRUE,TRUE,TRUE,FALSE,100%,Bass,FALSE,FALSE,1,TRUE,237
,Cherry Fence Gate,cherry_fence_gate,1.20 Experimental 23w07a,981,FALSE,FALSE,FALSE,Yes,Yes,TRUE,TRUE,TRUE,FALSE,No,Depends,No,TRUE,0,3,2,Axe,0,TRUE,TRUE,TRUE,FALSE,No,FALSE,TRUE,FALSE,TRUE,FALSE,FALSE,FALSE,No,No,FALSE,FALSE,FALSE,FALSE,TRUE,TRUE,Fully,FALSE,TRUE,TRUE,FALSE,FALSE,100%,Bass,FALSE,FALSE,2,TRUE,238
,Cherry Door,cherry_door,1.20 Experimental 23w07a,982,FALSE,FALSE,FALSE,Yes,Yes,TRUE,TRUE,TRUE,FALSE,No,Yes,No,TRUE,0,3,3,Axe,0,TRUE,TRUE,TRUE,FALSE,No,FALSE,TRUE,FALSE,TRUE,FALSE,FALSE,FALSE,No,No,FALSE,FALSE,TRUE,TRUE,FALSE,TRUE,Fully,FALSE,TRUE,TRUE,TRUE,FALSE,100%,Bass,FALSE,FALSE,8,TRUE,239
,Cherry Trapdoor,cherry_trapdoor,1.20 Experimental 23w07a,983,FALSE,FALSE,FALSE,Yes,Yes,TRUE,TRUE,TRUE,FALSE,No,Depends,Depends,TRUE,0,3,3,Axe,0,TRUE,TRUE,TRUE,FALSE,Yes,FALSE,TRUE,FALSE,TRUE,FALSE,FALSE,FALSE,No,No,FALSE,FALSE,FALSE,FALSE,FALSE,TRUE,Fully,FALSE,TRUE,TRUE,TRUE,FALSE,100%,Bass,FALSE,FALSE,8,TRUE,240
,Cherry Shelf,cherry_shelf,1.21.9 25w31a,1113,FALSE,FALSE,FALSE,Yes,Yes,TRUE,TRUE,TRUE,TRUE,No,No,No,TRUE,0,3,2,Axe,0,TRUE,TRUE,TRUE,FALSE,Yes,FALSE,TRUE,FALSE,TRUE,FALSE,TRUE,FALSE,No,No,FALSE,FALSE,FALSE,FALSE,TRUE,TRUE,Directional,FALSE,TRUE,TRUE,TRUE,FALSE,100%,Bass,FALSE,FALSE,4,TRUE,241
,Cherry Sign,cherry_sign,1.20 Experimental 23w07a,984,FALSE,FALSE,FALSE,Yes,Yes,TRUE,TRUE,TRUE,TRUE,No,Yes,No,TRUE,0,1,1,Axe,0,TRUE,TRUE,TRUE,TRUE,Yes,FALSE,FALSE,FALSE,TRUE,FALSE,TRUE,FALSE,No,No,FALSE,FALSE,TRUE,TRUE,FALSE,TRUE,Fully,FALSE,TRUE,TRUE,TRUE,FALSE,N/A,Bass,TRUE,FALSE,16,TRUE,242
,Cherry Wall Sign,cherry_wall_sign,1.20 Experimental 23w07a,985,FALSE,FALSE,FALSE,Yes,Yes,TRUE,FALSE,TRUE,TRUE,No,Yes,No,TRUE,0,1,1,Axe,0,TRUE,TRUE,TRUE,TRUE,Yes,FALSE,FALSE,FALSE,TRUE,FALSE,TRUE,FALSE,No,No,FALSE,FALSE,TRUE,TRUE,FALSE,TRUE,Fully,FALSE,TRUE,TRUE,TRUE,FALSE,N/A,Bass,TRUE,FALSE,4,TRUE,243
,Cherry Hanging Sign,cherry_hanging_sign,1.20 Experimental 23w07a,986,FALSE,FALSE,FALSE,Yes,Yes,TRUE,TRUE,TRUE,TRUE,No,Yes,No,TRUE,0,1,1,Axe,0,TRUE,TRUE,TRUE,TRUE,Yes,FALSE,FALSE,FALSE,TRUE,FALSE,TRUE,FALSE,No,No,FALSE,FALSE,TRUE,TRUE,FALSE,TRUE,Fully,FALSE,TRUE,TRUE,TRUE,FALSE,N/A,Bass,TRUE,FALSE,16,TRUE,244
,Cherry Wall Hanging Sign,cherry_wall_hanging_sign,1.20 Experimental 23w07a,987,FALSE,FALSE,FALSE,Yes,Yes,TRUE,FALSE,TRUE,TRUE,No,Yes,No,TRUE,0,1,1,Axe,0,TRUE,TRUE,TRUE,TRUE,Yes,FALSE,TRUE,FALSE,TRUE,FALSE,TRUE,FALSE,No,No,FALSE,FALSE,TRUE,FALSE,FALSE,TRUE,Fully,FALSE,TRUE,TRUE,TRUE,FALSE,100%,Bass,TRUE,FALSE,4,TRUE,245
,Cherry Pressure Plate,cherry_pressure_plate,1.20 Experimental 23w07a,988,FALSE,FALSE,FALSE,Yes,Yes,TRUE,TRUE,TRUE,FALSE,No,No,No,FALSE,0,0.5,0.5,Axe,0,TRUE,TRUE,TRUE,TRUE,No,FALSE,FALSE,FALSE,TRUE,FALSE,FALSE,TRUE,No,No,FALSE,FALSE,TRUE,TRUE,FALSE,TRUE,Fully,FALSE,TRUE,TRUE,TRUE,FALSE,N/A,Bass,FALSE,FALSE,1,TRUE,246
,Cherry Button,cherry_button,1.20 Experimental 23w07a,989,FALSE,FALSE,FALSE,Yes,Yes,TRUE,TRUE,TRUE,FALSE,No,No,No,FALSE,0,0.5,0.5,Axe,0,TRUE,TRUE,TRUE,TRUE,No,TRUE,FALSE,FALSE,TRUE,FALSE,FALSE,TRUE,No,No,FALSE,FALSE,TRUE,TRUE,FALSE,FALSE,Fully,FALSE,TRUE,TRUE,FALSE,FALSE,N/A,Harp,FALSE,FALSE,12,TRUE,247
,Block of Bamboo,bamboo_block,1.20 Experimental 22w45a,969,FALSE,FALSE,FALSE,Yes,Yes,TRUE,TRUE,TRUE,FALSE,Yes,No,Yes,FALSE,0,2,2,Axe,0,TRUE,TRUE,TRUE,FALSE,No,FALSE,TRUE,TRUE,TRUE,TRUE,FALSE,FALSE,Yes,Yes,TRUE,FALSE,FALSE,FALSE,TRUE,TRUE,No,FALSE,FALSE,FALSE,TRUE,FALSE,100%,Bass,FALSE,FALSE,3,TRUE,248
,Block of Stripped Bamboo,stripped_bamboo_block,1.20 Experimental 22w45a,970,FALSE,FALSE,FALSE,Yes,Yes,TRUE,TRUE,TRUE,FALSE,Yes,No,Yes,FALSE,0,2,2,Axe,0,TRUE,TRUE,TRUE,FALSE,No,FALSE,TRUE,TRUE,TRUE,TRUE,FALSE,FALSE,Yes,Yes,TRUE,FALSE,FALSE,FALSE,TRUE,TRUE,No,FALSE,FALSE,FALSE,TRUE,FALSE,100%,Bass,FALSE,FALSE,3,TRUE,249
,Bamboo Planks,bamboo_planks,1.20 Experimental 22w42a,948,FALSE,FALSE,FALSE,Yes,Yes,TRUE,TRUE,TRUE,FALSE,Yes,No,Yes,FALSE,0,3,2,Axe,0,TRUE,TRUE,TRUE,FALSE,No,FALSE,TRUE,TRUE,TRUE,TRUE,FALSE,FALSE,Yes,Yes,TRUE,FALSE,FALSE,FALSE,TRUE,TRUE,No,FALSE,FALSE,FALSE,TRUE,FALSE,100%,Bass,FALSE,FALSE,1,FALSE,250
,Bamboo Slab,bamboo_slab,1.20 Experimental 22w42a,949,FALSE,FALSE,FALSE,Yes,Yes,TRUE,TRUE,TRUE,FALSE,Depends,Depends,Depends,TRUE,0,3,2,Axe,0,TRUE,TRUE,TRUE,FALSE,Yes,FALSE,TRUE,TRUE,TRUE,TRUE,FALSE,FALSE,Depends,Depends,TRUE,FALSE,FALSE,FALSE,TRUE,TRUE,Directional,FALSE,TRUE,TRUE,TRUE,FALSE,100%,Bass,FALSE,FALSE,2,TRUE,251
,Bamboo Stairs,bamboo_stairs,1.20 Experimental 22w42a,950,FALSE,FALSE,FALSE,Yes,Yes,TRUE,TRUE,TRUE,FALSE,Depends,Depends,Depends,TRUE,0,3,2,Axe,0,TRUE,TRUE,TRUE,FALSE,Yes,FALSE,TRUE,FALSE,TRUE,FALSE,FALSE,FALSE,No,No,FALSE,FALSE,FALSE,FALSE,TRUE,TRUE,Directional,FALSE,TRUE,TRUE,TRUE,FALSE,100%,Bass,FALSE,FALSE,8,TRUE,252
,Bamboo Fence,bamboo_fence,1.20 Experimental 22w42a,951,FALSE,FALSE,FALSE,Yes,Yes,TRUE,TRUE,TRUE,FALSE,No,No,No,TRUE,0,3,2,Axe,0,TRUE,TRUE,TRUE,FALSE,Yes,FALSE,TRUE,FALSE,TRUE,FALSE,FALSE,FALSE,No,No,FALSE,FALSE,FALSE,FALSE,TRUE,TRUE,Fully,FALSE,TRUE,TRUE,TRUE,FALSE,100%,Bass,FALSE,FALSE,1,TRUE,253
,Bamboo Fence Gate,bamboo_fence_gate,1.20 Experimental 22w42a,952,FALSE,FALSE,FALSE,Yes,Yes,TRUE,TRUE,TRUE,FALSE,No,Depends,No,TRUE,0,3,2,Axe,0,TRUE,TRUE,TRUE,FALSE,No,FALSE,TRUE,FALSE,TRUE,FALSE,FALSE,FALSE,No,No,FALSE,FALSE,FALSE,FALSE,TRUE,TRUE,Fully,FALSE,TRUE,TRUE,FALSE,FALSE,100%,Bass,FALSE,FALSE,2,TRUE,254
,Bamboo Door,bamboo_door,1.20 Experimental 22w42a,953,FALSE,FALSE,FALSE,Yes,Yes,TRUE,TRUE,TRUE,FALSE,No,Yes,No,TRUE,0,3,3,Axe,0,TRUE,TRUE,TRUE,FALSE,No,FALSE,TRUE,FALSE,TRUE,FALSE,FALSE,FALSE,No,No,FALSE,FALSE,TRUE,TRUE,FALSE,TRUE,Fully,FALSE,TRUE,TRUE,TRUE,FALSE,100%,Bass,FALSE,FALSE,8,TRUE,255
,Bamboo Trapdoor,bamboo_trapdoor,1.20 Experimental 22w42a,954,FALSE,FALSE,FALSE,Yes,Yes,TRUE,TRUE,TRUE,FALSE,No,Depends,Depends,TRUE,0,3,3,Axe,0,TRUE,TRUE,TRUE,FALSE,Yes,FALSE,TRUE,FALSE,TRUE,FALSE,FALSE,FALSE,No,No,FALSE,FALSE,FALSE,FALSE,FALSE,TRUE,Fully,FALSE,TRUE,TRUE,TRUE,FALSE,100%,Bass,FALSE,FALSE,8,TRUE,256
,Bamboo Shelf,bamboo_shelf,1.21.9 25w31a,1114,FALSE,FALSE,FALSE,Yes,Yes,TRUE,TRUE,TRUE,TRUE,No,No,No,TRUE,0,3,2,Axe,0,TRUE,TRUE,TRUE,FALSE,Yes,FALSE,TRUE,FALSE,TRUE,FALSE,TRUE,FALSE,No,No,FALSE,FALSE,FALSE,FALSE,TRUE,TRUE,Directional,FALSE,TRUE,TRUE,TRUE,FALSE,100%,Bass,FALSE,FALSE,4,TRUE,257
,Bamboo Sign,bamboo_sign,1.20 Experimental 22w42a,955,FALSE,FALSE,FALSE,Yes,Yes,TRUE,TRUE,TRUE,TRUE,No,Yes,No,TRUE,0,1,1,Axe,0,TRUE,TRUE,TRUE,TRUE,Yes,FALSE,FALSE,FALSE,TRUE,FALSE,TRUE,FALSE,No,No,FALSE,FALSE,TRUE,TRUE,FALSE,TRUE,Fully,FALSE,TRUE,TRUE,TRUE,FALSE,N/A,Bass,TRUE,FALSE,16,TRUE,258
,Bamboo Wall Sign,bamboo_wall_sign,1.20 Experimental 22w42a,956,FALSE,FALSE,FALSE,Yes,Yes,TRUE,FALSE,TRUE,TRUE,No,Yes,No,TRUE,0,1,1,Axe,0,TRUE,TRUE,TRUE,TRUE,Yes,FALSE,FALSE,FALSE,TRUE,FALSE,TRUE,FALSE,No,No,FALSE,FALSE,TRUE,TRUE,FALSE,TRUE,Fully,FALSE,TRUE,TRUE,TRUE,FALSE,N/A,Bass,TRUE,FALSE,4,TRUE,259
,Bamboo Hanging Sign,bamboo_hanging_sign,1.20 Experimental 22w42a,957,FALSE,FALSE,FALSE,Yes,Yes,TRUE,TRUE,TRUE,TRUE,No,Yes,No,TRUE,0,1,1,Axe,0,TRUE,TRUE,TRUE,TRUE,Yes,FALSE,FALSE,FALSE,TRUE,FALSE,TRUE,FALSE,No,No,FALSE,FALSE,TRUE,TRUE,FALSE,TRUE,Fully,FALSE,TRUE,TRUE,TRUE,FALSE,N/A,Bass,TRUE,FALSE,16,TRUE,260
,Bamboo Wall Hanging Sign,bamboo_wall_hanging_sign,1.20 Experimental 22w42a,958,FALSE,FALSE,FALSE,Yes,Yes,TRUE,FALSE,TRUE,TRUE,No,Yes,No,TRUE,0,1,1,Axe,0,TRUE,TRUE,TRUE,TRUE,Yes,FALSE,TRUE,FALSE,TRUE,FALSE,TRUE,FALSE,No,No,FALSE,FALSE,TRUE,FALSE,FALSE,TRUE,Fully,FALSE,TRUE,TRUE,TRUE,FALSE,100%,Bass,TRUE,FALSE,4,TRUE,261
,Bamboo Pressure Plate,bamboo_pressure_plate,1.20 Experimental 22w42a,959,FALSE,FALSE,FALSE,Yes,Yes,TRUE,TRUE,TRUE,FALSE,No,No,No,FALSE,0,0.5,0.5,Axe,0,TRUE,TRUE,TRUE,TRUE,No,FALSE,FALSE,FALSE,TRUE,FALSE,FALSE,TRUE,No,No,FALSE,FALSE,TRUE,TRUE,FALSE,TRUE,Fully,FALSE,TRUE,TRUE,TRUE,FALSE,N/A,Bass,FALSE,FALSE,1,TRUE,262
,Bamboo Button,bamboo_block,1.20 Experimental 22w42a,960,FALSE,FALSE,FALSE,Yes,Yes,TRUE,TRUE,TRUE,FALSE,No,No,No,FALSE,0,0.5,0.5,Axe,0,TRUE,TRUE,TRUE,TRUE,No,TRUE,FALSE,FALSE,TRUE,FALSE,FALSE,TRUE,No,No,FALSE,FALSE,TRUE,TRUE,FALSE,FALSE,Fully,FALSE,TRUE,TRUE,FALSE,FALSE,N/A,Harp,FALSE,FALSE,12,TRUE,263
,Bamboo Mosaic,bamboo_mosaic,1.20 Experimental 22w42a,961,FALSE,FALSE,FALSE,Yes,Yes,TRUE,TRUE,TRUE,FALSE,Yes,No,Yes,FALSE,0,3,2,Axe,0,TRUE,TRUE,TRUE,FALSE,No,FALSE,TRUE,TRUE,TRUE,TRUE,FALSE,FALSE,Yes,Yes,TRUE,FALSE,FALSE,FALSE,TRUE,TRUE,No,FALSE,FALSE,FALSE,TRUE,FALSE,100%,Bass,FALSE,FALSE,1,FALSE,264
,Bamboo Mosaic Slab,bamboo_mosaic_slab,1.20 Experimental 22w42a,962,FALSE,FALSE,FALSE,Yes,Yes,TRUE,TRUE,TRUE,FALSE,Depends,Depends,Depends,TRUE,0,3,2,Axe,0,TRUE,TRUE,TRUE,FALSE,Yes,FALSE,TRUE,TRUE,TRUE,TRUE,FALSE,FALSE,Depends,Depends,TRUE,FALSE,FALSE,FALSE,TRUE,TRUE,Directional,FALSE,TRUE,TRUE,TRUE,FALSE,100%,Bass,FALSE,FALSE,2,TRUE,265
,Bamboo Mosaic Stairs,bamboo_mosaic_stairs,1.20 Experimental 22w42a,963,FALSE,FALSE,FALSE,Yes,Yes,TRUE,TRUE,TRUE,FALSE,Depends,Depends,Depends,TRUE,0,3,2,Axe,0,TRUE,TRUE,TRUE,FALSE,Yes,FALSE,TRUE,FALSE,TRUE,FALSE,FALSE,FALSE,No,No,FALSE,FALSE,FALSE,FALSE,TRUE,TRUE,Directional,FALSE,TRUE,TRUE,TRUE,FALSE,100%,Bass,FALSE,FALSE,8,TRUE,266
,Pale Oak Log,pale_oak_log,1.21.4 Experimental 24w40a,1061,FALSE,FALSE,FALSE,Yes,Yes,TRUE,TRUE,TRUE,FALSE,Yes,No,Yes,FALSE,0,2,2,Axe,0,TRUE,TRUE,TRUE,FALSE,No,FALSE,TRUE,TRUE,TRUE,TRUE,FALSE,FALSE,Yes,Yes,TRUE,FALSE,FALSE,FALSE,TRUE,TRUE,No,FALSE,FALSE,FALSE,TRUE,FALSE,100%,Bass,FALSE,FALSE,3,TRUE,267
,Creaking Heart,creaking_heart,1.21.4 Experimental 24w40a,1062,FALSE,FALSE,FALSE,Yes,Yes,TRUE,TRUE,TRUE,TRUE,Yes,No,Yes,FALSE,0,10,10,Axe,0,FALSE,FALSE,TRUE,FALSE,No,FALSE,TRUE,TRUE,TRUE,TRUE,TRUE,FALSE,Yes,Yes,TRUE,FALSE,FALSE,FALSE,FALSE,FALSE,No,FALSE,FALSE,FALSE,TRUE,FALSE,100%,Bass,FALSE,FALSE,3,TRUE,268
,Pale Oak Wood,pale_oak_wood,1.21.4 Experimental 24w40a,1063,FALSE,FALSE,FALSE,Yes,Yes,TRUE,TRUE,TRUE,FALSE,Yes,No,Yes,FALSE,0,2,2,Axe,0,TRUE,TRUE,TRUE,FALSE,No,FALSE,TRUE,TRUE,TRUE,TRUE,FALSE,FALSE,Yes,Yes,TRUE,FALSE,FALSE,FALSE,TRUE,TRUE,No,FALSE,FALSE,FALSE,TRUE,FALSE,100%,Bass,FALSE,FALSE,3,TRUE,269
,Stripped Pale Oak Log,stripped_pale_oak_log,1.21.4 Experimental 24w40a,1064,FALSE,FALSE,FALSE,Yes,Yes,TRUE,TRUE,TRUE,FALSE,Yes,No,Yes,FALSE,0,2,2,Axe,0,TRUE,TRUE,TRUE,FALSE,No,FALSE,TRUE,TRUE,TRUE,TRUE,FALSE,FALSE,Yes,Yes,TRUE,FALSE,FALSE,FALSE,TRUE,TRUE,No,FALSE,FALSE,FALSE,TRUE,FALSE,100%,Bass,FALSE,FALSE,3,TRUE,270
,Stripped Pale Oak Wood,stripped_pale_oak_wood,1.21.4 Experimental 24w40a,1065,FALSE,FALSE,FALSE,Yes,Yes,TRUE,TRUE,TRUE,FALSE,Yes,No,Yes,FALSE,0,2,2,Axe,0,TRUE,TRUE,TRUE,FALSE,No,FALSE,TRUE,TRUE,TRUE,TRUE,FALSE,FALSE,Yes,Yes,TRUE,FALSE,FALSE,FALSE,TRUE,TRUE,No,FALSE,FALSE,FALSE,TRUE,FALSE,100%,Bass,FALSE,FALSE,3,TRUE,271
,Pale Oak Planks,pale_oak_planks,1.21.4 Experimental 24w40a,1066,FALSE,FALSE,FALSE,Yes,Yes,TRUE,TRUE,TRUE,FALSE,Yes,No,Yes,FALSE,0,3,2,Axe,0,TRUE,TRUE,TRUE,FALSE,No,FALSE,TRUE,TRUE,TRUE,TRUE,FALSE,FALSE,Yes,Yes,TRUE,FALSE,FALSE,FALSE,TRUE,TRUE,No,FALSE,FALSE,FALSE,TRUE,FALSE,100%,Bass,FALSE,FALSE,1,FALSE,272
,Pale Oak Slab,pale_oak_slab,1.21.4 Experimental 24w40a,1067,FALSE,FALSE,FALSE,Yes,Yes,TRUE,TRUE,TRUE,FALSE,Depends,Depends,Depends,TRUE,0,3,2,Axe,0,TRUE,TRUE,TRUE,FALSE,Yes,FALSE,TRUE,TRUE,TRUE,TRUE,FALSE,FALSE,Depends,Depends,TRUE,FALSE,FALSE,FALSE,TRUE,TRUE,Directional,FALSE,TRUE,TRUE,TRUE,FALSE,100%,Bass,FALSE,FALSE,2,TRUE,273
,Pale Oak Stairs,pale_oak_stairs,1.21.4 Experimental 24w40a,1068,FALSE,FALSE,FALSE,Yes,Yes,TRUE,TRUE,TRUE,FALSE,Depends,Depends,Depends,TRUE,0,3,2,Axe,0,TRUE,TRUE,TRUE,FALSE,Yes,FALSE,TRUE,FALSE,TRUE,FALSE,FALSE,FALSE,No,No,FALSE,FALSE,FALSE,FALSE,TRUE,TRUE,Directional,FALSE,TRUE,TRUE,TRUE,FALSE,100%,Bass,FALSE,FALSE,8,TRUE,274
,Pale Oak Fence,pale_oak_fence,1.21.4 Experimental 24w40a,1069,FALSE,FALSE,FALSE,Yes,Yes,TRUE,TRUE,TRUE,FALSE,No,No,No,TRUE,0,3,2,Axe,0,TRUE,TRUE,TRUE,FALSE,Yes,FALSE,TRUE,FALSE,TRUE,FALSE,FALSE,FALSE,No,No,FALSE,FALSE,FALSE,FALSE,TRUE,TRUE,Fully,FALSE,TRUE,TRUE,TRUE,FALSE,100%,Bass,FALSE,FALSE,1,TRUE,275
,Pale Oak Fence Gate,pale_oak_fence_gate,1.21.4 Experimental 24w40a,1070,FALSE,FALSE,FALSE,Yes,Yes,TRUE,TRUE,TRUE,FALSE,No,Depends,No,TRUE,0,3,2,Axe,0,TRUE,TRUE,TRUE,FALSE,No,FALSE,TRUE,FALSE,TRUE,FALSE,FALSE,FALSE,No,No,FALSE,FALSE,FALSE,FALSE,TRUE,TRUE,Fully,FALSE,TRUE,TRUE,FALSE,FALSE,100%,Bass,FALSE,FALSE,2,TRUE,276
,Pale Oak Door,pale_oak_door,1.21.4 Experimental 24w40a,1071,FALSE,FALSE,FALSE,Yes,Yes,TRUE,TRUE,TRUE,FALSE,No,Yes,No,TRUE,0,3,3,Axe,0,TRUE,TRUE,TRUE,FALSE,No,FALSE,TRUE,FALSE,TRUE,FALSE,FALSE,FALSE,No,No,FALSE,FALSE,TRUE,TRUE,FALSE,TRUE,Fully,FALSE,TRUE,TRUE,TRUE,FALSE,100%,Bass,FALSE,FALSE,8,TRUE,277
,Pale Oak Trapdoor,pale_oak_trapdoor,1.21.4 Experimental 24w40a,1072,FALSE,FALSE,FALSE,Yes,Yes,TRUE,TRUE,TRUE,FALSE,No,Depends,Depends,TRUE,0,3,3,Axe,0,TRUE,TRUE,TRUE,FALSE,Yes,FALSE,TRUE,FALSE,TRUE,FALSE,FALSE,FALSE,No,No,FALSE,FALSE,FALSE,FALSE,FALSE,TRUE,Fully,FALSE,TRUE,TRUE,TRUE,FALSE,100%,Bass,FALSE,FALSE,8,TRUE,278
,Pale Oak Shelf,pale_oak_shelf,1.21.9 25w31a,1115,FALSE,FALSE,FALSE,Yes,Yes,TRUE,TRUE,TRUE,TRUE,No,No,No,TRUE,0,3,2,Axe,0,TRUE,TRUE,TRUE,FALSE,Yes,FALSE,TRUE,FALSE,TRUE,FALSE,TRUE,FALSE,No,No,FALSE,FALSE,FALSE,FALSE,TRUE,TRUE,Directional,FALSE,TRUE,TRUE,TRUE,FALSE,100%,Bass,FALSE,FALSE,4,TRUE,279
,Pale Oak Sign,pale_oak_sign,1.21.4 Experimental 24w40a,1073,FALSE,FALSE,FALSE,Yes,Yes,TRUE,TRUE,TRUE,TRUE,No,Yes,No,TRUE,0,1,1,Axe,0,TRUE,TRUE,TRUE,TRUE,Yes,FALSE,FALSE,FALSE,TRUE,FALSE,TRUE,FALSE,No,No,FALSE,FALSE,TRUE,TRUE,FALSE,TRUE,Fully,FALSE,TRUE,TRUE,TRUE,FALSE,N/A,Bass,TRUE,FALSE,16,TRUE,280
,Pale Oak Wall Sign,pale_oak_wall_sign,1.21.4 Experimental 24w40a,1074,FALSE,FALSE,FALSE,Yes,Yes,TRUE,FALSE,TRUE,TRUE,No,Yes,No,TRUE,0,1,1,Axe,0,TRUE,TRUE,TRUE,TRUE,Yes,FALSE,FALSE,FALSE,TRUE,FALSE,TRUE,FALSE,No,No,FALSE,FALSE,TRUE,TRUE,FALSE,TRUE,Fully,FALSE,TRUE,TRUE,TRUE,FALSE,N/A,Bass,TRUE,FALSE,4,TRUE,281
,Pale Oak Hanging Sign,pale_oak_hanging_sign,1.21.4 Experimental 24w40a,1075,FALSE,FALSE,FALSE,Yes,Yes,TRUE,TRUE,TRUE,TRUE,No,Yes,No,TRUE,0,1,1,Axe,0,TRUE,TRUE,TRUE,TRUE,Yes,FALSE,FALSE,FALSE,TRUE,FALSE,TRUE,FALSE,No,No,FALSE,FALSE,TRUE,TRUE,FALSE,TRUE,Fully,FALSE,TRUE,TRUE,TRUE,FALSE,N/A,Bass,TRUE,FALSE,16,TRUE,282
,Pale Oak Wall Hanging Sign,pale_oak_wall_hanging_sign,1.21.4 Experimental 24w40a,1076,FALSE,FALSE,FALSE,Yes,Yes,TRUE,FALSE,TRUE,TRUE,No,Yes,No,TRUE,0,1,1,Axe,0,TRUE,TRUE,TRUE,TRUE,Yes,FALSE,TRUE,FALSE,TRUE,FALSE,TRUE,FALSE,No,No,FALSE,FALSE,TRUE,FALSE,FALSE,TRUE,Fully,FALSE,TRUE,TRUE,TRUE,FALSE,100%,Bass,TRUE,FALSE,4,TRUE,283
,Pale Oak Pressure Plate,pale_oak_pressure_plate,1.21.4 Experimental 24w40a,1077,FALSE,FALSE,FALSE,Yes,Yes,TRUE,TRUE,TRUE,FALSE,No,No,No,FALSE,0,0.5,0.5,Axe,0,TRUE,TRUE,TRUE,TRUE,No,FALSE,FALSE,FALSE,TRUE,FALSE,FALSE,TRUE,No,No,FALSE,FALSE,TRUE,TRUE,FALSE,TRUE,Fully,FALSE,TRUE,TRUE,TRUE,FALSE,N/A,Bass,FALSE,FALSE,1,TRUE,284
,Pale Oak Button,pale_oak_button,1.21.4 Experimental 24w40a,1078,FALSE,FALSE,FALSE,Yes,Yes,TRUE,TRUE,TRUE,FALSE,No,No,No,FALSE,0,0.5,0.5,Axe,0,TRUE,TRUE,TRUE,TRUE,No,TRUE,FALSE,FALSE,TRUE,FALSE,FALSE,TRUE,No,No,FALSE,FALSE,TRUE,TRUE,FALSE,FALSE,Fully,FALSE,TRUE,TRUE,FALSE,FALSE,N/A,Harp,FALSE,FALSE,12,TRUE,285
,Warped Stem,warped_stem,1.16 20w06a,683,FALSE,FALSE,FALSE,Yes,Yes,FALSE,TRUE,TRUE,FALSE,Yes,No,Yes,FALSE,0,2,2,Axe,0,TRUE,TRUE,TRUE,FALSE,No,FALSE,TRUE,TRUE,TRUE,TRUE,FALSE,FALSE,Yes,Yes,TRUE,FALSE,FALSE,FALSE,FALSE,FALSE,No,FALSE,FALSE,FALSE,TRUE,FALSE,100%,Bass,FALSE,FALSE,3,TRUE,286
,Warped Hyphae,warped_hyphae,1.16 20w10a,734,FALSE,FALSE,FALSE,Yes,Yes,TRUE,TRUE,TRUE,FALSE,Yes,No,Yes,FALSE,0,2,2,Axe,0,TRUE,TRUE,TRUE,FALSE,No,FALSE,TRUE,TRUE,TRUE,TRUE,FALSE,FALSE,Yes,Yes,TRUE,FALSE,FALSE,FALSE,FALSE,FALSE,No,FALSE,FALSE,FALSE,TRUE,FALSE,100%,Bass,FALSE,FALSE,3,TRUE,287
,Stripped Warped Stem,stripped_warped_stem,1.16 20w06a,684,FALSE,FALSE,FALSE,Yes,Yes,TRUE,TRUE,TRUE,FALSE,Yes,No,Yes,FALSE,0,2,2,Axe,0,TRUE,TRUE,TRUE,FALSE,No,FALSE,TRUE,TRUE,TRUE,TRUE,FALSE,FALSE,Yes,Yes,TRUE,FALSE,FALSE,FALSE,FALSE,FALSE,No,FALSE,FALSE,FALSE,TRUE,FALSE,100%,Bass,FALSE,FALSE,3,TRUE,288
,Stripped Warped Hyphae,stripped_warped_hyphae,1.16 20w10a,735,FALSE,FALSE,FALSE,Yes,Yes,TRUE,TRUE,TRUE,FALSE,Yes,No,Yes,FALSE,0,2,2,Axe,0,TRUE,TRUE,TRUE,FALSE,No,FALSE,TRUE,TRUE,TRUE,TRUE,FALSE,FALSE,Yes,Yes,TRUE,FALSE,FALSE,FALSE,FALSE,FALSE,No,FALSE,FALSE,FALSE,TRUE,FALSE,100%,Bass,FALSE,FALSE,3,TRUE,289
,Warped Planks,warped_planks,1.16 20w06a,685,FALSE,FALSE,FALSE,Yes,Yes,TRUE,TRUE,TRUE,FALSE,Yes,No,Yes,FALSE,0,3,2,Axe,0,TRUE,TRUE,TRUE,FALSE,No,FALSE,TRUE,TRUE,TRUE,TRUE,FALSE,FALSE,Yes,Yes,TRUE,FALSE,FALSE,FALSE,FALSE,FALSE,No,FALSE,FALSE,FALSE,TRUE,FALSE,100%,Bass,FALSE,FALSE,1,FALSE,290
,Warped Slab,warped_slab,1.16 20w06a,686,FALSE,FALSE,FALSE,Yes,Yes,TRUE,TRUE,TRUE,FALSE,Depends,Depends,Depends,TRUE,0,3,2,Axe,0,TRUE,TRUE,TRUE,FALSE,Yes,FALSE,TRUE,TRUE,TRUE,TRUE,FALSE,FALSE,Depends,Depends,TRUE,FALSE,FALSE,FALSE,FALSE,FALSE,Directional,FALSE,TRUE,TRUE,TRUE,FALSE,100%,Bass,FALSE,FALSE,2,TRUE,291
,Warped Stairs,warped_stairs,1.16 20w06a,687,FALSE,FALSE,FALSE,Yes,Yes,TRUE,TRUE,TRUE,FALSE,Depends,Depends,Depends,TRUE,0,3,2,Axe,0,TRUE,TRUE,TRUE,FALSE,Yes,FALSE,TRUE,FALSE,TRUE,FALSE,FALSE,FALSE,No,No,FALSE,FALSE,FALSE,FALSE,FALSE,FALSE,Directional,FALSE,TRUE,TRUE,TRUE,FALSE,100%,Bass,FALSE,FALSE,8,TRUE,292
,Warped Fence,warped_fence,1.16 20w06a,688,FALSE,FALSE,FALSE,Yes,Yes,TRUE,TRUE,TRUE,FALSE,No,No,No,TRUE,0,3,2,Axe,0,TRUE,TRUE,TRUE,FALSE,Yes,FALSE,TRUE,FALSE,TRUE,FALSE,FALSE,FALSE,No,No,FALSE,FALSE,FALSE,FALSE,FALSE,FALSE,Fully,FALSE,TRUE,TRUE,TRUE,FALSE,100%,Bass,FALSE,FALSE,1,TRUE,293
,Warped Fence Gate,warped_fence_gate,1.16 20w06a,689,FALSE,FALSE,FALSE,Yes,Yes,TRUE,TRUE,TRUE,FALSE,No,Depends,No,TRUE,0,3,2,Axe,0,TRUE,TRUE,TRUE,FALSE,No,FALSE,TRUE,FALSE,TRUE,FALSE,FALSE,FALSE,No,No,FALSE,FALSE,FALSE,FALSE,FALSE,FALSE,Fully,FALSE,TRUE,TRUE,FALSE,FALSE,100%,Bass,FALSE,FALSE,2,TRUE,294
,Warped Door,warped_door,1.16 20w06a,690,FALSE,FALSE,FALSE,Yes,Yes,TRUE,TRUE,TRUE,FALSE,No,Yes,No,TRUE,0,3,3,Axe,0,TRUE,TRUE,TRUE,FALSE,No,FALSE,TRUE,FALSE,TRUE,FALSE,FALSE,FALSE,No,No,FALSE,FALSE,TRUE,TRUE,FALSE,FALSE,Fully,FALSE,TRUE,TRUE,TRUE,FALSE,100%,Bass,FALSE,FALSE,8,TRUE,295
,Warped Trapdoor,warped_trapdoor,1.16 20w06a,691,FALSE,FALSE,FALSE,Yes,Yes,TRUE,TRUE,TRUE,FALSE,No,Depends,Depends,TRUE,0,3,3,Axe,0,TRUE,TRUE,TRUE,FALSE,Yes,FALSE,TRUE,FALSE,TRUE,FALSE,FALSE,FALSE,No,No,FALSE,FALSE,FALSE,FALSE,FALSE,FALSE,Fully,FALSE,TRUE,TRUE,TRUE,FALSE,100%,Bass,FALSE,FALSE,8,TRUE,296
,Warped Shelf,warped_shelf,1.21.9 25w31a,1116,FALSE,FALSE,FALSE,Yes,Yes,TRUE,TRUE,TRUE,TRUE,No,No,No,TRUE,0,3,2,Axe,0,TRUE,TRUE,TRUE,FALSE,Yes,FALSE,TRUE,FALSE,TRUE,FALSE,TRUE,FALSE,No,No,FALSE,FALSE,FALSE,FALSE,FALSE,FALSE,Directional,FALSE,TRUE,TRUE,TRUE,FALSE,100%,Bass,FALSE,FALSE,4,TRUE,297
,Warped Sign,warped_sign,1.16 20w06a,692,FALSE,FALSE,FALSE,Yes,Yes,TRUE,TRUE,TRUE,TRUE,No,Yes,No,TRUE,0,1,1,Axe,0,TRUE,TRUE,TRUE,TRUE,Yes,FALSE,FALSE,FALSE,TRUE,FALSE,TRUE,FALSE,No,No,FALSE,FALSE,TRUE,TRUE,FALSE,FALSE,Fully,FALSE,TRUE,TRUE,TRUE,FALSE,N/A,Bass,TRUE,FALSE,16,TRUE,298
,Warped Wall Sign,warped_wall_sign,1.16 20w06a,693,FALSE,FALSE,FALSE,Yes,Yes,TRUE,FALSE,TRUE,TRUE,No,Yes,No,TRUE,0,1,1,Axe,0,TRUE,TRUE,TRUE,TRUE,Yes,FALSE,FALSE,FALSE,TRUE,FALSE,TRUE,FALSE,No,No,FALSE,FALSE,TRUE,TRUE,FALSE,FALSE,Fully,FALSE,TRUE,TRUE,TRUE,FALSE,N/A,Bass,TRUE,FALSE,4,TRUE,299
,Warped Hanging Sign,warped_hanging_sign,1.20 Experimental 22w42a,964,FALSE,FALSE,FALSE,Yes,Yes,TRUE,TRUE,TRUE,TRUE,No,Yes,No,TRUE,0,1,1,Axe,0,TRUE,TRUE,TRUE,TRUE,Yes,FALSE,FALSE,FALSE,TRUE,FALSE,TRUE,FALSE,No,No,FALSE,FALSE,TRUE,TRUE,FALSE,FALSE,Fully,FALSE,TRUE,TRUE,TRUE,FALSE,N/A,Bass,TRUE,FALSE,16,TRUE,300
,Warped Wall Hanging Sign,warped_wall_hanging_sign,1.20 Experimental 22w42a,965,FALSE,FALSE,FALSE,Yes,Yes,TRUE,FALSE,TRUE,TRUE,No,Yes,No,TRUE,0,1,1,Axe,0,TRUE,TRUE,TRUE,TRUE,Yes,FALSE,TRUE,FALSE,TRUE,FALSE,TRUE,FALSE,No,No,FALSE,FALSE,TRUE,FALSE,FALSE,FALSE,Fully,FALSE,TRUE,TRUE,TRUE,FALSE,100%,Bass,TRUE,FALSE,4,TRUE,301
,Warped Pressure Plate,warped_pressure_plate,1.16 20w06a,694,FALSE,FALSE,FALSE,Yes,Yes,TRUE,TRUE,TRUE,FALSE,No,No,No,FALSE,0,0.5,0.5,Axe,0,TRUE,TRUE,TRUE,TRUE,No,FALSE,FALSE,FALSE,TRUE,FALSE,FALSE,TRUE,No,No,FALSE,FALSE,TRUE,TRUE,FALSE,FALSE,Fully,FALSE,TRUE,TRUE,TRUE,FALSE,N/A,Bass,FALSE,FALSE,1,TRUE,302
,Warped Button,warped_button,1.16 20w06a,695,FALSE,FALSE,FALSE,Yes,Yes,TRUE,TRUE,TRUE,FALSE,No,No,No,FALSE,0,0.5,0.5,Axe,0,TRUE,TRUE,TRUE,TRUE,No,TRUE,FALSE,FALSE,TRUE,FALSE,FALSE,TRUE,No,No,FALSE,FALSE,TRUE,TRUE,FALSE,FALSE,Fully,FALSE,TRUE,TRUE,FALSE,FALSE,N/A,Harp,FALSE,FALSE,12,TRUE,303
,Crimson Stem,crimson_stem,1.16 20w06a,696,FALSE,FALSE,FALSE,Yes,Yes,FALSE,TRUE,TRUE,FALSE,Yes,No,Yes,FALSE,0,2,2,Axe,0,TRUE,TRUE,TRUE,FALSE,No,FALSE,TRUE,TRUE,TRUE,TRUE,FALSE,FALSE,Yes,Yes,TRUE,FALSE,FALSE,FALSE,FALSE,FALSE,No,FALSE,FALSE,FALSE,TRUE,FALSE,100%,Bass,FALSE,FALSE,3,TRUE,304
,Crimson Hyphae,crimson_hyphae,1.16 20w10a,736,FALSE,FALSE,FALSE,Yes,Yes,TRUE,TRUE,TRUE,FALSE,Yes,No,Yes,FALSE,0,2,2,Axe,0,TRUE,TRUE,TRUE,FALSE,No,FALSE,TRUE,TRUE,TRUE,TRUE,FALSE,FALSE,Yes,Yes,TRUE,FALSE,FALSE,FALSE,FALSE,FALSE,No,FALSE,FALSE,FALSE,TRUE,FALSE,100%,Bass,FALSE,FALSE,3,TRUE,305
,Stripped Crimson Stem,stripped_crimson_stem,1.16 20w06a,697,FALSE,FALSE,FALSE,Yes,Yes,TRUE,TRUE,TRUE,FALSE,Yes,No,Yes,FALSE,0,2,2,Axe,0,TRUE,TRUE,TRUE,FALSE,No,FALSE,TRUE,TRUE,TRUE,TRUE,FALSE,FALSE,Yes,Yes,TRUE,FALSE,FALSE,FALSE,FALSE,FALSE,No,FALSE,FALSE,FALSE,TRUE,FALSE,100%,Bass,FALSE,FALSE,3,TRUE,306
,Stripped Crimson Hyphae,stripped_crimson_hyphae,1.16 20w10a,737,FALSE,FALSE,FALSE,Yes,Yes,TRUE,TRUE,TRUE,FALSE,Yes,No,Yes,FALSE,0,2,2,Axe,0,TRUE,TRUE,TRUE,FALSE,No,FALSE,TRUE,TRUE,TRUE,TRUE,FALSE,FALSE,Yes,Yes,TRUE,FALSE,FALSE,FALSE,FALSE,FALSE,No,FALSE,FALSE,FALSE,TRUE,FALSE,100%,Bass,FALSE,FALSE,3,TRUE,307
,Crimson Planks,crimson_planks,1.16 20w06a,698,FALSE,FALSE,FALSE,Yes,Yes,TRUE,TRUE,TRUE,FALSE,Yes,No,Yes,FALSE,0,3,2,Axe,0,TRUE,TRUE,TRUE,FALSE,No,FALSE,TRUE,TRUE,TRUE,TRUE,FALSE,FALSE,Yes,Yes,TRUE,FALSE,FALSE,FALSE,FALSE,FALSE,No,FALSE,FALSE,FALSE,TRUE,FALSE,100%,Bass,FALSE,FALSE,1,FALSE,308
,Crimson Slab,crimson_slab,1.16 20w06a,699,FALSE,FALSE,FALSE,Yes,Yes,TRUE,TRUE,TRUE,FALSE,Depends,Depends,Depends,TRUE,0,3,2,Axe,0,TRUE,TRUE,TRUE,FALSE,Yes,FALSE,TRUE,TRUE,TRUE,TRUE,FALSE,FALSE,Depends,Depends,TRUE,FALSE,FALSE,FALSE,FALSE,FALSE,Directional,FALSE,TRUE,TRUE,TRUE,FALSE,100%,Bass,FALSE,FALSE,2,TRUE,309
,Crimson Stairs,crimson_stairs,1.16 20w06a,700,FALSE,FALSE,FALSE,Yes,Yes,TRUE,TRUE,TRUE,FALSE,Depends,Depends,Depends,TRUE,0,3,2,Axe,0,TRUE,TRUE,TRUE,FALSE,Yes,FALSE,TRUE,FALSE,TRUE,FALSE,FALSE,FALSE,No,No,FALSE,FALSE,FALSE,FALSE,FALSE,FALSE,Directional,FALSE,TRUE,TRUE,TRUE,FALSE,100%,Bass,FALSE,FALSE,8,TRUE,310
,Crimson Fence,crimson_fence,1.16 20w06a,701,FALSE,FALSE,FALSE,Yes,Yes,TRUE,TRUE,TRUE,FALSE,No,No,No,TRUE,0,3,2,Axe,0,TRUE,TRUE,TRUE,FALSE,Yes,FALSE,TRUE,FALSE,TRUE,FALSE,FALSE,FALSE,No,No,FALSE,FALSE,FALSE,FALSE,FALSE,FALSE,Fully,FALSE,TRUE,TRUE,TRUE,FALSE,100%,Bass,FALSE,FALSE,1,TRUE,311
,Crimson Fence Gate,crimson_fence_gate,1.16 20w06a,702,FALSE,FALSE,FALSE,Yes,Yes,TRUE,TRUE,TRUE,FALSE,No,Depends,No,TRUE,0,3,2,Axe,0,TRUE,TRUE,TRUE,FALSE,No,FALSE,TRUE,FALSE,TRUE,FALSE,FALSE,FALSE,No,No,FALSE,FALSE,FALSE,FALSE,FALSE,FALSE,Fully,FALSE,TRUE,TRUE,FALSE,FALSE,100%,Bass,FALSE,FALSE,2,TRUE,312
,Crimson Door,crimson_door,1.16 20w06a,703,FALSE,FALSE,FALSE,Yes,Yes,TRUE,TRUE,TRUE,FALSE,No,Yes,No,TRUE,0,3,3,Axe,0,TRUE,TRUE,TRUE,FALSE,No,FALSE,TRUE,FALSE,TRUE,FALSE,FALSE,FALSE,No,No,FALSE,FALSE,TRUE,TRUE,FALSE,FALSE,Fully,FALSE,TRUE,TRUE,TRUE,FALSE,100%,Bass,FALSE,FALSE,8,TRUE,313
,Crimson Trapdoor,crimson_trapdoor,1.16 20w06a,704,FALSE,FALSE,FALSE,Yes,Yes,TRUE,TRUE,TRUE,FALSE,No,Depends,Depends,TRUE,0,3,3,Axe,0,TRUE,TRUE,TRUE,FALSE,Yes,FALSE,TRUE,FALSE,TRUE,FALSE,FALSE,FALSE,No,No,FALSE,FALSE,FALSE,FALSE,FALSE,FALSE,Fully,FALSE,TRUE,TRUE,TRUE,FALSE,100%,Bass,FALSE,FALSE,8,TRUE,314
,Crimson Shelf,crimson_shelf,1.21.9 25w31a,1117,FALSE,FALSE,FALSE,Yes,Yes,TRUE,TRUE,TRUE,TRUE,No,No,No,TRUE,0,3,2,Axe,0,TRUE,TRUE,TRUE,FALSE,Yes,FALSE,TRUE,FALSE,TRUE,FALSE,TRUE,FALSE,No,No,FALSE,FALSE,FALSE,FALSE,FALSE,FALSE,Directional,FALSE,TRUE,TRUE,TRUE,FALSE,100%,Bass,FALSE,FALSE,4,TRUE,315
,Crimson Sign,crimson_sign,1.16 20w06a,705,FALSE,FALSE,FALSE,Yes,Yes,TRUE,TRUE,TRUE,TRUE,No,Yes,No,TRUE,0,1,1,Axe,0,TRUE,TRUE,TRUE,TRUE,Yes,FALSE,FALSE,FALSE,TRUE,FALSE,TRUE,FALSE,No,No,FALSE,FALSE,TRUE,TRUE,FALSE,FALSE,Fully,FALSE,TRUE,TRUE,TRUE,FALSE,N/A,Bass,TRUE,FALSE,16,TRUE,316
,Crimson Wall Sign,crimson_wall_sign,1.16 20w06a,706,FALSE,FALSE,FALSE,Yes,Yes,TRUE,FALSE,TRUE,TRUE,No,Yes,No,TRUE,0,1,1,Axe,0,TRUE,TRUE,TRUE,TRUE,Yes,FALSE,FALSE,FALSE,TRUE,FALSE,TRUE,FALSE,No,No,FALSE,FALSE,TRUE,TRUE,FALSE,FALSE,Fully,FALSE,TRUE,TRUE,TRUE,FALSE,N/A,Bass,TRUE,FALSE,4,TRUE,317
,Crimson Hanging Sign,crimson_hanging_sign,1.20 Experimental 22w42a,966,FALSE,FALSE,FALSE,Yes,Yes,TRUE,TRUE,TRUE,TRUE,No,Yes,No,TRUE,0,1,1,Axe,0,TRUE,TRUE,TRUE,TRUE,Yes,FALSE,FALSE,FALSE,TRUE,FALSE,TRUE,FALSE,No,No,FALSE,FALSE,TRUE,TRUE,FALSE,FALSE,Fully,FALSE,TRUE,TRUE,TRUE,FALSE,N/A,Bass,TRUE,FALSE,16,TRUE,318
,Crimson Wall Hanging Sign,crimson_wall_hanging_sign,1.20 Experimental 22w42a,967,FALSE,FALSE,FALSE,Yes,Yes,TRUE,FALSE,TRUE,TRUE,No,Yes,No,TRUE,0,1,1,Axe,0,TRUE,TRUE,TRUE,TRUE,Yes,FALSE,TRUE,FALSE,TRUE,FALSE,TRUE,FALSE,No,No,FALSE,FALSE,TRUE,FALSE,FALSE,FALSE,Fully,FALSE,TRUE,TRUE,TRUE,FALSE,100%,Bass,TRUE,FALSE,4,TRUE,319
,Crimson Pressure Plate,crimson_pressure_plate,1.16 20w06a,707,FALSE,FALSE,FALSE,Yes,Yes,TRUE,TRUE,TRUE,FALSE,No,No,No,FALSE,0,0.5,0.5,Axe,0,TRUE,TRUE,TRUE,TRUE,No,FALSE,FALSE,FALSE,TRUE,FALSE,FALSE,TRUE,No,No,FALSE,FALSE,TRUE,TRUE,FALSE,FALSE,Fully,FALSE,TRUE,TRUE,TRUE,FALSE,N/A,Bass,FALSE,FALSE,1,TRUE,320
,Crimson Button,crimson_button,1.16 20w06a,708,FALSE,FALSE,FALSE,Yes,Yes,TRUE,TRUE,TRUE,FALSE,No,No,No,FALSE,0,0.5,0.5,Axe,0,TRUE,TRUE,TRUE,TRUE,No,TRUE,FALSE,FALSE,TRUE,FALSE,FALSE,TRUE,No,No,FALSE,FALSE,TRUE,TRUE,FALSE,FALSE,Fully,FALSE,TRUE,TRUE,FALSE,FALSE,N/A,Harp,FALSE,FALSE,12,TRUE,321
,Petrified Oak Slab,petrified_oak_slab,Beta 1.3,101,TRUE,TRUE,TRUE,No,No,FALSE,TRUE,TRUE,FALSE,Depends,Depends,Depends,TRUE,0,6,2,Pickaxe,0,FALSE,TRUE,TRUE,FALSE,Yes,FALSE,TRUE,TRUE,TRUE,TRUE,FALSE,FALSE,Depends,Depends,TRUE,FALSE,FALSE,FALSE,FALSE,FALSE,Directional,FALSE,TRUE,TRUE,TRUE,FALSE,100%,Base Drum,FALSE,FALSE,2,TRUE,322
,Gravel,gravel,Classic 0.0.14a,12,FALSE,FALSE,FALSE,Yes,Yes,TRUE,TRUE,TRUE,FALSE,Yes,No,Yes,FALSE,0,0.6,0.6,Shovel,0,TRUE,TRUE,TRUE,TRUE,No,FALSE,TRUE,TRUE,TRUE,TRUE,FALSE,FALSE,Yes,Yes,TRUE,TRUE,FALSE,TRUE,FALSE,FALSE,No,FALSE,FALSE,FALSE,TRUE,FALSE,100%,Snare,FALSE,FALSE,1,FALSE,323
,Suspicious Gravel,suspicious_gravel,1.20 23w12a,999,FALSE,FALSE,FALSE,No,No,FALSE,TRUE,TRUE,TRUE,Yes,No,Yes,FALSE,0,0.25,0.25,Shovel,0,FALSE,FALSE,FALSE,TRUE,No,FALSE,TRUE,TRUE,TRUE,TRUE,FALSE,TRUE,Yes,Yes,TRUE,TRUE,FALSE,TRUE,FALSE,FALSE,No,FALSE,FALSE,FALSE,TRUE,FALSE,100%,Snare,FALSE,FALSE,1,TRUE,324
,Sand,sand,Classic 0.0.14a,13,FALSE,FALSE,FALSE,Yes,No,FALSE,TRUE,TRUE,FALSE,Yes,No,Yes,FALSE,0,0.5,0.5,Shovel,0,TRUE,TRUE,TRUE,TRUE,No,FALSE,TRUE,TRUE,TRUE,TRUE,FALSE,FALSE,Yes,Yes,TRUE,TRUE,FALSE,TRUE,FALSE,FALSE,No,FALSE,FALSE,FALSE,TRUE,FALSE,100%,Snare,FALSE,FALSE,1,FALSE,325
,Suspicious Sand,suspicious_sand,1.20 Experimental 23w07a,990,FALSE,FALSE,FALSE,No,No,FALSE,TRUE,TRUE,TRUE,Yes,No,Yes,FALSE,0,0.25,0.25,Shovel,0,FALSE,FALSE,FALSE,TRUE,No,FALSE,TRUE,TRUE,TRUE,TRUE,FALSE,TRUE,Yes,Yes,TRUE,TRUE,FALSE,TRUE,FALSE,FALSE,No,FALSE,FALSE,FALSE,TRUE,FALSE,100%,Snare,FALSE,FALSE,1,TRUE,326
,Sandstone,sandstone,Beta 1.2,91,FALSE,FALSE,FALSE,Yes,No,FALSE,TRUE,TRUE,FALSE,Yes,No,Yes,FALSE,0,0.8,0.8,Pickaxe,0,FALSE,TRUE,TRUE,TRUE,No,FALSE,TRUE,TRUE,TRUE,TRUE,FALSE,FALSE,Yes,Yes,TRUE,FALSE,FALSE,FALSE,FALSE,FALSE,No,FALSE,FALSE,FALSE,TRUE,FALSE,100%,Base Drum,FALSE,FALSE,1,FALSE,327
,Sandstone Slab,sandstone_slab,Beta 1.3,102,FALSE,FALSE,FALSE,Yes,No,FALSE,TRUE,TRUE,FALSE,Depends,Depends,Depends,TRUE,0,6,2,Pickaxe,0,FALSE,TRUE,TRUE,FALSE,Yes,FALSE,TRUE,TRUE,TRUE,TRUE,FALSE,FALSE,Depends,Depends,TRUE,FALSE,FALSE,FALSE,FALSE,FALSE,Directional,FALSE,TRUE,TRUE,TRUE,FALSE,100%,Base Drum,FALSE,FALSE,2,TRUE,328
,Sandstone Stairs,sandstone_stairs,1.3.1 12w21a,168,FALSE,FALSE,FALSE,Yes,No,FALSE,TRUE,TRUE,FALSE,Depends,Depends,Depends,TRUE,0,0.8,0.8,Pickaxe,0,FALSE,TRUE,TRUE,TRUE,Yes,FALSE,TRUE,FALSE,TRUE,FALSE,FALSE,FALSE,No,No,FALSE,FALSE,FALSE,FALSE,FALSE,FALSE,Directional,FALSE,TRUE,TRUE,TRUE,FALSE,100%,Base Drum,FALSE,FALSE,8,TRUE,329
,Sandstone Wall,sandstone_wall,1.14 18w43a,634,FALSE,FALSE,FALSE,Yes,No,FALSE,TRUE,TRUE,FALSE,No,No,No,TRUE,0,0.8,0.8,Pickaxe,0,FALSE,TRUE,TRUE,TRUE,Yes,FALSE,TRUE,FALSE,TRUE,FALSE,FALSE,FALSE,No,No,FALSE,FALSE,FALSE,FALSE,FALSE,FALSE,Fully,FALSE,TRUE,TRUE,TRUE,FALSE,100%,Base Drum,FALSE,FALSE,1,TRUE,330
,Smooth Sandstone,smooth_sandstone,1.13 17w47a,527,FALSE,FALSE,FALSE,Yes,No,FALSE,TRUE,TRUE,FALSE,Yes,No,Yes,FALSE,0,6,2,Pickaxe,0,FALSE,TRUE,TRUE,FALSE,No,FALSE,TRUE,TRUE,TRUE,TRUE,FALSE,FALSE,Yes,Yes,TRUE,FALSE,FALSE,FALSE,FALSE,FALSE,No,FALSE,FALSE,FALSE,TRUE,FALSE,100%,Base Drum,FALSE,FALSE,1,FALSE,331
,Smooth Sandstone Slab,smooth_sandstone_slab,1.14 18w43a,635,FALSE,FALSE,FALSE,Yes,No,FALSE,TRUE,TRUE,FALSE,Depends,Depends,Depends,TRUE,0,6,2,Pickaxe,0,FALSE,TRUE,TRUE,FALSE,Yes,FALSE,TRUE,TRUE,TRUE,TRUE,FALSE,FALSE,Depends,Depends,TRUE,FALSE,FALSE,FALSE,FALSE,FALSE,Directional,FALSE,TRUE,TRUE,TRUE,FALSE,100%,Base Drum,FALSE,FALSE,2,TRUE,332
,Smooth Sandstone Stairs,smooth_sandstone_stairs,1.14 18w43a,636,FALSE,FALSE,FALSE,Yes,No,FALSE,TRUE,TRUE,FALSE,Depends,Depends,Depends,TRUE,0,6,2,Pickaxe,0,FALSE,TRUE,TRUE,FALSE,Yes,FALSE,TRUE,FALSE,TRUE,FALSE,FALSE,FALSE,No,No,FALSE,FALSE,FALSE,FALSE,FALSE,FALSE,Directional,FALSE,TRUE,TRUE,TRUE,FALSE,100%,Base Drum,FALSE,FALSE,8,TRUE,333
,Cut Sandstone,cut_sandstone,1.5 13w04a,229,FALSE,FALSE,FALSE,Yes,No,FALSE,TRUE,TRUE,FALSE,Yes,No,Yes,FALSE,0,0.8,0.8,Pickaxe,0,FALSE,TRUE,TRUE,TRUE,No,FALSE,TRUE,TRUE,TRUE,TRUE,FALSE,FALSE,Yes,Yes,TRUE,FALSE,FALSE,FALSE,FALSE,FALSE,No,FALSE,FALSE,FALSE,TRUE,FALSE,100%,Base Drum,FALSE,FALSE,1,FALSE,334
,Cut Sandstone Slab,cut_sandstone_slab,1.14 19w12a,677,FALSE,FALSE,FALSE,Yes,No,FALSE,TRUE,TRUE,FALSE,Depends,Depends,Depends,TRUE,0,6,2,Pickaxe,0,FALSE,TRUE,TRUE,FALSE,Yes,FALSE,TRUE,TRUE,TRUE,TRUE,FALSE,FALSE,Depends,Depends,TRUE,FALSE,FALSE,FALSE,FALSE,FALSE,Directional,FALSE,TRUE,TRUE,TRUE,FALSE,100%,Base Drum,FALSE,FALSE,2,TRUE,335
,Chiseled Sandstone,chiseled_sandstone,1.2.4,162,FALSE,FALSE,FALSE,Yes,No,FALSE,TRUE,TRUE,FALSE,Yes,No,Yes,FALSE,0,0.8,0.8,Pickaxe,0,FALSE,TRUE,TRUE,TRUE,No,FALSE,TRUE,TRUE,TRUE,TRUE,FALSE,FALSE,Yes,Yes,TRUE,FALSE,FALSE,FALSE,FALSE,FALSE,No,FALSE,FALSE,FALSE,TRUE,FALSE,100%,Base Drum,FALSE,FALSE,1,FALSE,336
,Red Sand,red_sand,1.7.2 13w39a,300,FALSE,FALSE,FALSE,Yes,No,FALSE,TRUE,TRUE,FALSE,Yes,No,Yes,FALSE,0,0.5,0.5,Shovel,0,FALSE,TRUE,TRUE,TRUE,No,FALSE,TRUE,TRUE,TRUE,TRUE,FALSE,FALSE,Yes,Yes,TRUE,TRUE,FALSE,TRUE,FALSE,FALSE,No,FALSE,FALSE,FALSE,TRUE,FALSE,100%,Snare,FALSE,FALSE,1,FALSE,337
,Red Sandstone,red_sandstone,1.8 14w32a,390,FALSE,FALSE,FALSE,Yes,No,FALSE,TRUE,TRUE,FALSE,Yes,No,Yes,FALSE,0,0.8,0.8,Pickaxe,0,FALSE,TRUE,TRUE,TRUE,No,FALSE,TRUE,TRUE,TRUE,TRUE,FALSE,FALSE,Yes,Yes,TRUE,FALSE,FALSE,FALSE,FALSE,FALSE,No,FALSE,FALSE,FALSE,TRUE,FALSE,100%,Base Drum,FALSE,FALSE,1,FALSE,338
,Red Sandstone Slab,red_sandstone_slab,1.8 14w32a,391,FALSE,FALSE,FALSE,Yes,No,FALSE,TRUE,TRUE,FALSE,Depends,Depends,Depends,TRUE,0,6,2,Pickaxe,0,FALSE,TRUE,TRUE,FALSE,Yes,FALSE,TRUE,TRUE,TRUE,TRUE,FALSE,FALSE,Depends,Depends,TRUE,FALSE,FALSE,FALSE,FALSE,FALSE,Directional,FALSE,TRUE,TRUE,TRUE,FALSE,100%,Base Drum,FALSE,FALSE,2,TRUE,339
,Red Sandstone Stairs,red_sandstone_stairs,1.8 14w32a,392,FALSE,FALSE,FALSE,Yes,No,FALSE,TRUE,TRUE,FALSE,Depends,Depends,Depends,TRUE,0,0.8,0.8,Pickaxe,0,FALSE,TRUE,TRUE,TRUE,Yes,FALSE,TRUE,FALSE,TRUE,FALSE,FALSE,FALSE,No,No,FALSE,FALSE,FALSE,FALSE,FALSE,FALSE,Directional,FALSE,TRUE,TRUE,TRUE,FALSE,100%,Base Drum,FALSE,FALSE,8,TRUE,340
,Red Sandstone Wall,red_sandstone_wall,1.14 18w43a,637,FALSE,FALSE,FALSE,Yes,No,FALSE,TRUE,TRUE,FALSE,No,No,No,TRUE,0,0.8,0.8,Pickaxe,0,FALSE,TRUE,TRUE,TRUE,Yes,FALSE,TRUE,FALSE,TRUE,FALSE,FALSE,FALSE,No,No,FALSE,FALSE,FALSE,FALSE,FALSE,FALSE,Fully,FALSE,TRUE,TRUE,TRUE,FALSE,100%,Base Drum,FALSE,FALSE,1,TRUE,341
,Smooth Red Sandstone,smooth_red_sandstone,1.13 17w47a,528,FALSE,FALSE,FALSE,Yes,No,FALSE,TRUE,TRUE,FALSE,Yes,No,Yes,FALSE,0,6,2,Pickaxe,0,FALSE,TRUE,TRUE,FALSE,No,FALSE,TRUE,TRUE,TRUE,TRUE,FALSE,FALSE,Yes,Yes,TRUE,FALSE,FALSE,FALSE,FALSE,FALSE,No,FALSE,FALSE,FALSE,TRUE,FALSE,100%,Base Drum,FALSE,FALSE,1,FALSE,342
,Smooth Red Sandstone Slab,smooth_red_sandstone_slab,1.14 18w43a,638,FALSE,FALSE,FALSE,Yes,No,FALSE,TRUE,TRUE,FALSE,Depends,Depends,Depends,TRUE,0,6,2,Pickaxe,0,FALSE,TRUE,TRUE,FALSE,Yes,FALSE,TRUE,TRUE,TRUE,TRUE,FALSE,FALSE,Depends,Depends,TRUE,FALSE,FALSE,FALSE,FALSE,FALSE,Directional,FALSE,TRUE,TRUE,TRUE,FALSE,100%,Base Drum,FALSE,FALSE,2,TRUE,343
,Smooth Red Sandstone Stairs,smooth_red_sandstone_stairs,1.14 18w43a,639,FALSE,FALSE,FALSE,Yes,No,FALSE,TRUE,TRUE,FALSE,Depends,Depends,Depends,TRUE,0,6,2,Pickaxe,0,FALSE,TRUE,TRUE,FALSE,Yes,FALSE,TRUE,FALSE,TRUE,FALSE,FALSE,FALSE,No,No,FALSE,FALSE,FALSE,FALSE,FALSE,FALSE,Directional,FALSE,TRUE,TRUE,TRUE,FALSE,100%,Base Drum,FALSE,FALSE,8,TRUE,344
,Cut Red Sandstone,cut_red_sandstone,1.8 14w32a,393,FALSE,FALSE,FALSE,Yes,No,FALSE,TRUE,TRUE,FALSE,Yes,No,Yes,FALSE,0,0.8,0.8,Pickaxe,0,FALSE,TRUE,TRUE,TRUE,No,FALSE,TRUE,TRUE,TRUE,TRUE,FALSE,FALSE,Yes,Yes,TRUE,FALSE,FALSE,FALSE,FALSE,FALSE,No,FALSE,FALSE,FALSE,TRUE,FALSE,100%,Base Drum,FALSE,FALSE,1,FALSE,345
,Cut Red Sandstone Slab,cut_red_sandstone_slab,1.14 19w12a,678,FALSE,FALSE,FALSE,Yes,No,FALSE,TRUE,TRUE,FALSE,Depends,Depends,Depends,TRUE,0,6,2,Pickaxe,0,FALSE,TRUE,TRUE,FALSE,Yes,FALSE,TRUE,TRUE,TRUE,TRUE,FALSE,FALSE,Depends,Depends,TRUE,FALSE,FALSE,FALSE,FALSE,FALSE,Directional,FALSE,TRUE,TRUE,TRUE,FALSE,100%,Base Drum,FALSE,FALSE,2,TRUE,346
,Chiseled Red Sandstone,chiseled_red_sandstone,1.8 14w32a,394,FALSE,FALSE,FALSE,Yes,No,FALSE,TRUE,TRUE,FALSE,Yes,No,Yes,FALSE,0,0.8,0.8,Pickaxe,0,FALSE,TRUE,TRUE,TRUE,No,FALSE,TRUE,TRUE,TRUE,TRUE,FALSE,FALSE,Yes,Yes,TRUE,FALSE,FALSE,FALSE,FALSE,FALSE,No,FALSE,FALSE,FALSE,TRUE,FALSE,100%,Base Drum,FALSE,FALSE,1,FALSE,347
,Emerald Ore,emerald_ore,1.3.1 12w21a,169,FALSE,FALSE,FALSE,No,No,FALSE,TRUE,TRUE,FALSE,Yes,No,Yes,FALSE,0,3,3,Pickaxe,2,FALSE,FALSE,TRUE,FALSE,No,FALSE,TRUE,TRUE,TRUE,TRUE,FALSE,FALSE,Yes,Yes,TRUE,FALSE,FALSE,FALSE,FALSE,FALSE,No,FALSE,FALSE,FALSE,TRUE,FALSE,100%,Base Drum,FALSE,FALSE,1,FALSE,348
,Deepslate Emerald Ore,deepslate_emerald_ore,1.17 21w10a,886,FALSE,FALSE,FALSE,No,No,FALSE,TRUE,TRUE,FALSE,Yes,No,Yes,FALSE,0,3,4.5,Pickaxe,2,FALSE,FALSE,TRUE,FALSE,No,FALSE,TRUE,TRUE,TRUE,TRUE,FALSE,FALSE,Yes,Yes,TRUE,FALSE,FALSE,FALSE,FALSE,FALSE,No,FALSE,FALSE,FALSE,TRUE,FALSE,100%,Base Drum,FALSE,FALSE,1,FALSE,349
,Coal Ore,coal_ore,Classic 0.0.14a,14,FALSE,FALSE,FALSE,No,No,FALSE,TRUE,TRUE,FALSE,Yes,No,Yes,FALSE,0,3,3,Pickaxe,0,FALSE,FALSE,TRUE,FALSE,No,FALSE,TRUE,TRUE,TRUE,TRUE,FALSE,FALSE,Yes,Yes,TRUE,FALSE,FALSE,FALSE,FALSE,FALSE,No,FALSE,FALSE,FALSE,TRUE,FALSE,100%,Base Drum,FALSE,FALSE,1,FALSE,350
,Deepslate Coal Ore,deepslate_coal_ore,1.17 21w10a,887,FALSE,FALSE,FALSE,No,No,FALSE,TRUE,TRUE,FALSE,Yes,No,Yes,FALSE,0,3,4.5,Pickaxe,0,FALSE,FALSE,TRUE,FALSE,No,FALSE,TRUE,TRUE,TRUE,TRUE,FALSE,FALSE,Yes,Yes,TRUE,FALSE,FALSE,FALSE,FALSE,FALSE,No,FALSE,FALSE,FALSE,TRUE,FALSE,100%,Base Drum,FALSE,FALSE,1,FALSE,351
,Copper Ore,copper_ore,1.17 20w45a,768,FALSE,FALSE,FALSE,No,No,FALSE,TRUE,TRUE,FALSE,Yes,No,Yes,FALSE,0,3,3,Pickaxe,1,FALSE,FALSE,TRUE,FALSE,No,FALSE,TRUE,TRUE,TRUE,TRUE,FALSE,FALSE,Yes,Yes,TRUE,FALSE,FALSE,FALSE,FALSE,FALSE,No,FALSE,FALSE,FALSE,TRUE,FALSE,100%,Base Drum,FALSE,FALSE,1,FALSE,352
,Deepslate Copper Ore,deepslate_copper_ore,1.17 21w10a,888,FALSE,FALSE,FALSE,No,No,FALSE,TRUE,TRUE,FALSE,Yes,No,Yes,FALSE,0,3,4.5,Pickaxe,1,FALSE,FALSE,TRUE,FALSE,No,FALSE,TRUE,TRUE,TRUE,TRUE,FALSE,FALSE,Yes,Yes,TRUE,FALSE,FALSE,FALSE,FALSE,FALSE,No,FALSE,FALSE,FALSE,TRUE,FALSE,100%,Base Drum,FALSE,FALSE,1,FALSE,353
,Iron Ore,iron_ore,Classic 0.0.14a,15,FALSE,FALSE,FALSE,No,No,FALSE,TRUE,TRUE,FALSE,Yes,No,Yes,FALSE,0,3,3,Pickaxe,1,FALSE,FALSE,TRUE,FALSE,No,FALSE,TRUE,TRUE,TRUE,TRUE,FALSE,FALSE,Yes,Yes,TRUE,FALSE,FALSE,FALSE,FALSE,FALSE,No,FALSE,FALSE,FALSE,TRUE,FALSE,100%,Base Drum,FALSE,FALSE,1,FALSE,354
,Deepslate Iron Ore,deepslate_iron_ore,1.17 21w08a,877,FALSE,FALSE,FALSE,No,No,FALSE,TRUE,TRUE,FALSE,Yes,No,Yes,FALSE,0,3,4.5,Pickaxe,1,FALSE,FALSE,TRUE,FALSE,No,FALSE,TRUE,TRUE,TRUE,TRUE,FALSE,FALSE,Yes,Yes,TRUE,FALSE,FALSE,FALSE,FALSE,FALSE,No,FALSE,FALSE,FALSE,TRUE,FALSE,100%,Base Drum,FALSE,FALSE,1,FALSE,355
,Lapis Lazuli Ore,lapis_ore,Beta 1.2,92,FALSE,FALSE,FALSE,No,No,FALSE,TRUE,TRUE,FALSE,Yes,No,Yes,FALSE,0,3,3,Pickaxe,1,FALSE,FALSE,TRUE,FALSE,No,FALSE,TRUE,TRUE,TRUE,TRUE,FALSE,FALSE,Yes,Yes,TRUE,FALSE,FALSE,FALSE,FALSE,FALSE,No,FALSE,FALSE,FALSE,TRUE,FALSE,100%,Base Drum,FALSE,FALSE,1,FALSE,356
,Deepslate Lapis Lazuli Ore,deepslate_lapis_ore,1.17 21w08a,878,FALSE,FALSE,FALSE,No,No,FALSE,TRUE,TRUE,FALSE,Yes,No,Yes,FALSE,0,3,4.5,Pickaxe,1,FALSE,FALSE,TRUE,FALSE,No,FALSE,TRUE,TRUE,TRUE,TRUE,FALSE,FALSE,Yes,Yes,TRUE,FALSE,FALSE,FALSE,FALSE,FALSE,No,FALSE,FALSE,FALSE,TRUE,FALSE,100%,Base Drum,FALSE,FALSE,1,FALSE,357
,Gold Ore,gold_ore,Classic 0.0.14a,16,FALSE,FALSE,FALSE,No,No,FALSE,TRUE,TRUE,FALSE,Yes,No,Yes,FALSE,0,3,3,Pickaxe,2,FALSE,FALSE,TRUE,FALSE,No,FALSE,TRUE,TRUE,TRUE,TRUE,FALSE,FALSE,Yes,Yes,TRUE,FALSE,FALSE,FALSE,FALSE,FALSE,No,FALSE,FALSE,FALSE,TRUE,FALSE,100%,Base Drum,FALSE,FALSE,1,FALSE,358
,Deepslate Gold Ore,deepslate_gold_ore,1.17 21w08a,879,FALSE,FALSE,FALSE,No,No,FALSE,TRUE,TRUE,FALSE,Yes,No,Yes,FALSE,0,3,4.5,Pickaxe,2,FALSE,FALSE,TRUE,FALSE,No,FALSE,TRUE,TRUE,TRUE,TRUE,FALSE,FALSE,Yes,Yes,TRUE,FALSE,FALSE,FALSE,FALSE,FALSE,No,FALSE,FALSE,FALSE,TRUE,FALSE,100%,Base Drum,FALSE,FALSE,1,FALSE,359
,Redstone Ore,redstone_ore,Alpha v1.0.1,69,FALSE,FALSE,FALSE,No,No,FALSE,TRUE,TRUE,FALSE,Yes,No,Yes,FALSE,0/9,3,3,Pickaxe,2,FALSE,FALSE,TRUE,FALSE,No,FALSE,TRUE,TRUE,TRUE,TRUE,FALSE,FALSE,Yes,Yes,TRUE,FALSE,FALSE,FALSE,FALSE,FALSE,No,FALSE,FALSE,FALSE,TRUE,FALSE,100%,Base Drum,FALSE,FALSE,1,TRUE,360
,Deepslate Redstone Ore,deepslate_redstone_ore,1.17 21w08a,880,FALSE,FALSE,FALSE,No,No,FALSE,TRUE,TRUE,FALSE,Yes,No,Yes,FALSE,0/9,3,4.5,Pickaxe,2,FALSE,FALSE,TRUE,FALSE,No,FALSE,TRUE,TRUE,TRUE,TRUE,FALSE,FALSE,Yes,Yes,TRUE,FALSE,FALSE,FALSE,FALSE,FALSE,No,FALSE,FALSE,FALSE,TRUE,FALSE,100%,Base Drum,FALSE,FALSE,1,TRUE,361
,Diamond Ore,diamond_ore,Indev 0.31 20100128,52,FALSE,FALSE,FALSE,No,No,FALSE,TRUE,TRUE,FALSE,Yes,No,Yes,FALSE,0,3,3,Pickaxe,2,FALSE,FALSE,TRUE,FALSE,No,FALSE,TRUE,TRUE,TRUE,TRUE,FALSE,FALSE,Yes,Yes,TRUE,FALSE,FALSE,FALSE,FALSE,FALSE,No,FALSE,FALSE,FALSE,TRUE,FALSE,100%,Base Drum,FALSE,FALSE,1,FALSE,362
,Deepslate Diamond Ore,deepslate_diamond_ore,1.17 21w08a,881,FALSE,FALSE,FALSE,No,No,FALSE,TRUE,TRUE,FALSE,Yes,No,Yes,FALSE,0,3,4.5,Pickaxe,2,FALSE,FALSE,TRUE,FALSE,No,FALSE,TRUE,TRUE,TRUE,TRUE,FALSE,FALSE,Yes,Yes,TRUE,FALSE,FALSE,FALSE,FALSE,FALSE,No,FALSE,FALSE,FALSE,TRUE,FALSE,100%,Base Drum,FALSE,FALSE,1,FALSE,363
,Nether Quartz Ore,nether_quartz_ore,1.5 13w01a,214,FALSE,FALSE,FALSE,No,No,FALSE,TRUE,TRUE,FALSE,Yes,No,Yes,FALSE,0,3,3,Pickaxe,0,FALSE,FALSE,TRUE,FALSE,No,FALSE,TRUE,TRUE,TRUE,TRUE,FALSE,FALSE,Yes,Yes,TRUE,FALSE,FALSE,FALSE,FALSE,FALSE,No,FALSE,FALSE,FALSE,TRUE,FALSE,100%,Base Drum,FALSE,FALSE,1,FALSE,364
,Nether Gold Ore,nether_gold_ore,1.16 20w11a,738,FALSE,FALSE,FALSE,No,No,FALSE,TRUE,TRUE,FALSE,Yes,No,Yes,FALSE,0,3,3,Pickaxe,0,FALSE,FALSE,TRUE,FALSE,No,FALSE,TRUE,TRUE,TRUE,TRUE,FALSE,FALSE,Yes,Yes,TRUE,FALSE,FALSE,FALSE,FALSE,FALSE,No,FALSE,FALSE,FALSE,TRUE,FALSE,100%,Base Drum,FALSE,FALSE,1,FALSE,365
,Ancient Debris,ancient_debris,1.16 20w06a,709,FALSE,FALSE,FALSE,No,No,FALSE,TRUE,TRUE,FALSE,Yes,No,Yes,FALSE,0,1200,30,Pickaxe,3,FALSE,TRUE,TRUE,FALSE,No,FALSE,TRUE,TRUE,TRUE,TRUE,FALSE,FALSE,Yes,Yes,TRUE,FALSE,FALSE,FALSE,FALSE,FALSE,No,FALSE,FALSE,FALSE,TRUE,FALSE,100%,Harp,FALSE,FALSE,1,FALSE,366
,Block of Emerald,emerald_block,1.3.1 12w22a,171,FALSE,FALSE,FALSE,Yes,Yes,TRUE,TRUE,TRUE,FALSE,Yes,No,Yes,FALSE,0,6,5,Pickaxe,2,FALSE,TRUE,TRUE,FALSE,No,FALSE,TRUE,TRUE,TRUE,TRUE,FALSE,FALSE,Yes,Yes,TRUE,FALSE,FALSE,FALSE,FALSE,FALSE,No,FALSE,FALSE,FALSE,TRUE,FALSE,100%,Bit,FALSE,FALSE,1,FALSE,367
,Block of Coal,coal_block,1.6.1 13w18a,249,FALSE,FALSE,FALSE,Yes,Yes,TRUE,TRUE,TRUE,FALSE,Yes,No,Yes,FALSE,0,6,5,Pickaxe,0,FALSE,TRUE,TRUE,FALSE,No,FALSE,TRUE,TRUE,TRUE,TRUE,FALSE,FALSE,Yes,Yes,TRUE,FALSE,FALSE,FALSE,TRUE,TRUE,No,FALSE,FALSE,FALSE,TRUE,FALSE,100%,Base Drum,FALSE,FALSE,1,FALSE,368
,Block of Raw Copper,raw_copper_block,1.17 21w15a,894,FALSE,FALSE,FALSE,No,No,FALSE,TRUE,TRUE,FALSE,Yes,No,Yes,FALSE,0,6,5,Pickaxe,1,FALSE,TRUE,TRUE,FALSE,No,FALSE,TRUE,TRUE,TRUE,TRUE,FALSE,FALSE,Yes,Yes,TRUE,FALSE,FALSE,FALSE,FALSE,FALSE,No,FALSE,FALSE,FALSE,TRUE,FALSE,100%,Base Drum,FALSE,FALSE,1,FALSE,369
,Block of Copper,copper_block,1.17 20w45a,769,FALSE,FALSE,FALSE,Yes,Yes,TRUE,TRUE,TRUE,FALSE,Yes,No,Yes,FALSE,0,6,3,Pickaxe,1,FALSE,TRUE,TRUE,FALSE,No,FALSE,TRUE,TRUE,TRUE,TRUE,FALSE,FALSE,Yes,Yes,TRUE,FALSE,FALSE,FALSE,FALSE,FALSE,No,FALSE,FALSE,FALSE,TRUE,FALSE,100%,Trumpet,FALSE,FALSE,1,FALSE,370
,Exposed Copper,exposed_copper,1.17 20w45a,770,FALSE,FALSE,FALSE,Yes,Yes,TRUE,TRUE,TRUE,FALSE,Yes,No,Yes,FALSE,0,6,3,Pickaxe,1,FALSE,TRUE,TRUE,FALSE,No,FALSE,TRUE,TRUE,TRUE,TRUE,FALSE,FALSE,Yes,Yes,TRUE,FALSE,FALSE,FALSE,FALSE,FALSE,No,FALSE,FALSE,FALSE,TRUE,FALSE,100%,Trumpet Exposed,FALSE,FALSE,1,FALSE,371
,Weathered Copper,weathered_copper,1.17 20w45a,771,FALSE,FALSE,FALSE,Yes,Yes,TRUE,TRUE,TRUE,FALSE,Yes,No,Yes,FALSE,0,6,3,Pickaxe,1,FALSE,TRUE,TRUE,FALSE,No,FALSE,TRUE,TRUE,TRUE,TRUE,FALSE,FALSE,Yes,Yes,TRUE,FALSE,FALSE,FALSE,FALSE,FALSE,No,FALSE,FALSE,FALSE,TRUE,FALSE,100%,Trumpet Weathered,FALSE,FALSE,1,FALSE,372
,Oxidized Copper,oxidized_copper,1.17 20w45a,772,FALSE,FALSE,FALSE,Yes,Yes,TRUE,TRUE,TRUE,FALSE,Yes,No,Yes,FALSE,0,6,3,Pickaxe,1,FALSE,TRUE,TRUE,FALSE,No,FALSE,TRUE,TRUE,TRUE,TRUE,FALSE,FALSE,Yes,Yes,TRUE,FALSE,FALSE,FALSE,FALSE,FALSE,No,FALSE,FALSE,FALSE,TRUE,FALSE,100%,Trumpet Oxidized,FALSE,FALSE,1,FALSE,373
,Cut Copper,cut_copper,1.17 20w45a,773,FALSE,FALSE,FALSE,Yes,Yes,TRUE,TRUE,TRUE,FALSE,Yes,No,Yes,FALSE,0,6,3,Pickaxe,1,FALSE,TRUE,TRUE,FALSE,No,FALSE,TRUE,TRUE,TRUE,TRUE,FALSE,FALSE,Yes,Yes,TRUE,FALSE,FALSE,FALSE,FALSE,FALSE,No,FALSE,FALSE,FALSE,TRUE,FALSE,100%,Trumpet,FALSE,FALSE,1,FALSE,374
,Exposed Cut Copper,exposed_cut_copper,1.17 20w45a,774,FALSE,FALSE,FALSE,Yes,Yes,TRUE,TRUE,TRUE,FALSE,Yes,No,Yes,FALSE,0,6,3,Pickaxe,1,FALSE,TRUE,TRUE,FALSE,No,FALSE,TRUE,TRUE,TRUE,TRUE,FALSE,FALSE,Yes,Yes,TRUE,FALSE,FALSE,FALSE,FALSE,FALSE,No,FALSE,FALSE,FALSE,TRUE,FALSE,100%,Trumpet Exposed,FALSE,FALSE,1,FALSE,375
,Weathered Cut Copper,weathered_cut_copper,1.17 20w45a,775,FALSE,FALSE,FALSE,Yes,Yes,TRUE,TRUE,TRUE,FALSE,Yes,No,Yes,FALSE,0,6,3,Pickaxe,1,FALSE,TRUE,TRUE,FALSE,No,FALSE,TRUE,TRUE,TRUE,TRUE,FALSE,FALSE,Yes,Yes,TRUE,FALSE,FALSE,FALSE,FALSE,FALSE,No,FALSE,FALSE,FALSE,TRUE,FALSE,100%,Trumpet Weathered,FALSE,FALSE,1,FALSE,376
,Oxidized Cut Copper,oxidized_cut_copper,1.17 20w45a,776,FALSE,FALSE,FALSE,Yes,Yes,TRUE,TRUE,TRUE,FALSE,Yes,No,Yes,FALSE,0,6,3,Pickaxe,1,FALSE,TRUE,TRUE,FALSE,No,FALSE,TRUE,TRUE,TRUE,TRUE,FALSE,FALSE,Yes,Yes,TRUE,FALSE,FALSE,FALSE,FALSE,FALSE,No,FALSE,FALSE,FALSE,TRUE,FALSE,100%,Trumpet Oxidized,FALSE,FALSE,1,FALSE,377
,Cut Copper Slab,cut_copper_slab,1.17 20w45a,777,FALSE,FALSE,FALSE,Yes,Yes,TRUE,TRUE,TRUE,FALSE,Depends,Depends,Depends,TRUE,0,6,3,Pickaxe,1,FALSE,TRUE,TRUE,FALSE,Yes,FALSE,TRUE,TRUE,TRUE,TRUE,FALSE,FALSE,Depends,Depends,TRUE,FALSE,FALSE,FALSE,FALSE,FALSE,Directional,FALSE,TRUE,TRUE,TRUE,FALSE,100%,Trumpet,FALSE,FALSE,2,TRUE,378
,Exposed Cut Copper Slab,exposed_cut_copper_slab,1.17 20w45a,778,FALSE,FALSE,FALSE,Yes,Yes,TRUE,TRUE,TRUE,FALSE,Depends,Depends,Depends,TRUE,0,6,3,Pickaxe,1,FALSE,TRUE,TRUE,FALSE,Yes,FALSE,TRUE,TRUE,TRUE,TRUE,FALSE,FALSE,Depends,Depends,TRUE,FALSE,FALSE,FALSE,FALSE,FALSE,Directional,FALSE,TRUE,TRUE,TRUE,FALSE,100%,Trumpet Exposed,FALSE,FALSE,2,TRUE,379
,Weathered Cut Copper Slab,weathered_cut_copper_slab,1.17 20w45a,779,FALSE,FALSE,FALSE,Yes,Yes,TRUE,TRUE,TRUE,FALSE,Depends,Depends,Depends,TRUE,0,6,3,Pickaxe,1,FALSE,TRUE,TRUE,FALSE,Yes,FALSE,TRUE,TRUE,TRUE,TRUE,FALSE,FALSE,Depends,Depends,TRUE,FALSE,FALSE,FALSE,FALSE,FALSE,Directional,FALSE,TRUE,TRUE,TRUE,FALSE,100%,Trumpet Weathered,FALSE,FALSE,2,TRUE,380
,Oxidized Cut Copper Slab,oxidized_cut_copper_slab,1.17 20w45a,780,FALSE,FALSE,FALSE,Yes,Yes,TRUE,TRUE,TRUE,FALSE,Depends,Depends,Depends,TRUE,0,6,3,Pickaxe,1,FALSE,TRUE,TRUE,FALSE,Yes,FALSE,TRUE,TRUE,TRUE,TRUE,FALSE,FALSE,Depends,Depends,TRUE,FALSE,FALSE,FALSE,FALSE,FALSE,Directional,FALSE,TRUE,TRUE,TRUE,FALSE,100%,Trumpet Oxidized,FALSE,FALSE,2,TRUE,381
,Cut Copper Stairs,cut_copper_stairs,1.17 20w45a,781,FALSE,FALSE,FALSE,Yes,Yes,TRUE,TRUE,TRUE,FALSE,Depends,Depends,Depends,TRUE,0,6,3,Pickaxe,1,FALSE,TRUE,TRUE,FALSE,Yes,FALSE,TRUE,FALSE,TRUE,FALSE,FALSE,FALSE,No,No,FALSE,FALSE,FALSE,FALSE,FALSE,FALSE,Directional,FALSE,TRUE,TRUE,TRUE,FALSE,100%,Trumpet,FALSE,FALSE,8,TRUE,382
,Exposed Cut Copper Stairs,exposed_cut_copper_stairs,1.17 20w45a,782,FALSE,FALSE,FALSE,Yes,Yes,TRUE,TRUE,TRUE,FALSE,Depends,Depends,Depends,TRUE,0,6,3,Pickaxe,1,FALSE,TRUE,TRUE,FALSE,Yes,FALSE,TRUE,FALSE,TRUE,FALSE,FALSE,FALSE,No,No,FALSE,FALSE,FALSE,FALSE,FALSE,FALSE,Directional,FALSE,TRUE,TRUE,TRUE,FALSE,100%,Trumpet Exposed,FALSE,FALSE,8,TRUE,383
,Weathered Cut Copper Stairs,weathered_cut_copper_stairs,1.17 20w45a,783,FALSE,FALSE,FALSE,Yes,Yes,TRUE,TRUE,TRUE,FALSE,Depends,Depends,Depends,TRUE,0,6,3,Pickaxe,1,FALSE,TRUE,TRUE,FALSE,Yes,FALSE,TRUE,FALSE,TRUE,FALSE,FALSE,FALSE,No,No,FALSE,FALSE,FALSE,FALSE,FALSE,FALSE,Directional,FALSE,TRUE,TRUE,TRUE,FALSE,100%,Trumpet Weathered,FALSE,FALSE,8,TRUE,384
,Oxidized Cut Copper Stairs,oxidized_cut_copper_stairs,1.17 20w45a,784,FALSE,FALSE,FALSE,Yes,Yes,TRUE,TRUE,TRUE,FALSE,Depends,Depends,Depends,TRUE,0,6,3,Pickaxe,1,FALSE,TRUE,TRUE,FALSE,Yes,FALSE,TRUE,FALSE,TRUE,FALSE,FALSE,FALSE,No,No,FALSE,FALSE,FALSE,FALSE,FALSE,FALSE,Directional,FALSE,TRUE,TRUE,TRUE,FALSE,100%,Trumpet Oxidized,FALSE,FALSE,8,TRUE,385
,Chiseled Copper,chiseled_copper,1.21 Experimental 23w43a,1018,FALSE,FALSE,FALSE,Yes,Yes,TRUE,TRUE,TRUE,FALSE,Yes,No,Yes,FALSE,0,6,3,Pickaxe,1,FALSE,TRUE,TRUE,FALSE,No,FALSE,TRUE,TRUE,TRUE,TRUE,FALSE,FALSE,Yes,Yes,TRUE,FALSE,FALSE,FALSE,FALSE,FALSE,No,FALSE,FALSE,FALSE,TRUE,FALSE,100%,Trumpet,FALSE,FALSE,1,FALSE,386
,Exposed Chiseled Copper,exposed_chiseled_copper,1.21 Experimental 23w43a,1019,FALSE,FALSE,FALSE,Yes,Yes,TRUE,TRUE,TRUE,FALSE,Yes,No,Yes,FALSE,0,6,3,Pickaxe,1,FALSE,TRUE,TRUE,FALSE,No,FALSE,TRUE,TRUE,TRUE,TRUE,FALSE,FALSE,Yes,Yes,TRUE,FALSE,FALSE,FALSE,FALSE,FALSE,No,FALSE,FALSE,FALSE,TRUE,FALSE,100%,Trumpet Exposed,FALSE,FALSE,1,FALSE,387
,Weathered Chiseled Copper,weathered_chiseled_copper,1.21 Experimental 23w43a,1020,FALSE,FALSE,FALSE,Yes,Yes,TRUE,TRUE,TRUE,FALSE,Yes,No,Yes,FALSE,0,6,3,Pickaxe,1,FALSE,TRUE,TRUE,FALSE,No,FALSE,TRUE,TRUE,TRUE,TRUE,FALSE,FALSE,Yes,Yes,TRUE,FALSE,FALSE,FALSE,FALSE,FALSE,No,FALSE,FALSE,FALSE,TRUE,FALSE,100%,Trumpet Weathered,FALSE,FALSE,1,FALSE,388
,Oxidized Chiseled Copper,oxidized_chiseled_copper,1.21 Experimental 23w43a,1021,FALSE,FALSE,FALSE,Yes,Yes,TRUE,TRUE,TRUE,FALSE,Yes,No,Yes,FALSE,0,6,3,Pickaxe,1,FALSE,TRUE,TRUE,FALSE,No,FALSE,TRUE,TRUE,TRUE,TRUE,FALSE,FALSE,Yes,Yes,TRUE,FALSE,FALSE,FALSE,FALSE,FALSE,No,FALSE,FALSE,FALSE,TRUE,FALSE,100%,Trumpet Oxidized,FALSE,FALSE,1,FALSE,389
,Copper Grate,copper_grate,1.21 Experimental 23w43a,1022,FALSE,FALSE,FALSE,Yes,Yes,TRUE,TRUE,TRUE,FALSE,No,No,Yes,FALSE,0,6,3,Pickaxe,1,FALSE,TRUE,TRUE,FALSE,Yes,FALSE,TRUE,TRUE,TRUE,TRUE,FALSE,FALSE,No,No,FALSE,FALSE,FALSE,FALSE,FALSE,FALSE,Fully,FALSE,TRUE,TRUE,TRUE,FALSE,100%,Harp,FALSE,FALSE,1,TRUE,390
,Exposed Copper Grate,exposed_copper_grate,1.21 Experimental 23w43a,1023,FALSE,FALSE,FALSE,Yes,Yes,TRUE,TRUE,TRUE,FALSE,No,No,Yes,FALSE,0,6,3,Pickaxe,1,FALSE,TRUE,TRUE,FALSE,Yes,FALSE,TRUE,TRUE,TRUE,TRUE,FALSE,FALSE,No,No,FALSE,FALSE,FALSE,FALSE,FALSE,FALSE,Fully,FALSE,TRUE,TRUE,TRUE,FALSE,100%,Harp,FALSE,FALSE,1,TRUE,391
,Weathered Copper Grate,weathered_copper_grate,1.21 Experimental 23w43a,1024,FALSE,FALSE,FALSE,Yes,Yes,TRUE,TRUE,TRUE,FALSE,No,No,Yes,FALSE,0,6,3,Pickaxe,1,FALSE,TRUE,TRUE,FALSE,Yes,FALSE,TRUE,TRUE,TRUE,TRUE,FALSE,FALSE,No,No,FALSE,FALSE,FALSE,FALSE,FALSE,FALSE,Fully,FALSE,TRUE,TRUE,TRUE,FALSE,100%,Harp,FALSE,FALSE,1,TRUE,392
,Oxidized Copper Grate,oxidized_copper_grate,1.21 Experimental 23w43a,1025,FALSE,FALSE,FALSE,Yes,Yes,TRUE,TRUE,TRUE,FALSE,No,No,Yes,FALSE,0,6,3,Pickaxe,1,FALSE,TRUE,TRUE,FALSE,Yes,FALSE,TRUE,TRUE,TRUE,TRUE,FALSE,FALSE,No,No,FALSE,FALSE,FALSE,FALSE,FALSE,FALSE,Fully,FALSE,TRUE,TRUE,TRUE,FALSE,100%,Harp,FALSE,FALSE,1,TRUE,393
,Copper Bulb,copper_bulb,1.21 Experimental 23w43a,1026,FALSE,FALSE,FALSE,Yes,Yes,TRUE,TRUE,TRUE,FALSE,No,No,Yes,FALSE,0/15,6,3,Pickaxe,1,FALSE,TRUE,TRUE,FALSE,No,FALSE,TRUE,TRUE,TRUE,TRUE,FALSE,FALSE,No,No,TRUE,FALSE,FALSE,FALSE,FALSE,FALSE,No,FALSE,FALSE,TRUE,TRUE,FALSE,100%,Harp,FALSE,FALSE,1,TRUE,394
,Exposed Copper Bulb,exposed_copper_bulb,1.21 Experimental 23w43a,1027,FALSE,FALSE,FALSE,Yes,Yes,TRUE,TRUE,TRUE,FALSE,No,No,Yes,FALSE,0/12,6,3,Pickaxe,1,FALSE,TRUE,TRUE,FALSE,No,FALSE,TRUE,TRUE,TRUE,TRUE,FALSE,FALSE,No,No,TRUE,FALSE,FALSE,FALSE,FALSE,FALSE,No,FALSE,FALSE,TRUE,TRUE,FALSE,100%,Harp,FALSE,FALSE,1,TRUE,395
,Weathered Copper Bulb,weathered_copper_bulb,1.21 Experimental 23w43a,1028,FALSE,FALSE,FALSE,Yes,Yes,TRUE,TRUE,TRUE,FALSE,No,No,Yes,FALSE,0/8,6,3,Pickaxe,1,FALSE,TRUE,TRUE,FALSE,No,FALSE,TRUE,TRUE,TRUE,TRUE,FALSE,FALSE,No,No,TRUE,FALSE,FALSE,FALSE,FALSE,FALSE,No,FALSE,FALSE,TRUE,TRUE,FALSE,100%,Harp,FALSE,FALSE,1,TRUE,396
,Oxidized Copper Bulb,oxidized_copper_bulb,1.21 Experimental 23w43a,1029,FALSE,FALSE,FALSE,Yes,Yes,TRUE,TRUE,TRUE,FALSE,No,No,Yes,FALSE,0/4,6,3,Pickaxe,1,FALSE,TRUE,TRUE,FALSE,No,FALSE,TRUE,TRUE,TRUE,TRUE,FALSE,FALSE,No,No,TRUE,FALSE,FALSE,FALSE,FALSE,FALSE,No,FALSE,FALSE,TRUE,TRUE,FALSE,100%,Harp,FALSE,FALSE,1,TRUE,397
,Copper Chest,copper_chest,1.21.9 25w31a,1118,FALSE,FALSE,FALSE,Yes,Yes,TRUE,TRUE,TRUE,TRUE,No,No,No,TRUE,0,6,3,Pickaxe,1,FALSE,TRUE,TRUE,FALSE,Yes,FALSE,TRUE,FALSE,TRUE,FALSE,TRUE,FALSE,No,No,FALSE,FALSE,FALSE,FALSE,FALSE,FALSE,Fully,FALSE,TRUE,TRUE,TRUE,FALSE,100%,Harp,TRUE,TRUE,4,TRUE,398
,Exposed Copper Chest,exposed_copper_chest,1.21.9 25w31a,1119,FALSE,FALSE,FALSE,Yes,Yes,TRUE,TRUE,TRUE,TRUE,No,No,No,TRUE,0,6,3,Pickaxe,1,FALSE,TRUE,TRUE,FALSE,Yes,FALSE,TRUE,FALSE,TRUE,FALSE,TRUE,FALSE,No,No,FALSE,FALSE,FALSE,FALSE,FALSE,FALSE,Fully,FALSE,TRUE,TRUE,TRUE,FALSE,100%,Harp,TRUE,TRUE,4,TRUE,399
,Weathered Copper Chest,weathered_copper_chest,1.21.9 25w31a,1120,FALSE,FALSE,FALSE,Yes,Yes,TRUE,TRUE,TRUE,TRUE,No,No,No,TRUE,0,6,3,Pickaxe,1,FALSE,TRUE,TRUE,FALSE,Yes,FALSE,TRUE,FALSE,TRUE,FALSE,TRUE,FALSE,No,No,FALSE,FALSE,FALSE,FALSE,FALSE,FALSE,Fully,FALSE,TRUE,TRUE,TRUE,FALSE,100%,Harp,TRUE,TRUE,4,TRUE,400
,Oxidized Copper Chest,oxidized_copper_chest,1.21.9 25w31a,1121,FALSE,FALSE,FALSE,Yes,Yes,TRUE,TRUE,TRUE,TRUE,No,No,No,TRUE,0,6,3,Pickaxe,1,FALSE,TRUE,TRUE,FALSE,Yes,FALSE,TRUE,FALSE,TRUE,FALSE,TRUE,FALSE,No,No,FALSE,FALSE,FALSE,FALSE,FALSE,FALSE,Fully,FALSE,TRUE,TRUE,TRUE,FALSE,100%,Harp,TRUE,TRUE,4,TRUE,401
,Copper Door,copper_door,1.21 Experimental 23w43a,1030,FALSE,FALSE,FALSE,Yes,Yes,TRUE,TRUE,TRUE,FALSE,No,Yes,No,FALSE,0,3,3,Pickaxe,0,TRUE,TRUE,TRUE,FALSE,No,FALSE,TRUE,FALSE,TRUE,FALSE,FALSE,FALSE,No,No,FALSE,FALSE,TRUE,TRUE,FALSE,FALSE,Fully,FALSE,TRUE,TRUE,TRUE,FALSE,100%,Harp,FALSE,FALSE,8,TRUE,402
,Exposed Copper Door,exposed_copper_door,1.21 Experimental 23w43a,1031,FALSE,FALSE,FALSE,Yes,Yes,TRUE,TRUE,TRUE,FALSE,No,Yes,No,FALSE,0,3,3,Pickaxe,0,TRUE,TRUE,TRUE,FALSE,No,FALSE,TRUE,FALSE,TRUE,FALSE,FALSE,FALSE,No,No,FALSE,FALSE,TRUE,TRUE,FALSE,FALSE,Fully,FALSE,TRUE,TRUE,TRUE,FALSE,100%,Harp,FALSE,FALSE,8,TRUE,403
,Weathered Copper Door,weathered_copper_door,1.21 Experimental 23w43a,1032,FALSE,FALSE,FALSE,Yes,Yes,TRUE,TRUE,TRUE,FALSE,No,Yes,No,FALSE,0,3,3,Pickaxe,0,TRUE,TRUE,TRUE,FALSE,No,FALSE,TRUE,FALSE,TRUE,FALSE,FALSE,FALSE,No,No,FALSE,FALSE,TRUE,TRUE,FALSE,FALSE,Fully,FALSE,TRUE,TRUE,TRUE,FALSE,100%,Harp,FALSE,FALSE,8,TRUE,404
,Oxidized Copper Door,oxidized_copper_door,1.21 Experimental 23w43a,1033,FALSE,FALSE,FALSE,Yes,Yes,TRUE,TRUE,TRUE,FALSE,No,Yes,No,FALSE,0,3,3,Pickaxe,0,TRUE,TRUE,TRUE,FALSE,No,FALSE,TRUE,FALSE,TRUE,FALSE,FALSE,FALSE,No,No,FALSE,FALSE,TRUE,TRUE,FALSE,FALSE,Fully,FALSE,TRUE,TRUE,TRUE,FALSE,100%,Harp,FALSE,FALSE,8,TRUE,405
,Copper Trapdoor,copper_trapdoor,1.21 Experimental 23w43a,1034,FALSE,FALSE,FALSE,Yes,Yes,TRUE,TRUE,TRUE,FALSE,No,Depends,Depends,FALSE,0,3,3,Pickaxe,1,FALSE,TRUE,TRUE,FALSE,Yes,FALSE,TRUE,FALSE,TRUE,FALSE,FALSE,FALSE,No,No,FALSE,FALSE,FALSE,FALSE,FALSE,FALSE,Fully,FALSE,TRUE,TRUE,TRUE,FALSE,100%,Harp,FALSE,FALSE,8,TRUE,406
,Exposed Copper Trapdoor,exposed_copper_trapdoor,1.21 Experimental 23w43a,1035,FALSE,FALSE,FALSE,Yes,Yes,TRUE,TRUE,TRUE,FALSE,No,Depends,Depends,FALSE,0,3,3,Pickaxe,1,FALSE,TRUE,TRUE,FALSE,Yes,FALSE,TRUE,FALSE,TRUE,FALSE,FALSE,FALSE,No,No,FALSE,FALSE,FALSE,FALSE,FALSE,FALSE,Fully,FALSE,TRUE,TRUE,TRUE,FALSE,100%,Harp,FALSE,FALSE,8,TRUE,407
,Weathered Copper Trapdoor,weathered_copper_trapdoor,1.21 Experimental 23w43a,1036,FALSE,FALSE,FALSE,Yes,Yes,TRUE,TRUE,TRUE,FALSE,No,Depends,Depends,FALSE,0,3,3,Pickaxe,1,FALSE,TRUE,TRUE,FALSE,Yes,FALSE,TRUE,FALSE,TRUE,FALSE,FALSE,FALSE,No,No,FALSE,FALSE,FALSE,FALSE,FALSE,FALSE,Fully,FALSE,TRUE,TRUE,TRUE,FALSE,100%,Harp,FALSE,FALSE,8,TRUE,408
,Oxidized Copper Trapdoor,oxidized_copper_trapdoor,1.21 Experimental 23w43a,1037,FALSE,FALSE,FALSE,Yes,Yes,TRUE,TRUE,TRUE,FALSE,No,Depends,Depends,FALSE,0,3,3,Pickaxe,1,FALSE,TRUE,TRUE,FALSE,Yes,FALSE,TRUE,FALSE,TRUE,FALSE,FALSE,FALSE,No,No,FALSE,FALSE,FALSE,FALSE,FALSE,FALSE,Fully,FALSE,TRUE,TRUE,TRUE,FALSE,100%,Harp,FALSE,FALSE,8,TRUE,409
,Copper Bars,copper_bars,1.21.9 25w32a,1038,FALSE,FALSE,FALSE,Yes,Yes,TRUE,TRUE,TRUE,FALSE,No,No,No,TRUE,0,6,5,Pickaxe,0,FALSE,TRUE,TRUE,FALSE,Yes,FALSE,TRUE,FALSE,TRUE,FALSE,FALSE,FALSE,No,No,FALSE,FALSE,FALSE,FALSE,FALSE,FALSE,Fully,FALSE,TRUE,TRUE,TRUE,FALSE,100%,Harp,FALSE,FALSE,1,TRUE,410
,Exposed Copper Bars,exposed_copper_bars,1.21.9 25w32a,1039,FALSE,FALSE,FALSE,Yes,Yes,TRUE,TRUE,TRUE,FALSE,No,No,No,TRUE,0,6,5,Pickaxe,0,FALSE,TRUE,TRUE,FALSE,Yes,FALSE,TRUE,FALSE,TRUE,FALSE,FALSE,FALSE,No,No,FALSE,FALSE,FALSE,FALSE,FALSE,FALSE,Fully,FALSE,TRUE,TRUE,TRUE,FALSE,100%,Harp,FALSE,FALSE,1,TRUE,411
,Weathered Copper Bars,weathered_copper_bars,1.21.9 25w32a,1040,FALSE,FALSE,FALSE,Yes,Yes,TRUE,TRUE,TRUE,FALSE,No,No,No,TRUE,0,6,5,Pickaxe,0,FALSE,TRUE,TRUE,FALSE,Yes,FALSE,TRUE,FALSE,TRUE,FALSE,FALSE,FALSE,No,No,FALSE,FALSE,FALSE,FALSE,FALSE,FALSE,Fully,FALSE,TRUE,TRUE,TRUE,FALSE,100%,Harp,FALSE,FALSE,1,TRUE,412
,Oxidized Copper Bars,oxidized_copper_bars,1.21.9 25w32a,1041,FALSE,FALSE,FALSE,Yes,Yes,TRUE,TRUE,TRUE,FALSE,No,No,No,TRUE,0,6,5,Pickaxe,0,FALSE,TRUE,TRUE,FALSE,Yes,FALSE,TRUE,FALSE,TRUE,FALSE,FALSE,FALSE,No,No,FALSE,FALSE,FALSE,FALSE,FALSE,FALSE,Fully,FALSE,TRUE,TRUE,TRUE,FALSE,100%,Harp,FALSE,FALSE,1,TRUE,413
,Copper Chain,copper_chain,1.21.9 25w32a,1042,FALSE,FALSE,FALSE,Yes,Yes,TRUE,TRUE,TRUE,FALSE,No,No,No,TRUE,0,6,5,Pickaxe,0,FALSE,TRUE,TRUE,FALSE,Yes,FALSE,TRUE,FALSE,TRUE,FALSE,FALSE,FALSE,No,No,FALSE,FALSE,FALSE,FALSE,FALSE,FALSE,Fully,FALSE,TRUE,TRUE,TRUE,FALSE,100%,Harp,FALSE,FALSE,3,TRUE,414
,Exposed Copper Chain,exposed_copper_chain,1.21.9 25w32a,1043,FALSE,FALSE,FALSE,Yes,Yes,TRUE,TRUE,TRUE,FALSE,No,No,No,TRUE,0,6,5,Pickaxe,0,FALSE,TRUE,TRUE,FALSE,Yes,FALSE,TRUE,FALSE,TRUE,FALSE,FALSE,FALSE,No,No,FALSE,FALSE,FALSE,FALSE,FALSE,FALSE,Fully,FALSE,TRUE,TRUE,TRUE,FALSE,100%,Harp,FALSE,FALSE,3,TRUE,415
,Weathered Copper Chain,weathered_copper_chain,1.21.9 25w32a,1044,FALSE,FALSE,FALSE,Yes,Yes,TRUE,TRUE,TRUE,FALSE,No,No,No,TRUE,0,6,5,Pickaxe,0,FALSE,TRUE,TRUE,FALSE,Yes,FALSE,TRUE,FALSE,TRUE,FALSE,FALSE,FALSE,No,No,FALSE,FALSE,FALSE,FALSE,FALSE,FALSE,Fully,FALSE,TRUE,TRUE,TRUE,FALSE,100%,Harp,FALSE,FALSE,3,TRUE,416
,Oxidized Copper Chain,oxidized_copper_chain,1.21.9 25w32a,1045,FALSE,FALSE,FALSE,Yes,Yes,TRUE,TRUE,TRUE,FALSE,No,No,No,TRUE,0,6,5,Pickaxe,0,FALSE,TRUE,TRUE,FALSE,Yes,FALSE,TRUE,FALSE,TRUE,FALSE,FALSE,FALSE,No,No,FALSE,FALSE,FALSE,FALSE,FALSE,FALSE,Fully,FALSE,TRUE,TRUE,TRUE,FALSE,100%,Harp,FALSE,FALSE,3,TRUE,417
,Copper Lantern,copper_lantern,1.21.9 25w32a,1046,FALSE,FALSE,FALSE,Yes,Yes,TRUE,TRUE,TRUE,FALSE,No,No,No,FALSE,15,3.5,3.5,Pickaxe,0,TRUE,TRUE,TRUE,FALSE,Yes,FALSE,TRUE,FALSE,TRUE,FALSE,FALSE,TRUE,No,No,FALSE,FALSE,TRUE,TRUE,FALSE,FALSE,Fully,FALSE,TRUE,TRUE,TRUE,FALSE,100%,Harp,FALSE,FALSE,2,TRUE,418
,Exposed Copper Lantern,exposed_copper_lantern,1.21.9 25w32a,1047,FALSE,FALSE,FALSE,Yes,Yes,TRUE,TRUE,TRUE,FALSE,No,No,No,FALSE,15,3.5,3.5,Pickaxe,0,TRUE,TRUE,TRUE,FALSE,Yes,FALSE,TRUE,FALSE,TRUE,FALSE,FALSE,TRUE,No,No,FALSE,FALSE,TRUE,TRUE,FALSE,FALSE,Fully,FALSE,TRUE,TRUE,TRUE,FALSE,100%,Harp,FALSE,FALSE,2,TRUE,419
,Weathered Copper Lantern,weathered_copper_lantern,1.21.9 25w32a,1048,FALSE,FALSE,FALSE,Yes,Yes,TRUE,TRUE,TRUE,FALSE,No,No,No,FALSE,15,3.5,3.5,Pickaxe,0,TRUE,TRUE,TRUE,FALSE,Yes,FALSE,TRUE,FALSE,TRUE,FALSE,FALSE,TRUE,No,No,FALSE,FALSE,TRUE,TRUE,FALSE,FALSE,Fully,FALSE,TRUE,TRUE,TRUE,FALSE,100%,Harp,FALSE,FALSE,2,TRUE,420
,Oxidized Copper Lantern,oxidized_copper_lantern,1.21.9 25w32a,1049,FALSE,FALSE,FALSE,Yes,Yes,TRUE,TRUE,TRUE,FALSE,No,No,No,FALSE,15,3.5,3.5,Pickaxe,0,TRUE,TRUE,TRUE,FALSE,Yes,FALSE,TRUE,FALSE,TRUE,FALSE,FALSE,TRUE,No,No,FALSE,FALSE,TRUE,TRUE,FALSE,FALSE,Fully,FALSE,TRUE,TRUE,TRUE,FALSE,100%,Harp,FALSE,FALSE,2,TRUE,421
,Lightning Rod,lightning_rod,1.17 20w45a,821,FALSE,FALSE,FALSE,Yes,Yes,TRUE,TRUE,TRUE,FALSE,No,No,No,FALSE,0,6,3,Pickaxe,1,FALSE,TRUE,TRUE,FALSE,Yes,FALSE,TRUE,FALSE,TRUE,FALSE,FALSE,FALSE,No,No,FALSE,FALSE,FALSE,FALSE,FALSE,FALSE,Fully,FALSE,TRUE,TRUE,TRUE,FALSE,100%,Harp,FALSE,FALSE,6,TRUE,422
,Exposed Lightning Rod,exposed_lightning_rod,1.21.9 25w31a,1122,FALSE,FALSE,FALSE,Yes,Yes,TRUE,TRUE,TRUE,FALSE,No,No,No,FALSE,0,6,3,Pickaxe,1,FALSE,TRUE,TRUE,FALSE,Yes,FALSE,TRUE,FALSE,TRUE,FALSE,FALSE,FALSE,No,No,FALSE,FALSE,FALSE,FALSE,FALSE,FALSE,Fully,FALSE,TRUE,TRUE,TRUE,FALSE,100%,Harp,FALSE,FALSE,6,TRUE,423
,Weathered Lightning Rod,weathered_lightning_rod,1.21.9 25w31a,1123,FALSE,FALSE,FALSE,Yes,Yes,TRUE,TRUE,TRUE,FALSE,No,No,No,FALSE,0,6,3,Pickaxe,1,FALSE,TRUE,TRUE,FALSE,Yes,FALSE,TRUE,FALSE,TRUE,FALSE,FALSE,FALSE,No,No,FALSE,FALSE,FALSE,FALSE,FALSE,FALSE,Fully,FALSE,TRUE,TRUE,TRUE,FALSE,100%,Harp,FALSE,FALSE,6,TRUE,424
,Oxidized Lightning Rod,oxidized_lightning_rod,1.21.9 25w31a,1124,FALSE,FALSE,FALSE,Yes,Yes,TRUE,TRUE,TRUE,FALSE,No,No,No,FALSE,0,6,3,Pickaxe,1,FALSE,TRUE,TRUE,FALSE,Yes,FALSE,TRUE,FALSE,TRUE,FALSE,FALSE,FALSE,No,No,FALSE,FALSE,FALSE,FALSE,FALSE,FALSE,Fully,FALSE,TRUE,TRUE,TRUE,FALSE,100%,Harp,FALSE,FALSE,6,TRUE,425
,Copper Golem Statue,copper_golem_statue,1.21.9 25w31a,1125,FALSE,FALSE,FALSE,Yes,Yes,TRUE,TRUE,TRUE,TRUE,No,No,No,TRUE,0,6,3,Pickaxe,0,TRUE,TRUE,TRUE,FALSE,Yes,FALSE,TRUE,FALSE,TRUE,FALSE,FALSE,TRUE,No,No,FALSE,FALSE,FALSE,FALSE,FALSE,FALSE,Fully,FALSE,TRUE,TRUE,FALSE,FALSE,100%,Harp,FALSE,FALSE,4,TRUE,426
,Exposed Copper Golem Statue,exposed_copper_golem_statue,1.21.9 25w31a,1126,FALSE,FALSE,FALSE,Yes,Yes,TRUE,TRUE,TRUE,TRUE,No,No,No,TRUE,0,6,3,Pickaxe,0,TRUE,TRUE,TRUE,FALSE,Yes,FALSE,TRUE,FALSE,TRUE,FALSE,FALSE,TRUE,No,No,FALSE,FALSE,FALSE,FALSE,FALSE,FALSE,Fully,FALSE,TRUE,TRUE,FALSE,FALSE,100%,Harp,FALSE,FALSE,4,TRUE,427
,Weathered Copper Golem Statue,weathered_copper_golem_statue,1.21.9 25w31a,1127,FALSE,FALSE,FALSE,Yes,Yes,TRUE,TRUE,TRUE,TRUE,No,No,No,TRUE,0,6,3,Pickaxe,0,TRUE,TRUE,TRUE,FALSE,Yes,FALSE,TRUE,FALSE,TRUE,FALSE,FALSE,TRUE,No,No,FALSE,FALSE,FALSE,FALSE,FALSE,FALSE,Fully,FALSE,TRUE,TRUE,FALSE,FALSE,100%,Harp,FALSE,FALSE,4,TRUE,428
,Oxidized Copper Golem Statue,oxidized_copper_golem_statue,1.21.9 25w31a,1128,FALSE,FALSE,FALSE,Yes,Yes,TRUE,TRUE,TRUE,TRUE,No,No,No,TRUE,0,6,3,Pickaxe,0,TRUE,TRUE,TRUE,FALSE,Yes,FALSE,TRUE,FALSE,TRUE,FALSE,FALSE,TRUE,No,No,FALSE,FALSE,FALSE,FALSE,FALSE,FALSE,Fully,FALSE,TRUE,TRUE,FALSE,FALSE,100%,Harp,FALSE,FALSE,4,TRUE,429
,Waxed Block of Copper,waxed_copper_block,1.17 20w45a,785,FALSE,FALSE,FALSE,Yes,Yes,TRUE,TRUE,TRUE,FALSE,Yes,No,Yes,FALSE,0,6,3,Pickaxe,1,FALSE,TRUE,TRUE,FALSE,No,FALSE,TRUE,TRUE,TRUE,TRUE,FALSE,FALSE,Yes,Yes,TRUE,FALSE,FALSE,FALSE,FALSE,FALSE,No,FALSE,FALSE,FALSE,TRUE,FALSE,100%,Trumpet,FALSE,FALSE,1,FALSE,430
,Waxed Exposed Copper,waxed_exposed_copper,1.17 20w45a,786,FALSE,FALSE,FALSE,Yes,Yes,TRUE,TRUE,TRUE,FALSE,Yes,No,Yes,FALSE,0,6,3,Pickaxe,1,FALSE,TRUE,TRUE,FALSE,No,FALSE,TRUE,TRUE,TRUE,TRUE,FALSE,FALSE,Yes,Yes,TRUE,FALSE,FALSE,FALSE,FALSE,FALSE,No,FALSE,FALSE,FALSE,TRUE,FALSE,100%,Trumpet Exposed,FALSE,FALSE,1,FALSE,431
,Waxed Weathered Copper,waxed_weathered_copper,1.17 20w45a,787,FALSE,FALSE,FALSE,Yes,Yes,TRUE,TRUE,TRUE,FALSE,Yes,No,Yes,FALSE,0,6,3,Pickaxe,1,FALSE,TRUE,TRUE,FALSE,No,FALSE,TRUE,TRUE,TRUE,TRUE,FALSE,FALSE,Yes,Yes,TRUE,FALSE,FALSE,FALSE,FALSE,FALSE,No,FALSE,FALSE,FALSE,TRUE,FALSE,100%,Trumpet Weathered,FALSE,FALSE,1,FALSE,432
,Waxed Oxidized Copper,waxed_oxidized_copper,1.17 21w14a,890,FALSE,FALSE,FALSE,Yes,Yes,TRUE,TRUE,TRUE,FALSE,Yes,No,Yes,FALSE,0,6,3,Pickaxe,1,FALSE,TRUE,TRUE,FALSE,No,FALSE,TRUE,TRUE,TRUE,TRUE,FALSE,FALSE,Yes,Yes,TRUE,FALSE,FALSE,FALSE,FALSE,FALSE,No,FALSE,FALSE,FALSE,TRUE,FALSE,100%,Trumpet Oxidized,FALSE,FALSE,1,FALSE,433
,Waxed Cut Copper,waxed_cut_copper,1.17 20w45a,788,FALSE,FALSE,FALSE,Yes,Yes,TRUE,TRUE,TRUE,FALSE,Yes,No,Yes,FALSE,0,6,3,Pickaxe,1,FALSE,TRUE,TRUE,FALSE,No,FALSE,TRUE,TRUE,TRUE,TRUE,FALSE,FALSE,Yes,Yes,TRUE,FALSE,FALSE,FALSE,FALSE,FALSE,No,FALSE,FALSE,FALSE,TRUE,FALSE,100%,Trumpet,FALSE,FALSE,1,FALSE,434
,Waxed Exposed Cut Copper,waxed_exposed_cut_copper,1.17 20w45a,789,FALSE,FALSE,FALSE,Yes,Yes,TRUE,TRUE,TRUE,FALSE,Yes,No,Yes,FALSE,0,6,3,Pickaxe,1,FALSE,TRUE,TRUE,FALSE,No,FALSE,TRUE,TRUE,TRUE,TRUE,FALSE,FALSE,Yes,Yes,TRUE,FALSE,FALSE,FALSE,FALSE,FALSE,No,FALSE,FALSE,FALSE,TRUE,FALSE,100%,Trumpet Exposed,FALSE,FALSE,1,FALSE,435
,Waxed Weathered Cut Copper,waxed_weathered_cut_copper,1.17 20w45a,790,FALSE,FALSE,FALSE,Yes,Yes,TRUE,TRUE,TRUE,FALSE,Yes,No,Yes,FALSE,0,6,3,Pickaxe,1,FALSE,TRUE,TRUE,FALSE,No,FALSE,TRUE,TRUE,TRUE,TRUE,FALSE,FALSE,Yes,Yes,TRUE,FALSE,FALSE,FALSE,FALSE,FALSE,No,FALSE,FALSE,FALSE,TRUE,FALSE,100%,Trumpet Weathered,FALSE,FALSE,1,FALSE,436
,Waxed Oxidized Cut Copper,waxed_oxidized_cut_copper,1.17 21w14a,891,FALSE,FALSE,FALSE,Yes,Yes,TRUE,TRUE,TRUE,FALSE,Yes,No,Yes,FALSE,0,6,3,Pickaxe,1,FALSE,TRUE,TRUE,FALSE,No,FALSE,TRUE,TRUE,TRUE,TRUE,FALSE,FALSE,Yes,Yes,TRUE,FALSE,FALSE,FALSE,FALSE,FALSE,No,FALSE,FALSE,FALSE,TRUE,FALSE,100%,Trumpet Oxidized,FALSE,FALSE,1,FALSE,437
,Waxed Cut Copper Slab,waxed_cut_copper_slab,1.17 20w45a,791,FALSE,FALSE,FALSE,Yes,Yes,TRUE,TRUE,TRUE,FALSE,Depends,Depends,Depends,TRUE,0,6,3,Pickaxe,1,FALSE,TRUE,TRUE,FALSE,Yes,FALSE,TRUE,TRUE,TRUE,TRUE,FALSE,FALSE,Depends,Depends,TRUE,FALSE,FALSE,FALSE,FALSE,FALSE,Directional,FALSE,TRUE,TRUE,TRUE,FALSE,100%,Trumpet,FALSE,FALSE,2,TRUE,438
,Waxed Exposed Cut Copper Slab,waxed_exposed_cut_copper_slab,1.17 20w45a,792,FALSE,FALSE,FALSE,Yes,Yes,TRUE,TRUE,TRUE,FALSE,Depends,Depends,Depends,TRUE,0,6,3,Pickaxe,1,FALSE,TRUE,TRUE,FALSE,Yes,FALSE,TRUE,TRUE,TRUE,TRUE,FALSE,FALSE,Depends,Depends,TRUE,FALSE,FALSE,FALSE,FALSE,FALSE,Directional,FALSE,TRUE,TRUE,TRUE,FALSE,100%,Trumpet Exposed,FALSE,FALSE,2,TRUE,439
,Waxed Weathered Cut Copper Slab,waxed_weathered_cut_copper_slab,1.17 20w45a,793,FALSE,FALSE,FALSE,Yes,Yes,TRUE,TRUE,TRUE,FALSE,Depends,Depends,Depends,TRUE,0,6,3,Pickaxe,1,FALSE,TRUE,TRUE,FALSE,Yes,FALSE,TRUE,TRUE,TRUE,TRUE,FALSE,FALSE,Depends,Depends,TRUE,FALSE,FALSE,FALSE,FALSE,FALSE,Directional,FALSE,TRUE,TRUE,TRUE,FALSE,100%,Trumpet Weathered,FALSE,FALSE,2,TRUE,440
,Waxed Oxidized Cut Copper Slab,waxed_oxidized_cut_copper_slab,1.17 21w14a,892,FALSE,FALSE,FALSE,Yes,Yes,TRUE,TRUE,TRUE,FALSE,Depends,Depends,Depends,TRUE,0,6,3,Pickaxe,1,FALSE,TRUE,TRUE,FALSE,Yes,FALSE,TRUE,TRUE,TRUE,TRUE,FALSE,FALSE,Depends,Depends,TRUE,FALSE,FALSE,FALSE,FALSE,FALSE,Directional,FALSE,TRUE,TRUE,TRUE,FALSE,100%,Trumpet Oxidized,FALSE,FALSE,2,TRUE,441
,Waxed Cut Copper Stairs,waxed_cut_copper_stairs,1.17 20w45a,794,FALSE,FALSE,FALSE,Yes,Yes,TRUE,TRUE,TRUE,FALSE,Depends,Depends,Depends,TRUE,0,6,3,Pickaxe,1,FALSE,TRUE,TRUE,FALSE,Yes,FALSE,TRUE,FALSE,TRUE,FALSE,FALSE,FALSE,No,No,FALSE,FALSE,FALSE,FALSE,FALSE,FALSE,Directional,FALSE,TRUE,TRUE,TRUE,FALSE,100%,Trumpet,FALSE,FALSE,8,TRUE,442
,Waxed Exposed Cut Copper Stairs,waxed_exposed_cut_copper_stairs,1.17 20w45a,795,FALSE,FALSE,FALSE,Yes,Yes,TRUE,TRUE,TRUE,FALSE,Depends,Depends,Depends,TRUE,0,6,3,Pickaxe,1,FALSE,TRUE,TRUE,FALSE,Yes,FALSE,TRUE,FALSE,TRUE,FALSE,FALSE,FALSE,No,No,FALSE,FALSE,FALSE,FALSE,FALSE,FALSE,Directional,FALSE,TRUE,TRUE,TRUE,FALSE,100%,Trumpet Exposed,FALSE,FALSE,8,TRUE,443
,Waxed Weathered Cut Copper Stairs,waxed_weathered_cut_copper_stairs,1.17 20w45a,796,FALSE,FALSE,FALSE,Yes,Yes,TRUE,TRUE,TRUE,FALSE,Depends,Depends,Depends,TRUE,0,6,3,Pickaxe,1,FALSE,TRUE,TRUE,FALSE,Yes,FALSE,TRUE,FALSE,TRUE,FALSE,FALSE,FALSE,No,No,FALSE,FALSE,FALSE,FALSE,FALSE,FALSE,Directional,FALSE,TRUE,TRUE,TRUE,FALSE,100%,Trumpet Weathered,FALSE,FALSE,8,TRUE,444
,Waxed Oxidized Cut Copper Stairs,waxed_oxidized_cut_copper_stairs,1.17 21w14a,893,FALSE,FALSE,FALSE,Yes,Yes,TRUE,TRUE,TRUE,FALSE,Depends,Depends,Depends,TRUE,0,6,3,Pickaxe,1,FALSE,TRUE,TRUE,FALSE,Yes,FALSE,TRUE,FALSE,TRUE,FALSE,FALSE,FALSE,No,No,FALSE,FALSE,FALSE,FALSE,FALSE,FALSE,Directional,FALSE,TRUE,TRUE,TRUE,FALSE,100%,Trumpet Oxidized,FALSE,FALSE,8,TRUE,445
,Waxed Chiseled Copper,waxed_chiseled_copper,1.21 Experimental 23w43a,1038,FALSE,FALSE,FALSE,Yes,Yes,TRUE,TRUE,TRUE,FALSE,Yes,No,Yes,FALSE,0,6,3,Pickaxe,1,FALSE,TRUE,TRUE,FALSE,No,FALSE,TRUE,TRUE,TRUE,TRUE,FALSE,FALSE,Yes,Yes,TRUE,FALSE,FALSE,FALSE,FALSE,FALSE,No,FALSE,FALSE,FALSE,TRUE,FALSE,100%,Trumpet,FALSE,FALSE,1,FALSE,446
,Waxed Exposed Chiseled Copper,waxed_exposed_chiseled_copper,1.21 Experimental 23w43a,1039,FALSE,FALSE,FALSE,Yes,Yes,TRUE,TRUE,TRUE,FALSE,Yes,No,Yes,FALSE,0,6,3,Pickaxe,1,FALSE,TRUE,TRUE,FALSE,No,FALSE,TRUE,TRUE,TRUE,TRUE,FALSE,FALSE,Yes,Yes,TRUE,FALSE,FALSE,FALSE,FALSE,FALSE,No,FALSE,FALSE,FALSE,TRUE,FALSE,100%,Trumpet Exposed,FALSE,FALSE,1,FALSE,447
,Waxed Weathered Chiseled Copper,waxed_weathered_chiseled_copper,1.21 Experimental 23w43a,1040,FALSE,FALSE,FALSE,Yes,Yes,TRUE,TRUE,TRUE,FALSE,Yes,No,Yes,FALSE,0,6,3,Pickaxe,1,FALSE,TRUE,TRUE,FALSE,No,FALSE,TRUE,TRUE,TRUE,TRUE,FALSE,FALSE,Yes,Yes,TRUE,FALSE,FALSE,FALSE,FALSE,FALSE,No,FALSE,FALSE,FALSE,TRUE,FALSE,100%,Trumpet Weathered,FALSE,FALSE,1,FALSE,448
,Waxed Oxidized Chiseled Copper,waxed_oxidized_chiseled_copper,1.21 Experimental 23w43a,1041,FALSE,FALSE,FALSE,Yes,Yes,TRUE,TRUE,TRUE,FALSE,Yes,No,Yes,FALSE,0,6,3,Pickaxe,1,FALSE,TRUE,TRUE,FALSE,No,FALSE,TRUE,TRUE,TRUE,TRUE,FALSE,FALSE,Yes,Yes,TRUE,FALSE,FALSE,FALSE,FALSE,FALSE,No,FALSE,FALSE,FALSE,TRUE,FALSE,100%,Trumpet Oxidized,FALSE,FALSE,1,FALSE,449
,Waxed Copper Grate,waxed_copper_grate,1.21 Experimental 23w43a,1042,FALSE,FALSE,FALSE,Yes,Yes,TRUE,TRUE,TRUE,FALSE,No,No,Yes,FALSE,0,6,3,Pickaxe,1,FALSE,TRUE,TRUE,FALSE,Yes,FALSE,TRUE,TRUE,TRUE,TRUE,FALSE,FALSE,No,No,FALSE,FALSE,FALSE,FALSE,FALSE,FALSE,Fully,FALSE,TRUE,TRUE,TRUE,FALSE,100%,Harp,FALSE,FALSE,1,TRUE,450
,Waxed Exposed Copper Grate,waxed_exposed_copper_grate,1.21 Experimental 23w43a,1043,FALSE,FALSE,FALSE,Yes,Yes,TRUE,TRUE,TRUE,FALSE,No,No,Yes,FALSE,0,6,3,Pickaxe,1,FALSE,TRUE,TRUE,FALSE,Yes,FALSE,TRUE,TRUE,TRUE,TRUE,FALSE,FALSE,No,No,FALSE,FALSE,FALSE,FALSE,FALSE,FALSE,Fully,FALSE,TRUE,TRUE,TRUE,FALSE,100%,Harp,FALSE,FALSE,1,TRUE,451
,Waxed Weathered Copper Grate,waxed_weathered_copper_grate,1.21 Experimental 23w43a,1044,FALSE,FALSE,FALSE,Yes,Yes,TRUE,TRUE,TRUE,FALSE,No,No,Yes,FALSE,0,6,3,Pickaxe,1,FALSE,TRUE,TRUE,FALSE,Yes,FALSE,TRUE,TRUE,TRUE,TRUE,FALSE,FALSE,No,No,FALSE,FALSE,FALSE,FALSE,FALSE,FALSE,Fully,FALSE,TRUE,TRUE,TRUE,FALSE,100%,Harp,FALSE,FALSE,1,TRUE,452
,Waxed Oxidized Copper Grate,waxed_oxidized_copper_grate,1.21 Experimental 23w43a,1045,FALSE,FALSE,FALSE,Yes,Yes,TRUE,TRUE,TRUE,FALSE,No,No,Yes,FALSE,0,6,3,Pickaxe,1,FALSE,TRUE,TRUE,FALSE,Yes,FALSE,TRUE,TRUE,TRUE,TRUE,FALSE,FALSE,No,No,FALSE,FALSE,FALSE,FALSE,FALSE,FALSE,Fully,FALSE,TRUE,TRUE,TRUE,FALSE,100%,Harp,FALSE,FALSE,1,TRUE,453
,Waxed Copper Bulb,waxed_copper_bulb,1.21 Experimental 23w43a,1046,FALSE,FALSE,FALSE,Yes,Yes,TRUE,TRUE,TRUE,FALSE,No,No,Yes,FALSE,0/15,6,3,Pickaxe,1,FALSE,TRUE,TRUE,FALSE,No,FALSE,TRUE,TRUE,TRUE,TRUE,FALSE,FALSE,No,No,TRUE,FALSE,FALSE,FALSE,FALSE,FALSE,No,FALSE,FALSE,TRUE,TRUE,FALSE,100%,Harp,FALSE,FALSE,1,TRUE,454
,Waxed Exposed Copper Bulb,waxed_exposed_copper_bulb,1.21 Experimental 23w43a,1047,FALSE,FALSE,FALSE,Yes,Yes,TRUE,TRUE,TRUE,FALSE,No,No,Yes,FALSE,0/12,6,3,Pickaxe,1,FALSE,TRUE,TRUE,FALSE,No,FALSE,TRUE,TRUE,TRUE,TRUE,FALSE,FALSE,No,No,TRUE,FALSE,FALSE,FALSE,FALSE,FALSE,No,FALSE,FALSE,TRUE,TRUE,FALSE,100%,Harp,FALSE,FALSE,1,TRUE,455
,Waxed Weathered Copper Bulb,waxed_weathered_copper_bulb,1.21 Experimental 23w43a,1048,FALSE,FALSE,FALSE,Yes,Yes,TRUE,TRUE,TRUE,FALSE,No,No,Yes,FALSE,0/8,6,3,Pickaxe,1,FALSE,TRUE,TRUE,FALSE,No,FALSE,TRUE,TRUE,TRUE,TRUE,FALSE,FALSE,No,No,TRUE,FALSE,FALSE,FALSE,FALSE,FALSE,No,FALSE,FALSE,TRUE,TRUE,FALSE,100%,Harp,FALSE,FALSE,1,TRUE,456
,Waxed Oxidized Copper Bulb,waxed_oxidized_copper_bulb,1.21 Experimental 23w43a,1049,FALSE,FALSE,FALSE,Yes,Yes,TRUE,TRUE,TRUE,FALSE,No,No,Yes,FALSE,0/4,6,3,Pickaxe,1,FALSE,TRUE,TRUE,FALSE,No,FALSE,TRUE,TRUE,TRUE,TRUE,FALSE,FALSE,No,No,TRUE,FALSE,FALSE,FALSE,FALSE,FALSE,No,FALSE,FALSE,TRUE,TRUE,FALSE,100%,Harp,FALSE,FALSE,1,TRUE,457
,Waxed Copper Chest,waxed_copper_chest,1.21.9 25w31a,1129,FALSE,FALSE,FALSE,Yes,Yes,TRUE,TRUE,TRUE,TRUE,No,No,No,TRUE,0,6,3,Pickaxe,1,FALSE,TRUE,TRUE,FALSE,Yes,FALSE,TRUE,FALSE,TRUE,FALSE,TRUE,FALSE,No,No,FALSE,FALSE,FALSE,FALSE,FALSE,FALSE,Fully,FALSE,TRUE,TRUE,TRUE,FALSE,100%,Harp,TRUE,TRUE,4,TRUE,458
,Waxed Exposed Copper Chest,waxed_exposed_copper_chest,1.21.9 25w31a,1130,FALSE,FALSE,FALSE,Yes,Yes,TRUE,TRUE,TRUE,TRUE,No,No,No,TRUE,0,6,3,Pickaxe,1,FALSE,TRUE,TRUE,FALSE,Yes,FALSE,TRUE,FALSE,TRUE,FALSE,TRUE,FALSE,No,No,FALSE,FALSE,FALSE,FALSE,FALSE,FALSE,Fully,FALSE,TRUE,TRUE,TRUE,FALSE,100%,Harp,TRUE,TRUE,4,TRUE,459
,Waxed Weathered Copper Chest,waxed_weathered_copper_chest,1.21.9 25w31a,1131,FALSE,FALSE,FALSE,Yes,Yes,TRUE,TRUE,TRUE,TRUE,No,No,No,TRUE,0,6,3,Pickaxe,1,FALSE,TRUE,TRUE,FALSE,Yes,FALSE,TRUE,FALSE,TRUE,FALSE,TRUE,FALSE,No,No,FALSE,FALSE,FALSE,FALSE,FALSE,FALSE,Fully,FALSE,TRUE,TRUE,TRUE,FALSE,100%,Harp,TRUE,TRUE,4,TRUE,460
,Waxed Oxidized Copper Chest,waxed_oxidized_copper_chest,1.21.9 25w31a,1132,FALSE,FALSE,FALSE,Yes,Yes,TRUE,TRUE,TRUE,TRUE,No,No,No,TRUE,0,6,3,Pickaxe,1,FALSE,TRUE,TRUE,FALSE,Yes,FALSE,TRUE,FALSE,TRUE,FALSE,TRUE,FALSE,No,No,FALSE,FALSE,FALSE,FALSE,FALSE,FALSE,Fully,FALSE,TRUE,TRUE,TRUE,FALSE,100%,Harp,TRUE,TRUE,4,TRUE,461
,Waxed Copper Door,waxed_copper_door,1.21 Experimental 23w43a,1050,FALSE,FALSE,FALSE,Yes,Yes,TRUE,TRUE,TRUE,FALSE,No,Yes,No,FALSE,0,3,3,Pickaxe,0,TRUE,TRUE,TRUE,FALSE,No,FALSE,TRUE,FALSE,TRUE,FALSE,FALSE,FALSE,No,No,FALSE,FALSE,TRUE,TRUE,FALSE,FALSE,Fully,FALSE,TRUE,TRUE,TRUE,FALSE,100%,Harp,FALSE,FALSE,8,TRUE,462
,Waxed Exposed Copper Door,waxed_exposed_copper_door,1.21 Experimental 23w43a,1051,FALSE,FALSE,FALSE,Yes,Yes,TRUE,TRUE,TRUE,FALSE,No,Yes,No,FALSE,0,3,3,Pickaxe,0,TRUE,TRUE,TRUE,FALSE,No,FALSE,TRUE,FALSE,TRUE,FALSE,FALSE,FALSE,No,No,FALSE,FALSE,TRUE,TRUE,FALSE,FALSE,Fully,FALSE,TRUE,TRUE,TRUE,FALSE,100%,Harp,FALSE,FALSE,8,TRUE,463
,Waxed Weathered Copper Door,waxed_weathered_copper_door,1.21 Experimental 23w43a,1052,FALSE,FALSE,FALSE,Yes,Yes,TRUE,TRUE,TRUE,FALSE,No,Yes,No,FALSE,0,3,3,Pickaxe,0,TRUE,TRUE,TRUE,FALSE,No,FALSE,TRUE,FALSE,TRUE,FALSE,FALSE,FALSE,No,No,FALSE,FALSE,TRUE,TRUE,FALSE,FALSE,Fully,FALSE,TRUE,TRUE,TRUE,FALSE,100%,Harp,FALSE,FALSE,8,TRUE,464
,Waxed Oxidized Copper Door,waxed_oxidized_copper_door,1.21 Experimental 23w43a,1053,FALSE,FALSE,FALSE,Yes,Yes,TRUE,TRUE,TRUE,FALSE,No,Yes,No,FALSE,0,3,3,Pickaxe,0,TRUE,TRUE,TRUE,FALSE,No,FALSE,TRUE,FALSE,TRUE,FALSE,FALSE,FALSE,No,No,FALSE,FALSE,TRUE,TRUE,FALSE,FALSE,Fully,FALSE,TRUE,TRUE,TRUE,FALSE,100%,Harp,FALSE,FALSE,8,TRUE,465
,Waxed Copper Trapdoor,waxed_copper_trapdoor,1.21 Experimental 23w43a,1054,FALSE,FALSE,FALSE,Yes,Yes,TRUE,TRUE,TRUE,FALSE,No,Depends,Depends,FALSE,0,3,3,Pickaxe,1,FALSE,TRUE,TRUE,FALSE,Yes,FALSE,TRUE,FALSE,TRUE,FALSE,FALSE,FALSE,No,No,FALSE,FALSE,FALSE,FALSE,FALSE,FALSE,Fully,FALSE,TRUE,TRUE,TRUE,FALSE,100%,Harp,FALSE,FALSE,8,TRUE,466
,Waxed Exposed Copper Trapdoor,waxed_exposed_copper_trapdoor,1.21 Experimental 23w43a,1055,FALSE,FALSE,FALSE,Yes,Yes,TRUE,TRUE,TRUE,FALSE,No,Depends,Depends,FALSE,0,3,3,Pickaxe,1,FALSE,TRUE,TRUE,FALSE,Yes,FALSE,TRUE,FALSE,TRUE,FALSE,FALSE,FALSE,No,No,FALSE,FALSE,FALSE,FALSE,FALSE,FALSE,Fully,FALSE,TRUE,TRUE,TRUE,FALSE,100%,Harp,FALSE,FALSE,8,TRUE,467
,Waxed Weathered Copper Trapdoor,waxed_weathered_copper_trapdoor,1.21 Experimental 23w43a,1056,FALSE,FALSE,FALSE,Yes,Yes,TRUE,TRUE,TRUE,FALSE,No,Depends,Depends,FALSE,0,3,3,Pickaxe,1,FALSE,TRUE,TRUE,FALSE,Yes,FALSE,TRUE,FALSE,TRUE,FALSE,FALSE,FALSE,No,No,FALSE,FALSE,FALSE,FALSE,FALSE,FALSE,Fully,FALSE,TRUE,TRUE,TRUE,FALSE,100%,Harp,FALSE,FALSE,8,TRUE,468
,Waxed Oxidized Copper Trapdoor,waxed_oxidized_copper_trapdoor,1.21 Experimental 23w43a,1057,FALSE,FALSE,FALSE,Yes,Yes,TRUE,TRUE,TRUE,FALSE,No,Depends,Depends,FALSE,0,3,3,Pickaxe,1,FALSE,TRUE,TRUE,FALSE,Yes,FALSE,TRUE,FALSE,TRUE,FALSE,FALSE,FALSE,No,No,FALSE,FALSE,FALSE,FALSE,FALSE,FALSE,Fully,FALSE,TRUE,TRUE,TRUE,FALSE,100%,Harp,FALSE,FALSE,8,TRUE,469
,Waxed Copper Bars,waxed_copper_bars,1.21.9 25w32a,1058,FALSE,FALSE,FALSE,Yes,Yes,TRUE,TRUE,TRUE,FALSE,No,No,No,TRUE,0,6,5,Pickaxe,0,FALSE,TRUE,TRUE,FALSE,Yes,FALSE,TRUE,FALSE,TRUE,FALSE,FALSE,FALSE,No,No,FALSE,FALSE,FALSE,FALSE,FALSE,FALSE,Fully,FALSE,TRUE,TRUE,TRUE,FALSE,100%,Harp,FALSE,FALSE,1,TRUE,470
,Waxed Exposed Copper Bars,waxed_exposed_copper_bars,1.21.9 25w32a,1059,FALSE,FALSE,FALSE,Yes,Yes,TRUE,TRUE,TRUE,FALSE,No,No,No,TRUE,0,6,5,Pickaxe,0,FALSE,TRUE,TRUE,FALSE,Yes,FALSE,TRUE,FALSE,TRUE,FALSE,FALSE,FALSE,No,No,FALSE,FALSE,FALSE,FALSE,FALSE,FALSE,Fully,FALSE,TRUE,TRUE,TRUE,FALSE,100%,Harp,FALSE,FALSE,1,TRUE,471
,Waxed Weathered Copper Bars,waxed_weathered_copper_bars,1.21.9 25w32a,1060,FALSE,FALSE,FALSE,Yes,Yes,TRUE,TRUE,TRUE,FALSE,No,No,No,TRUE,0,6,5,Pickaxe,0,FALSE,TRUE,TRUE,FALSE,Yes,FALSE,TRUE,FALSE,TRUE,FALSE,FALSE,FALSE,No,No,FALSE,FALSE,FALSE,FALSE,FALSE,FALSE,Fully,FALSE,TRUE,TRUE,TRUE,FALSE,100%,Harp,FALSE,FALSE,1,TRUE,472
,Waxed Oxidized Copper Bars,waxed_oxidized_copper_bars,1.21.9 25w32a,1061,FALSE,FALSE,FALSE,Yes,Yes,TRUE,TRUE,TRUE,FALSE,No,No,No,TRUE,0,6,5,Pickaxe,0,FALSE,TRUE,TRUE,FALSE,Yes,FALSE,TRUE,FALSE,TRUE,FALSE,FALSE,FALSE,No,No,FALSE,FALSE,FALSE,FALSE,FALSE,FALSE,Fully,FALSE,TRUE,TRUE,TRUE,FALSE,100%,Harp,FALSE,FALSE,1,TRUE,473
,Waxed Copper Chain,waxed_copper_chain,1.21.9 25w32a,1062,FALSE,FALSE,FALSE,Yes,Yes,TRUE,TRUE,TRUE,FALSE,No,No,No,TRUE,0,6,5,Pickaxe,0,FALSE,TRUE,TRUE,FALSE,Yes,FALSE,TRUE,FALSE,TRUE,FALSE,FALSE,FALSE,No,No,FALSE,FALSE,FALSE,FALSE,FALSE,FALSE,Fully,FALSE,TRUE,TRUE,TRUE,FALSE,100%,Harp,FALSE,FALSE,3,TRUE,474
,Waxed Exposed Copper Chain,waxed_exposed_copper_chain,1.21.9 25w32a,1063,FALSE,FALSE,FALSE,Yes,Yes,TRUE,TRUE,TRUE,FALSE,No,No,No,TRUE,0,6,5,Pickaxe,0,FALSE,TRUE,TRUE,FALSE,Yes,FALSE,TRUE,FALSE,TRUE,FALSE,FALSE,FALSE,No,No,FALSE,FALSE,FALSE,FALSE,FALSE,FALSE,Fully,FALSE,TRUE,TRUE,TRUE,FALSE,100%,Harp,FALSE,FALSE,3,TRUE,475
,Waxed Weathered Copper Chain,waxed_weathered_copper_chain,1.21.9 25w32a,1064,FALSE,FALSE,FALSE,Yes,Yes,TRUE,TRUE,TRUE,FALSE,No,No,No,TRUE,0,6,5,Pickaxe,0,FALSE,TRUE,TRUE,FALSE,Yes,FALSE,TRUE,FALSE,TRUE,FALSE,FALSE,FALSE,No,No,FALSE,FALSE,FALSE,FALSE,FALSE,FALSE,Fully,FALSE,TRUE,TRUE,TRUE,FALSE,100%,Harp,FALSE,FALSE,3,TRUE,476
,Waxed Oxidized Copper Chain,waxed_oxidized_copper_chain,1.21.9 25w32a,1065,FALSE,FALSE,FALSE,Yes,Yes,TRUE,TRUE,TRUE,FALSE,No,No,No,TRUE,0,6,5,Pickaxe,0,FALSE,TRUE,TRUE,FALSE,Yes,FALSE,TRUE,FALSE,TRUE,FALSE,FALSE,FALSE,No,No,FALSE,FALSE,FALSE,FALSE,FALSE,FALSE,Fully,FALSE,TRUE,TRUE,TRUE,FALSE,100%,Harp,FALSE,FALSE,3,TRUE,477
,Waxed Copper Lantern,waxed_copper_lantern,1.21.9 25w32a,1066,FALSE,FALSE,FALSE,Yes,Yes,TRUE,TRUE,TRUE,FALSE,No,No,No,FALSE,15,3.5,3.5,Pickaxe,0,TRUE,TRUE,TRUE,FALSE,Yes,FALSE,TRUE,FALSE,TRUE,FALSE,FALSE,TRUE,No,No,FALSE,FALSE,TRUE,TRUE,FALSE,FALSE,Fully,FALSE,TRUE,TRUE,TRUE,FALSE,100%,Harp,FALSE,FALSE,2,TRUE,478
,Waxed Exposed Copper Lantern,waxed_exposed_copper_lantern,1.21.9 25w32a,1067,FALSE,FALSE,FALSE,Yes,Yes,TRUE,TRUE,TRUE,FALSE,No,No,No,FALSE,15,3.5,3.5,Pickaxe,0,TRUE,TRUE,TRUE,FALSE,Yes,FALSE,TRUE,FALSE,TRUE,FALSE,FALSE,TRUE,No,No,FALSE,FALSE,TRUE,TRUE,FALSE,FALSE,Fully,FALSE,TRUE,TRUE,TRUE,FALSE,100%,Harp,FALSE,FALSE,2,TRUE,479
,Waxed Weathered Copper Lantern,waxed_weathered_copper_lantern,1.21.9 25w32a,1068,FALSE,FALSE,FALSE,Yes,Yes,TRUE,TRUE,TRUE,FALSE,No,No,No,FALSE,15,3.5,3.5,Pickaxe,0,TRUE,TRUE,TRUE,FALSE,Yes,FALSE,TRUE,FALSE,TRUE,FALSE,FALSE,TRUE,No,No,FALSE,FALSE,TRUE,TRUE,FALSE,FALSE,Fully,FALSE,TRUE,TRUE,TRUE,FALSE,100%,Harp,FALSE,FALSE,2,TRUE,480
,Waxed Oxidized Copper Lantern,waxed_oxidized_copper_lantern,1.21.9 25w32a,1069,FALSE,FALSE,FALSE,Yes,Yes,TRUE,TRUE,TRUE,FALSE,No,No,No,FALSE,15,3.5,3.5,Pickaxe,0,TRUE,TRUE,TRUE,FALSE,Yes,FALSE,TRUE,FALSE,TRUE,FALSE,FALSE,TRUE,No,No,FALSE,FALSE,TRUE,TRUE,FALSE,FALSE,Fully,FALSE,TRUE,TRUE,TRUE,FALSE,100%,Harp,FALSE,FALSE,2,TRUE,481
,Waxed Copper Lightning Rod,waxed_copper_lightning_rod,1.21.9 25w31a,1133,FALSE,FALSE,FALSE,Yes,Yes,TRUE,TRUE,TRUE,FALSE,No,No,No,FALSE,0,6,3,Pickaxe,1,FALSE,TRUE,TRUE,FALSE,Yes,FALSE,TRUE,FALSE,TRUE,FALSE,FALSE,FALSE,No,No,FALSE,FALSE,FALSE,FALSE,FALSE,FALSE,Fully,FALSE,TRUE,TRUE,TRUE,FALSE,100%,Harp,FALSE,FALSE,6,TRUE,482
,Waxed Exposed Lightning Rod,waxed_exposed_lightning_rod,1.21.9 25w31a,1134,FALSE,FALSE,FALSE,Yes,Yes,TRUE,TRUE,TRUE,FALSE,No,No,No,FALSE,0,6,3,Pickaxe,1,FALSE,TRUE,TRUE,FALSE,Yes,FALSE,TRUE,FALSE,TRUE,FALSE,FALSE,FALSE,No,No,FALSE,FALSE,FALSE,FALSE,FALSE,FALSE,Fully,FALSE,TRUE,TRUE,TRUE,FALSE,100%,Harp,FALSE,FALSE,6,TRUE,483
,Waxed Weathered Lightning Rod,waxed_weathered_lightning_rod,1.21.9 25w31a,1135,FALSE,FALSE,FALSE,Yes,Yes,TRUE,TRUE,TRUE,FALSE,No,No,No,FALSE,0,6,3,Pickaxe,1,FALSE,TRUE,TRUE,FALSE,Yes,FALSE,TRUE,FALSE,TRUE,FALSE,FALSE,FALSE,No,No,FALSE,FALSE,FALSE,FALSE,FALSE,FALSE,Fully,FALSE,TRUE,TRUE,TRUE,FALSE,100%,Harp,FALSE,FALSE,6,TRUE,484
,Waxed Oxidized Lightning Rod,waxed_oxidized_lightning_rod,1.21.9 25w31a,1136,FALSE,FALSE,FALSE,Yes,Yes,TRUE,TRUE,TRUE,FALSE,No,No,No,FALSE,0,6,3,Pickaxe,1,FALSE,TRUE,TRUE,FALSE,Yes,FALSE,TRUE,FALSE,TRUE,FALSE,FALSE,FALSE,No,No,FALSE,FALSE,FALSE,FALSE,FALSE,FALSE,Fully,FALSE,TRUE,TRUE,TRUE,FALSE,100%,Harp,FALSE,FALSE,6,TRUE,485
,Waxed Copper Golem Statue,waxed_copper_golem_statue,1.21.9 25w31a,1137,FALSE,FALSE,FALSE,Yes,Yes,TRUE,TRUE,TRUE,TRUE,No,No,No,TRUE,0,6,3,Pickaxe,0,TRUE,TRUE,TRUE,FALSE,Yes,FALSE,TRUE,FALSE,TRUE,FALSE,FALSE,TRUE,No,No,FALSE,FALSE,FALSE,FALSE,FALSE,FALSE,Fully,FALSE,TRUE,TRUE,FALSE,FALSE,100%,Harp,FALSE,FALSE,4,TRUE,486
,Waxed Exposed Copper Golem Statue,waxed_exposed_copper_golem_statue,1.21.9 25w31a,1138,FALSE,FALSE,FALSE,Yes,Yes,TRUE,TRUE,TRUE,TRUE,No,No,No,TRUE,0,6,3,Pickaxe,0,TRUE,TRUE,TRUE,FALSE,Yes,FALSE,TRUE,FALSE,TRUE,FALSE,FALSE,TRUE,No,No,FALSE,FALSE,FALSE,FALSE,FALSE,FALSE,Fully,FALSE,TRUE,TRUE,FALSE,FALSE,100%,Harp,FALSE,FALSE,4,TRUE,487
,Waxed Weathered Copper Golem Statue,waxed_weathered_copper_golem_statue,1.21.9 25w31a,1139,FALSE,FALSE,FALSE,Yes,Yes,TRUE,TRUE,TRUE,TRUE,No,No,No,TRUE,0,6,3,Pickaxe,0,TRUE,TRUE,TRUE,FALSE,Yes,FALSE,TRUE,FALSE,TRUE,FALSE,FALSE,TRUE,No,No,FALSE,FALSE,FALSE,FALSE,FALSE,FALSE,Fully,FALSE,TRUE,TRUE,FALSE,FALSE,100%,Harp,FALSE,FALSE,4,TRUE,488
,Waxed Oxidized Copper Golem Statue,waxed_oxidized_copper_golem_statue,1.21.9 25w31a,1140,FALSE,FALSE,FALSE,Yes,Yes,TRUE,TRUE,TRUE,TRUE,No,No,No,TRUE,0,6,3,Pickaxe,0,TRUE,TRUE,TRUE,FALSE,Yes,FALSE,TRUE,FALSE,TRUE,FALSE,FALSE,TRUE,No,No,FALSE,FALSE,FALSE,FALSE,FALSE,FALSE,Fully,FALSE,TRUE,TRUE,FALSE,FALSE,100%,Harp,FALSE,FALSE,4,TRUE,489
,Block of Raw Iron,raw_iron_block,1.17 21w15a,895,FALSE,FALSE,FALSE,No,No,FALSE,TRUE,TRUE,FALSE,Yes,No,Yes,FALSE,0,6,5,Pickaxe,1,FALSE,TRUE,TRUE,FALSE,No,FALSE,TRUE,TRUE,TRUE,TRUE,FALSE,FALSE,Yes,Yes,TRUE,FALSE,FALSE,FALSE,FALSE,FALSE,No,FALSE,FALSE,FALSE,TRUE,FALSE,100%,Base Drum,FALSE,FALSE,1,FALSE,490
,Block of Iron,iron_block,Classic 0.26 Survival Test,43,FALSE,FALSE,FALSE,Yes,Yes,TRUE,TRUE,TRUE,FALSE,Yes,No,Yes,FALSE,0,6,5,Pickaxe,1,FALSE,TRUE,TRUE,FALSE,No,FALSE,TRUE,TRUE,TRUE,TRUE,FALSE,FALSE,Yes,Yes,TRUE,FALSE,FALSE,FALSE,FALSE,FALSE,No,FALSE,FALSE,FALSE,TRUE,FALSE,100%,Iron Xylophone,FALSE,FALSE,1,FALSE,491
,Iron Door,iron_door,Alpha v1.0.1,70,FALSE,FALSE,FALSE,Yes,Yes,TRUE,TRUE,TRUE,FALSE,No,Yes,No,TRUE,0,5,5,Pickaxe,0,TRUE,TRUE,TRUE,FALSE,No,FALSE,TRUE,FALSE,TRUE,FALSE,FALSE,FALSE,No,No,FALSE,FALSE,TRUE,TRUE,FALSE,FALSE,Fully,FALSE,TRUE,TRUE,TRUE,FALSE,100%,Harp,FALSE,FALSE,8,TRUE,492
,Iron Trapdoor,iron_trapdoor,1.8 14w07a,352,FALSE,FALSE,FALSE,Yes,Yes,TRUE,TRUE,TRUE,FALSE,No,Depends,Depends,TRUE,0,5,5,Pickaxe,0,FALSE,TRUE,TRUE,FALSE,No,FALSE,TRUE,FALSE,TRUE,FALSE,FALSE,FALSE,No,No,FALSE,FALSE,FALSE,FALSE,FALSE,FALSE,Fully,FALSE,TRUE,TRUE,TRUE,FALSE,100%,Harp,FALSE,FALSE,8,TRUE,493
,Iron Bars,iron_bars,Beta 1.8 Pre-Release,130,FALSE,FALSE,FALSE,Yes,Yes,TRUE,TRUE,TRUE,FALSE,No,No,No,TRUE,0,6,5,Pickaxe,0,FALSE,TRUE,TRUE,FALSE,Yes,FALSE,TRUE,FALSE,TRUE,FALSE,FALSE,FALSE,No,No,FALSE,FALSE,FALSE,FALSE,FALSE,FALSE,Fully,FALSE,TRUE,TRUE,TRUE,FALSE,100%,Harp,FALSE,FALSE,1,TRUE,494
,Iron Chain,iron_chain,1.16 20w16a,765,FALSE,FALSE,FALSE,Yes,Yes,TRUE,TRUE,TRUE,FALSE,No,No,No,TRUE,0,6,5,Pickaxe,0,FALSE,TRUE,TRUE,FALSE,Yes,FALSE,TRUE,FALSE,TRUE,FALSE,FALSE,FALSE,No,No,FALSE,FALSE,FALSE,FALSE,FALSE,FALSE,Fully,FALSE,TRUE,TRUE,TRUE,FALSE,100%,Harp,FALSE,FALSE,3,TRUE,495
,Heavy Weighted Pressure Plate,heavy_weighted_pressure_plate,1.5 13w01a,215,FALSE,FALSE,FALSE,Yes,Yes,TRUE,TRUE,TRUE,FALSE,No,No,No,FALSE,0,0.5,0.5,Pickaxe,0,TRUE,TRUE,TRUE,TRUE,No,FALSE,FALSE,FALSE,TRUE,FALSE,FALSE,TRUE,No,No,FALSE,FALSE,TRUE,TRUE,FALSE,FALSE,Fully,FALSE,TRUE,TRUE,TRUE,FALSE,N/A,Harp,FALSE,FALSE,1,TRUE,496
,Block of Lapis Lazuli,lapis_block,Beta 1.2,93,FALSE,FALSE,FALSE,Yes,Yes,TRUE,TRUE,TRUE,FALSE,Yes,No,Yes,FALSE,0,3,3,Pickaxe,1,FALSE,TRUE,TRUE,FALSE,No,FALSE,TRUE,TRUE,TRUE,TRUE,FALSE,FALSE,Yes,Yes,TRUE,FALSE,FALSE,FALSE,FALSE,FALSE,No,FALSE,FALSE,FALSE,TRUE,FALSE,100%,Harp,FALSE,FALSE,1,FALSE,497
,Block of Raw Gold,raw_gold_block,1.17 21w15a,896,FALSE,FALSE,FALSE,No,No,FALSE,TRUE,TRUE,FALSE,Yes,No,Yes,FALSE,0,6,5,Pickaxe,2,FALSE,TRUE,TRUE,FALSE,No,FALSE,TRUE,TRUE,TRUE,TRUE,FALSE,FALSE,Yes,Yes,TRUE,FALSE,FALSE,FALSE,FALSE,FALSE,No,FALSE,FALSE,FALSE,TRUE,FALSE,100%,Base Drum,FALSE,FALSE,1,FALSE,498
,Block of Gold,gold_block,Classic 0.0.20a,20,FALSE,FALSE,FALSE,Yes,Yes,TRUE,TRUE,TRUE,FALSE,Yes,No,Yes,FALSE,0,6,3,Pickaxe,2,FALSE,TRUE,TRUE,FALSE,No,FALSE,TRUE,TRUE,TRUE,TRUE,FALSE,FALSE,Yes,Yes,TRUE,FALSE,FALSE,FALSE,FALSE,FALSE,No,FALSE,FALSE,FALSE,TRUE,FALSE,100%,Bell,FALSE,FALSE,1,FALSE,499
,Light Weighted Pressure Plate,light_weighted_pressure_plate,1.5 13w01a,216,FALSE,FALSE,FALSE,Yes,Yes,TRUE,TRUE,TRUE,FALSE,No,No,No,FALSE,0,0.5,0.5,Pickaxe,0,TRUE,TRUE,TRUE,TRUE,No,FALSE,FALSE,FALSE,TRUE,FALSE,FALSE,TRUE,No,No,FALSE,FALSE,TRUE,TRUE,FALSE,FALSE,Fully,FALSE,TRUE,TRUE,TRUE,FALSE,N/A,Harp,FALSE,FALSE,1,TRUE,500
,Redstone Wire,redstone_wire,Alpha v1.0.1,71,FALSE,FALSE,FALSE,Yes,Yes,TRUE,FALSE,TRUE,FALSE,No,No,No,FALSE,0,0,0,None,0,TRUE,TRUE,TRUE,TRUE,No,TRUE,FALSE,FALSE,TRUE,FALSE,FALSE,TRUE,No,No,FALSE,FALSE,TRUE,TRUE,FALSE,FALSE,Fully,FALSE,TRUE,TRUE,FALSE,FALSE,N/A,Harp,FALSE,FALSE,1,TRUE,501
,Block of Redstone,redstone_block,1.5 13w01a,217,FALSE,FALSE,FALSE,Yes,Yes,TRUE,TRUE,TRUE,FALSE,Yes,No,Yes,FALSE,0,6,5,Pickaxe,0,FALSE,TRUE,TRUE,FALSE,No,FALSE,TRUE,TRUE,TRUE,TRUE,FALSE,FALSE,Yes,Yes,TRUE,FALSE,FALSE,FALSE,FALSE,FALSE,No,FALSE,FALSE,FALSE,TRUE,FALSE,100%,Harp,FALSE,FALSE,1,FALSE,502
,Block of Diamond,diamond_block,Indev 0.31 20100128,53,FALSE,FALSE,FALSE,Yes (Vault),Yes (Vault),TRUE,TRUE,TRUE,FALSE,Yes,No,Yes,FALSE,0,6,5,Pickaxe,2,FALSE,TRUE,TRUE,FALSE,No,FALSE,TRUE,TRUE,TRUE,TRUE,FALSE,FALSE,Yes,Yes,TRUE,FALSE,FALSE,FALSE,FALSE,FALSE,No,FALSE,FALSE,FALSE,TRUE,FALSE,100%,Harp,FALSE,FALSE,1,FALSE,503
,Block of Quartz,quartz_block,1.5 13w02a,222,FALSE,FALSE,FALSE,Yes,Yes,TRUE,TRUE,TRUE,FALSE,Yes,No,Yes,FALSE,0,0.8,0.8,Pickaxe,0,FALSE,TRUE,TRUE,TRUE,No,FALSE,TRUE,TRUE,TRUE,TRUE,FALSE,FALSE,Yes,Yes,TRUE,FALSE,FALSE,FALSE,FALSE,FALSE,No,FALSE,FALSE,FALSE,TRUE,FALSE,100%,Base Drum,FALSE,FALSE,1,FALSE,504
,Quartz Slab,quartz_slab,1.5 13w02a,223,FALSE,FALSE,FALSE,Yes,Yes,TRUE,TRUE,TRUE,FALSE,Depends,Depends,Depends,TRUE,0,6,2,Pickaxe,0,FALSE,TRUE,TRUE,FALSE,Yes,FALSE,TRUE,TRUE,TRUE,TRUE,FALSE,FALSE,Depends,Depends,TRUE,FALSE,FALSE,FALSE,FALSE,FALSE,Directional,FALSE,TRUE,TRUE,TRUE,FALSE,100%,Base Drum,FALSE,FALSE,2,TRUE,505
,Quartz Stairs,quartz_stairs,1.5 13w02a,224,FALSE,FALSE,FALSE,Yes,Yes,TRUE,TRUE,TRUE,FALSE,Depends,Depends,Depends,TRUE,0,0.8,0.8,Pickaxe,0,FALSE,TRUE,TRUE,TRUE,Yes,FALSE,TRUE,FALSE,TRUE,FALSE,FALSE,FALSE,No,No,FALSE,FALSE,FALSE,FALSE,FALSE,FALSE,Directional,FALSE,TRUE,TRUE,TRUE,FALSE,100%,Base Drum,FALSE,FALSE,8,TRUE,506
,Smooth Quartz Block,smooth_quartz_block,1.5 13w04a,230,FALSE,FALSE,FALSE,Yes,Yes,TRUE,TRUE,TRUE,FALSE,Yes,No,Yes,FALSE,0,6,2,Pickaxe,0,FALSE,TRUE,TRUE,FALSE,No,FALSE,TRUE,TRUE,TRUE,TRUE,FALSE,FALSE,Yes,Yes,TRUE,FALSE,FALSE,FALSE,FALSE,FALSE,No,FALSE,FALSE,FALSE,TRUE,FALSE,100%,Base Drum,FALSE,FALSE,1,FALSE,507
,Smooth Quartz Slab,smooth_quartz_slab,1.14 18w43a,640,FALSE,FALSE,FALSE,Yes,Yes,TRUE,TRUE,TRUE,FALSE,Depends,Depends,Depends,TRUE,0,6,2,Pickaxe,0,FALSE,TRUE,TRUE,FALSE,Yes,FALSE,TRUE,TRUE,TRUE,TRUE,FALSE,FALSE,Depends,Depends,TRUE,FALSE,FALSE,FALSE,FALSE,FALSE,Directional,FALSE,TRUE,TRUE,TRUE,FALSE,100%,Base Drum,FALSE,FALSE,2,TRUE,508
,Smooth Quartz Stairs,smooth_quartz_stairs,1.14 18w43a,641,FALSE,FALSE,FALSE,Yes,Yes,TRUE,TRUE,TRUE,FALSE,Depends,Depends,Depends,TRUE,0,6,2,Pickaxe,0,FALSE,TRUE,TRUE,FALSE,Yes,FALSE,TRUE,FALSE,TRUE,FALSE,FALSE,FALSE,No,No,FALSE,FALSE,FALSE,FALSE,FALSE,FALSE,Directional,FALSE,TRUE,TRUE,TRUE,FALSE,100%,Base Drum,FALSE,FALSE,8,TRUE,509
,Chiseled Quartz Block,chiseled_quartz_block,1.5 13w02a,225,FALSE,FALSE,FALSE,Yes,Yes,TRUE,TRUE,TRUE,FALSE,Yes,No,Yes,FALSE,0,0.8,0.8,Pickaxe,0,FALSE,TRUE,TRUE,TRUE,No,FALSE,TRUE,TRUE,TRUE,TRUE,FALSE,FALSE,Yes,Yes,TRUE,FALSE,FALSE,FALSE,FALSE,FALSE,No,FALSE,FALSE,FALSE,TRUE,FALSE,100%,Base Drum,FALSE,FALSE,1,FALSE,510
,Quartz Pillar,quartz_pillar,1.5 13w02a,226,FALSE,FALSE,FALSE,Yes,Yes,TRUE,TRUE,TRUE,FALSE,Yes,No,Yes,FALSE,0,0.8,0.8,Pickaxe,0,FALSE,TRUE,TRUE,TRUE,No,FALSE,TRUE,TRUE,TRUE,TRUE,FALSE,FALSE,Yes,Yes,TRUE,FALSE,FALSE,FALSE,FALSE,FALSE,No,FALSE,FALSE,FALSE,TRUE,FALSE,100%,Base Drum,FALSE,FALSE,3,TRUE,511
,Quartz Bricks,quartz_bricks,1.16 20w15a,744,FALSE,FALSE,FALSE,Yes,Yes,TRUE,TRUE,TRUE,FALSE,Yes,No,Yes,FALSE,0,0.8,0.8,Pickaxe,0,FALSE,TRUE,TRUE,TRUE,No,FALSE,TRUE,TRUE,TRUE,TRUE,FALSE,FALSE,Yes,Yes,TRUE,FALSE,FALSE,FALSE,FALSE,FALSE,No,FALSE,FALSE,FALSE,TRUE,FALSE,100%,Base Drum,FALSE,FALSE,1,FALSE,512
,Block Of Netherite,netherite_block,1.16 20w06a,710,FALSE,FALSE,FALSE,No,No,FALSE,TRUE,TRUE,FALSE,Yes,No,Yes,FALSE,0,1200,50,Pickaxe,3,FALSE,TRUE,TRUE,FALSE,No,FALSE,TRUE,TRUE,TRUE,TRUE,FALSE,FALSE,Yes,Yes,TRUE,FALSE,FALSE,FALSE,FALSE,FALSE,No,FALSE,FALSE,FALSE,TRUE,FALSE,100%,Harp,FALSE,FALSE,1,FALSE,513
,Small Amethyst Bud,small_amethyst_bud,1.17 20w45a,797,FALSE,FALSE,FALSE,Yes,Yes,FALSE,TRUE,TRUE,FALSE,No,Depends,No,TRUE,1,1.5,1.5,Pickaxe,0,FALSE,FALSE,TRUE,TRUE,Yes,FALSE,TRUE,FALSE,TRUE,FALSE,FALSE,TRUE,No,No,FALSE,FALSE,TRUE,TRUE,FALSE,FALSE,Fully,FALSE,TRUE,TRUE,TRUE,FALSE,100%,Harp,FALSE,FALSE,6,TRUE,514
,Medium Amethyst Bud,medium_amethyst_bud,1.17 20w45a,798,FALSE,FALSE,FALSE,Yes,Yes,FALSE,TRUE,TRUE,FALSE,No,No,No,FALSE,2,1.5,1.5,Pickaxe,0,FALSE,FALSE,TRUE,TRUE,Yes,FALSE,TRUE,FALSE,TRUE,FALSE,FALSE,TRUE,No,No,FALSE,FALSE,TRUE,TRUE,FALSE,FALSE,Fully,FALSE,TRUE,TRUE,TRUE,FALSE,100%,Harp,FALSE,FALSE,6,TRUE,515
,Large Amethyst Bud,large_amethyst_bud,1.17 20w45a,799,FALSE,FALSE,FALSE,Yes,Yes,FALSE,TRUE,TRUE,FALSE,No,No,No,FALSE,4,1.5,1.5,Pickaxe,0,FALSE,FALSE,TRUE,TRUE,Yes,FALSE,TRUE,FALSE,TRUE,FALSE,FALSE,TRUE,No,No,FALSE,FALSE,TRUE,TRUE,FALSE,FALSE,Fully,FALSE,TRUE,TRUE,TRUE,FALSE,100%,Harp,FALSE,FALSE,6,TRUE,516
,Amethyst Cluster,amethyst_cluster,1.17 20w45a,800,FALSE,FALSE,FALSE,Yes,Yes,FALSE,TRUE,TRUE,FALSE,No,No,No,FALSE,5,1.5,1.5,Pickaxe,0,FALSE,FALSE,TRUE,TRUE,Yes,FALSE,TRUE,FALSE,TRUE,FALSE,FALSE,TRUE,No,No,FALSE,FALSE,TRUE,TRUE,FALSE,FALSE,Fully,FALSE,TRUE,TRUE,TRUE,FALSE,100%,Harp,FALSE,FALSE,6,TRUE,517
,Block of Amethyst,amethyst_block,1.17 20w45a,801,FALSE,FALSE,FALSE,Yes,Yes,TRUE,TRUE,TRUE,FALSE,Yes,No,Yes,FALSE,0,1.5,1.5,Pickaxe,0,FALSE,TRUE,TRUE,TRUE,No,FALSE,TRUE,TRUE,TRUE,TRUE,FALSE,FALSE,Yes,Yes,TRUE,FALSE,FALSE,FALSE,FALSE,FALSE,No,FALSE,FALSE,FALSE,TRUE,FALSE,100%,Harp,FALSE,FALSE,1,FALSE,518
,Budding Amethyst,budding_amethyst,1.17 20w45a,802,FALSE,FALSE,FALSE,No,No,FALSE,TRUE,TRUE,FALSE,Yes,No,Yes,FALSE,0,1.5,1.5,Pickaxe,0,FALSE,FALSE,FALSE,TRUE,No,FALSE,TRUE,TRUE,TRUE,TRUE,FALSE,FALSE,Yes,Yes,TRUE,FALSE,FALSE,FALSE,FALSE,FALSE,No,FALSE,FALSE,FALSE,TRUE,FALSE,100%,Harp,FALSE,FALSE,1,FALSE,519
,Resin Clump,resin_clump,1.21.4 24w44a,1085,FALSE,FALSE,FALSE,Yes,Yes,FALSE,TRUE,TRUE,FALSE,No,Yes,No,TRUE,0,0,0,None,0,TRUE,TRUE,TRUE,TRUE,Yes,FALSE,FALSE,FALSE,TRUE,FALSE,FALSE,TRUE,No,No,FALSE,FALSE,TRUE,TRUE,FALSE,FALSE,Fully,FALSE,TRUE,TRUE,FALSE,FALSE,N/A,Harp,FALSE,FALSE,6,TRUE,520
,Block of Resin,resin_block,1.21.4 24w44a,1086,FALSE,FALSE,FALSE,Yes,Yes,FALSE,TRUE,TRUE,FALSE,Yes,No,Yes,FALSE,0,0,0,None,0,TRUE,TRUE,TRUE,TRUE,No,FALSE,TRUE,TRUE,TRUE,TRUE,FALSE,FALSE,Yes,Yes,TRUE,FALSE,FALSE,FALSE,FALSE,FALSE,No,FALSE,FALSE,FALSE,TRUE,FALSE,100%,Base Drum,FALSE,FALSE,1,FALSE,521
,Resin Bricks,resin_bricks,1.21.4 24w44a,1087,FALSE,FALSE,FALSE,Yes,Yes,FALSE,TRUE,TRUE,FALSE,Yes,No,Yes,FALSE,0,6,1.5,Pickaxe,0,FALSE,TRUE,TRUE,TRUE,No,FALSE,TRUE,TRUE,TRUE,TRUE,FALSE,FALSE,Yes,Yes,TRUE,FALSE,FALSE,FALSE,FALSE,FALSE,No,FALSE,FALSE,FALSE,TRUE,FALSE,100%,Base Drum,FALSE,FALSE,1,FALSE,522
,Resin Brick Slab,resin_brick_slab,1.21.4 24w44a,1088,FALSE,FALSE,FALSE,Yes,Yes,FALSE,TRUE,TRUE,FALSE,Depends,Depends,Depends,FALSE,0,6,1.5,Pickaxe,0,FALSE,TRUE,TRUE,TRUE,Yes,FALSE,TRUE,TRUE,TRUE,TRUE,FALSE,FALSE,Depends,Depends,TRUE,FALSE,FALSE,FALSE,FALSE,FALSE,Directional,FALSE,TRUE,TRUE,TRUE,FALSE,100%,Base Drum,FALSE,FALSE,2,TRUE,523
,Resin Brick Stairs,resin_brick_stairs,1.21.4 24w44a,1089,FALSE,FALSE,FALSE,Yes,Yes,FALSE,TRUE,TRUE,FALSE,Depends,Depends,Depends,FALSE,0,6,1.5,Pickaxe,0,FALSE,TRUE,TRUE,TRUE,Yes,FALSE,TRUE,FALSE,TRUE,FALSE,FALSE,FALSE,No,No,FALSE,FALSE,FALSE,FALSE,FALSE,FALSE,Directional,FALSE,TRUE,TRUE,TRUE,FALSE,100%,Base Drum,FALSE,FALSE,8,TRUE,524
,Resin Brick Wall,resin_brick_wall,1.21.4 24w44a,1090,FALSE,FALSE,FALSE,Yes,Yes,FALSE,TRUE,TRUE,FALSE,No,No,No,FALSE,0,6,1.5,Pickaxe,0,FALSE,TRUE,TRUE,TRUE,Yes,FALSE,TRUE,FALSE,TRUE,FALSE,FALSE,FALSE,No,No,FALSE,FALSE,FALSE,FALSE,FALSE,FALSE,Fully,FALSE,TRUE,TRUE,TRUE,FALSE,100%,Base Drum,FALSE,FALSE,1,TRUE,525
,Chiseled Resin Brick,chiseled_resin_brick,1.21.4 24w44a,1091,FALSE,FALSE,FALSE,Yes,Yes,FALSE,TRUE,TRUE,FALSE,Yes,No,Yes,FALSE,0,6,1.5,Pickaxe,0,FALSE,TRUE,TRUE,TRUE,No,FALSE,TRUE,TRUE,TRUE,TRUE,FALSE,FALSE,Yes,Yes,TRUE,FALSE,FALSE,FALSE,FALSE,FALSE,No,FALSE,FALSE,FALSE,TRUE,FALSE,100%,Base Drum,FALSE,FALSE,1,FALSE,526
,Clay,clay,Alpha v1.0.11,79,FALSE,FALSE,FALSE,Yes,Yes,FALSE,TRUE,TRUE,FALSE,Yes,No,Yes,FALSE,0,0.6,0.6,Shovel,0,FALSE,FALSE,TRUE,TRUE,No,FALSE,TRUE,TRUE,TRUE,TRUE,FALSE,FALSE,Yes,Yes,TRUE,FALSE,FALSE,FALSE,FALSE,FALSE,No,FALSE,FALSE,FALSE,TRUE,FALSE,100%,Base Drum,FALSE,FALSE,1,FALSE,527
,Bricks,bricks,Classic 0.26 Survival Test,44,FALSE,FALSE,FALSE,Yes,Yes,TRUE,TRUE,TRUE,FALSE,Yes,No,Yes,FALSE,0,6,2,Pickaxe,0,FALSE,TRUE,TRUE,FALSE,No,FALSE,TRUE,TRUE,TRUE,TRUE,FALSE,FALSE,Yes,Yes,TRUE,FALSE,FALSE,FALSE,FALSE,FALSE,No,FALSE,FALSE,FALSE,TRUE,FALSE,100%,Base Drum,FALSE,FALSE,1,FALSE,528
,Brick Slab,brick_slab,Beta 1.8 Pre-Release,127,FALSE,FALSE,FALSE,Yes,Yes,TRUE,TRUE,TRUE,FALSE,Depends,Depends,Depends,TRUE,0,6,2,Pickaxe,0,FALSE,TRUE,TRUE,FALSE,Yes,FALSE,TRUE,TRUE,TRUE,TRUE,FALSE,FALSE,Depends,Depends,TRUE,FALSE,FALSE,FALSE,FALSE,FALSE,Directional,FALSE,TRUE,TRUE,TRUE,FALSE,100%,Base Drum,FALSE,FALSE,2,TRUE,529
,Brick Stairs,brick_stairs,Beta 1.8 Pre-Release,128,FALSE,FALSE,FALSE,Yes,Yes,TRUE,TRUE,TRUE,FALSE,Depends,Depends,Depends,TRUE,0,6,2,Pickaxe,0,FALSE,TRUE,TRUE,FALSE,Yes,FALSE,TRUE,FALSE,TRUE,FALSE,FALSE,FALSE,No,No,FALSE,FALSE,FALSE,FALSE,FALSE,FALSE,Directional,FALSE,TRUE,TRUE,TRUE,FALSE,100%,Base Drum,FALSE,FALSE,8,TRUE,530
,Brick Wall,brick_wall,1.14 18w43a,642,FALSE,FALSE,FALSE,Yes,Yes,TRUE,TRUE,TRUE,FALSE,No,No,No,TRUE,0,6,2,Pickaxe,0,FALSE,TRUE,TRUE,FALSE,Yes,FALSE,TRUE,FALSE,TRUE,FALSE,FALSE,FALSE,No,No,FALSE,FALSE,FALSE,FALSE,FALSE,FALSE,Fully,FALSE,TRUE,TRUE,TRUE,FALSE,100%,Base Drum,FALSE,FALSE,1,TRUE,531
,Mud,mud,1.19 22w11a,919,FALSE,FALSE,FALSE,Yes,Yes,FALSE,TRUE,TRUE,FALSE,Yes,No,No,TRUE,0,0.5,0.5,Shovel,0,TRUE,TRUE,TRUE,TRUE,No,FALSE,TRUE,FALSE,TRUE,TRUE,FALSE,FALSE,Yes,Yes,TRUE,FALSE,FALSE,FALSE,FALSE,FALSE,No,FALSE,FALSE,FALSE,TRUE,FALSE,100%,Harp,FALSE,FALSE,1,FALSE,532
,Packed Mud,packed_mud,1.19 22w11a,920,FALSE,FALSE,FALSE,Yes,Yes,TRUE,TRUE,TRUE,FALSE,Yes,No,Yes,FALSE,0,3,1,Pickaxe,0,TRUE,TRUE,TRUE,TRUE,No,FALSE,TRUE,TRUE,TRUE,TRUE,FALSE,FALSE,Yes,Yes,TRUE,FALSE,FALSE,FALSE,FALSE,FALSE,No,FALSE,FALSE,FALSE,TRUE,FALSE,100%,Harp,FALSE,FALSE,1,FALSE,533
,Mud Bricks,mud_bricks,1.19 22w11a,921,FALSE,FALSE,FALSE,Yes,Yes,TRUE,TRUE,TRUE,FALSE,Yes,No,Yes,FALSE,0,3,1.5,Pickaxe,0,FALSE,TRUE,TRUE,TRUE,No,FALSE,TRUE,TRUE,TRUE,TRUE,FALSE,FALSE,Yes,Yes,TRUE,FALSE,FALSE,FALSE,FALSE,FALSE,No,FALSE,FALSE,FALSE,TRUE,FALSE,100%,Base Drum,FALSE,FALSE,1,FALSE,534
,Mud Brick Slab,mud_brick_slab,1.19 22w11a,922,FALSE,FALSE,FALSE,Yes,Yes,TRUE,TRUE,TRUE,FALSE,Depends,Depends,Depends,TRUE,0,3,1.5,Pickaxe,0,FALSE,TRUE,TRUE,TRUE,Yes,FALSE,TRUE,TRUE,TRUE,TRUE,FALSE,FALSE,Depends,Depends,TRUE,FALSE,FALSE,FALSE,FALSE,FALSE,Directional,FALSE,TRUE,TRUE,TRUE,FALSE,100%,Base Drum,FALSE,FALSE,2,TRUE,535
,Mud Brick Stairs,mud_brick_stairs,1.19 22w11a,923,FALSE,FALSE,FALSE,Yes,Yes,TRUE,TRUE,TRUE,FALSE,Depends,Depends,Depends,TRUE,0,3,1.5,Pickaxe,0,FALSE,TRUE,TRUE,TRUE,Yes,FALSE,TRUE,FALSE,TRUE,FALSE,FALSE,FALSE,No,No,FALSE,FALSE,FALSE,FALSE,FALSE,FALSE,Directional,FALSE,TRUE,TRUE,TRUE,FALSE,100%,Base Drum,FALSE,FALSE,8,TRUE,536
,Mud Brick Wall,mud_brick_wall,1.19 22w11a,924,FALSE,FALSE,FALSE,Yes,Yes,TRUE,TRUE,TRUE,FALSE,No,No,No,TRUE,0,3,1.5,Pickaxe,0,FALSE,TRUE,TRUE,TRUE,Yes,FALSE,TRUE,FALSE,TRUE,FALSE,FALSE,FALSE,No,No,FALSE,FALSE,FALSE,FALSE,FALSE,FALSE,Fully,FALSE,TRUE,TRUE,TRUE,FALSE,100%,Base Drum,FALSE,FALSE,1,TRUE,537
,Prismarine,prismarine,1.8 14w25a,353,FALSE,FALSE,FALSE,Yes,Yes,TRUE,TRUE,TRUE,FALSE,Yes,No,Yes,FALSE,0,6,1.5,Pickaxe,0,FALSE,TRUE,TRUE,TRUE,No,FALSE,TRUE,TRUE,TRUE,TRUE,FALSE,FALSE,Yes,Yes,TRUE,FALSE,FALSE,FALSE,FALSE,FALSE,No,FALSE,FALSE,FALSE,TRUE,FALSE,100%,Base Drum,FALSE,FALSE,1,FALSE,538
,Prismarine Slab,prismarine_slab,1.13 18w07a,538,FALSE,FALSE,FALSE,Yes,Yes,TRUE,TRUE,TRUE,FALSE,Depends,Depends,Depends,TRUE,0,6,1.5,Pickaxe,0,FALSE,TRUE,TRUE,TRUE,Yes,FALSE,TRUE,TRUE,TRUE,TRUE,FALSE,FALSE,Depends,Depends,TRUE,FALSE,FALSE,FALSE,FALSE,FALSE,Directional,FALSE,TRUE,TRUE,TRUE,FALSE,100%,Base Drum,FALSE,FALSE,2,TRUE,539
,Prismarine Stairs,prismarine_stairs,1.13 18w07a,539,FALSE,FALSE,FALSE,Yes,Yes,TRUE,TRUE,TRUE,FALSE,Depends,Depends,Depends,TRUE,0,6,1.5,Pickaxe,0,FALSE,TRUE,TRUE,TRUE,Yes,FALSE,TRUE,FALSE,TRUE,FALSE,FALSE,FALSE,No,No,FALSE,FALSE,FALSE,FALSE,FALSE,FALSE,Directional,FALSE,TRUE,TRUE,TRUE,FALSE,100%,Base Drum,FALSE,FALSE,8,TRUE,540
,Prismarine Wall,prismarine_wall,1.14 18w43a,643,FALSE,FALSE,FALSE,Yes,Yes,TRUE,TRUE,TRUE,FALSE,No,No,No,TRUE,0,6,1.5,Pickaxe,0,FALSE,TRUE,TRUE,TRUE,Yes,FALSE,TRUE,FALSE,TRUE,FALSE,FALSE,FALSE,No,No,FALSE,FALSE,FALSE,FALSE,FALSE,FALSE,Fully,FALSE,TRUE,TRUE,TRUE,FALSE,100%,Base Drum,FALSE,FALSE,1,TRUE,541
,Prismarine Bricks,prismarine_bricks,1.8 14w25a,354,FALSE,FALSE,FALSE,Yes,Yes,TRUE,TRUE,TRUE,FALSE,Yes,No,Yes,FALSE,0,6,1.5,Pickaxe,0,FALSE,TRUE,TRUE,TRUE,No,FALSE,TRUE,TRUE,TRUE,TRUE,FALSE,FALSE,Yes,Yes,TRUE,FALSE,FALSE,FALSE,FALSE,FALSE,No,FALSE,FALSE,FALSE,TRUE,FALSE,100%,Base Drum,FALSE,FALSE,1,FALSE,542
,Prismarine Brick Slab,prismarine_brick_slab,1.13 18w07a,540,FALSE,FALSE,FALSE,Yes,Yes,TRUE,TRUE,TRUE,FALSE,Depends,Depends,Depends,TRUE,0,6,1.5,Pickaxe,0,FALSE,TRUE,TRUE,TRUE,Yes,FALSE,TRUE,TRUE,TRUE,TRUE,FALSE,FALSE,Depends,Depends,TRUE,FALSE,FALSE,FALSE,FALSE,FALSE,Directional,FALSE,TRUE,TRUE,TRUE,FALSE,100%,Base Drum,FALSE,FALSE,2,TRUE,543
,Prismarine Brick Stairs,prismarine_brick_stairs,1.13 18w07a,541,FALSE,FALSE,FALSE,Yes,Yes,TRUE,TRUE,TRUE,FALSE,Depends,Depends,Depends,TRUE,0,6,1.5,Pickaxe,0,FALSE,TRUE,TRUE,TRUE,Yes,FALSE,TRUE,FALSE,TRUE,FALSE,FALSE,FALSE,No,No,FALSE,FALSE,FALSE,FALSE,FALSE,FALSE,Directional,FALSE,TRUE,TRUE,TRUE,FALSE,100%,Base Drum,FALSE,FALSE,8,TRUE,544
,Dark Prismarine,dark_prismarine,1.8 14w25a,355,FALSE,FALSE,FALSE,Yes,Yes,TRUE,TRUE,TRUE,FALSE,Yes,No,Yes,FALSE,0,6,1.5,Pickaxe,0,FALSE,TRUE,TRUE,TRUE,No,FALSE,TRUE,TRUE,TRUE,TRUE,FALSE,FALSE,Yes,Yes,TRUE,FALSE,FALSE,FALSE,FALSE,FALSE,No,FALSE,FALSE,FALSE,TRUE,FALSE,100%,Base Drum,FALSE,FALSE,1,FALSE,545
,Dark Prismarine Slab,dark_prismarine_slab,1.13 18w07a,542,FALSE,FALSE,FALSE,Yes,Yes,TRUE,TRUE,TRUE,FALSE,Depends,Depends,Depends,TRUE,0,6,1.5,Pickaxe,0,FALSE,TRUE,TRUE,TRUE,Yes,FALSE,TRUE,TRUE,TRUE,TRUE,FALSE,FALSE,Depends,Depends,TRUE,FALSE,FALSE,FALSE,FALSE,FALSE,Directional,FALSE,TRUE,TRUE,TRUE,FALSE,100%,Base Drum,FALSE,FALSE,2,TRUE,546
,Dark Prismarine Stairs,dark_prismarine_stairs,1.13 18w07a,543,FALSE,FALSE,FALSE,Yes,Yes,TRUE,TRUE,TRUE,FALSE,Depends,Depends,Depends,TRUE,0,6,1.5,Pickaxe,0,FALSE,TRUE,TRUE,TRUE,Yes,FALSE,TRUE,FALSE,TRUE,FALSE,FALSE,FALSE,No,No,FALSE,FALSE,FALSE,FALSE,FALSE,FALSE,Directional,FALSE,TRUE,TRUE,TRUE,FALSE,100%,Base Drum,FALSE,FALSE,8,TRUE,547
,Sea Lantern,sea_lantern,1.8 14w25a,356,FALSE,FALSE,FALSE,Yes,Yes,TRUE,TRUE,TRUE,FALSE,No,No,Yes,FALSE,15,0.3,0.3,None,0,FALSE,FALSE,TRUE,FALSE,No,FALSE,TRUE,TRUE,TRUE,TRUE,FALSE,FALSE,No,No,TRUE,FALSE,FALSE,FALSE,FALSE,FALSE,No,FALSE,FALSE,TRUE,TRUE,FALSE,100%,Hat,FALSE,FALSE,1,FALSE,548
,Sponge,sponge,Classic 0.0.19a,18,FALSE,FALSE,FALSE,No,No,FALSE,TRUE,TRUE,FALSE,Yes,No,Yes,FALSE,0,0.6,0.6,Hoe,0,TRUE,TRUE,TRUE,TRUE,No,FALSE,TRUE,TRUE,TRUE,TRUE,FALSE,FALSE,Yes,Yes,TRUE,FALSE,FALSE,FALSE,FALSE,FALSE,No,FALSE,FALSE,FALSE,TRUE,FALSE,100%,Harp,FALSE,FALSE,1,FALSE,549
,Wet Sponge,wet_sponge,1.8 14w25a,357,FALSE,FALSE,FALSE,No,No,FALSE,TRUE,TRUE,FALSE,Yes,No,Yes,FALSE,0,0.6,0.6,Hoe,0,TRUE,TRUE,TRUE,TRUE,No,FALSE,TRUE,TRUE,TRUE,TRUE,FALSE,FALSE,Yes,Yes,TRUE,FALSE,FALSE,FALSE,FALSE,FALSE,No,FALSE,FALSE,FALSE,TRUE,FALSE,100%,Harp,FALSE,FALSE,1,FALSE,550
,Snow Block,snow_block,Alpha v1.0.5,77,FALSE,FALSE,FALSE,Yes,Yes,TRUE,TRUE,TRUE,FALSE,Yes,No,Yes,FALSE,0,0.2,0.2,Shovel,0,FALSE,FALSE,TRUE,TRUE,No,FALSE,TRUE,TRUE,TRUE,TRUE,FALSE,FALSE,Yes,Yes,TRUE,FALSE,FALSE,FALSE,FALSE,FALSE,No,FALSE,FALSE,FALSE,TRUE,FALSE,100%,Harp,FALSE,FALSE,1,FALSE,551
,Snow,snow,Alpha v1.0.4,75,FALSE,FALSE,FALSE,Yes,Yes,TRUE,TRUE,TRUE,FALSE,Depends,Depends,No,TRUE,0,0.1,0.1,Shovel,0,FALSE,FALSE,TRUE,TRUE,No,TRUE,TRUE,FALSE,TRUE,TRUE,FALSE,TRUE,No,No,FALSE,FALSE,TRUE,TRUE,FALSE,FALSE,Fully,FALSE,TRUE,TRUE,FALSE,FALSE,100%,Harp,FALSE,FALSE,1,TRUE,552
,Powder Snow,powder_snow,1.17 20w46a,839,FALSE,FALSE,FALSE,Yes,Yes,TRUE,TRUE,TRUE,FALSE,No,No,No,FALSE,0,0.25,0.25,None,0,FALSE,FALSE,FALSE,FALSE,No,TRUE,FALSE,FALSE,TRUE,TRUE,FALSE,FALSE,No,No,FALSE,FALSE,FALSE,FALSE,FALSE,FALSE,Fully,TRUE,TRUE,TRUE,FALSE,TRUE,0%/100%,Harp,FALSE,FALSE,1,FALSE,553
,Ice,ice,Alpha v1.0.4,76,FALSE,FALSE,FALSE,Yes,Yes,FALSE,TRUE,TRUE,FALSE,No,No,Yes,FALSE,0,0.5,0.5,Pickaxe,0,FALSE,FALSE,TRUE,TRUE,No,FALSE,TRUE,TRUE,TRUE,TRUE,FALSE,FALSE,No,No,TRUE,FALSE,FALSE,FALSE,FALSE,FALSE,Fully,TRUE,TRUE,TRUE,TRUE,FALSE,100%,Harp,FALSE,FALSE,1,FALSE,554
,Packed Ice,packed_ice,1.7.2 13w36a,277,FALSE,FALSE,FALSE,Yes,Yes,TRUE,TRUE,TRUE,FALSE,Yes,No,Yes,FALSE,0,0.5,0.5,Pickaxe,0,FALSE,FALSE,TRUE,TRUE,No,FALSE,TRUE,TRUE,TRUE,TRUE,FALSE,FALSE,Yes,Yes,TRUE,FALSE,FALSE,FALSE,FALSE,FALSE,No,FALSE,FALSE,FALSE,TRUE,FALSE,100%,Chime,FALSE,FALSE,1,FALSE,555
,Blue Ice,blue_ice,1.13 18w15a,573,FALSE,FALSE,FALSE,Yes,Yes,TRUE,TRUE,TRUE,FALSE,Yes,No,Yes,FALSE,0,2.8,2.8,Pickaxe,0,FALSE,FALSE,TRUE,FALSE,No,FALSE,TRUE,TRUE,TRUE,TRUE,FALSE,FALSE,Yes,Yes,TRUE,FALSE,FALSE,FALSE,FALSE,FALSE,No,FALSE,FALSE,FALSE,TRUE,FALSE,100%,Harp,FALSE,FALSE,1,FALSE,556
,Frosted Ice,frosted_ice,1.9 15w42a,426,FALSE,FALSE,FALSE,Yes,Yes,FALSE,FALSE,FALSE,FALSE,No,No,Yes,FALSE,0,0.5,0.5,None,0,FALSE,FALSE,FALSE,FALSE,No,FALSE,TRUE,TRUE,TRUE,TRUE,FALSE,TRUE,No,No,TRUE,FALSE,FALSE,FALSE,FALSE,FALSE,Fully,TRUE,TRUE,TRUE,TRUE,FALSE,100%,Harp,FALSE,FALSE,1,TRUE,557
,Water,water,Classic 0.0.12a,9,FALSE,FALSE,FALSE,Yes,Yes,FALSE,FALSE,FALSE,FALSE,No,No,No,FALSE,0,100,100,None,0,FALSE,FALSE,FALSE,FALSE,No,FALSE,FALSE,FALSE,FALSE,FALSE,FALSE,TRUE,No,No,FALSE,FALSE,FALSE,FALSE,FALSE,FALSE,Fully,TRUE,TRUE,TRUE,FALSE,TRUE,0%,Harp,FALSE,FALSE,1,TRUE,558
,Bubble Column,bubble_column,1.13 18w07a,544,FALSE,FALSE,FALSE,Yes,Yes,TRUE,FALSE,FALSE,FALSE,No,No,No,FALSE,0,100,100,None,0,FALSE,FALSE,FALSE,FALSE,Forced,FALSE,FALSE,FALSE,FALSE,FALSE,FALSE,TRUE,No,No,FALSE,FALSE,FALSE,FALSE,FALSE,FALSE,Fully,TRUE,TRUE,TRUE,FALSE,FALSE,0%,Harp,FALSE,FALSE,1,TRUE,559
,Lava,lava,Classic 0.0.12a,10,FALSE,FALSE,FALSE,Yes,Yes,TRUE,FALSE,FALSE,FALSE,Yes,No,No,FALSE,15,100,100,None,0,FALSE,FALSE,FALSE,FALSE,No,FALSE,FALSE,FALSE,FALSE,FALSE,FALSE,TRUE,No,No,FALSE,FALSE,FALSE,FALSE,FALSE,FALSE,Fully,TRUE,TRUE,TRUE,FALSE,TRUE,0%-100%,Harp,FALSE,FALSE,1,TRUE,560
,Fire,fire,Indev 0.31 20100109,50,FALSE,FALSE,FALSE,Yes,Yes,FALSE,FALSE,FALSE,FALSE,No,No,No,FALSE,15,0,0,None,0,FALSE,FALSE,FALSE,TRUE,No,TRUE,FALSE,FALSE,TRUE,FALSE,FALSE,TRUE,No,No,FALSE,FALSE,TRUE,TRUE,FALSE,FALSE,Fully,FALSE,TRUE,TRUE,FALSE,TRUE,N/A,Harp,FALSE,FALSE,1,TRUE,561
,Soul Fire,soul_fire,1.16 20w06a,711,FALSE,FALSE,FALSE,Yes,Yes,FALSE,FALSE,FALSE,FALSE,No,No,No,FALSE,10,0,0,None,0,FALSE,FALSE,FALSE,TRUE,No,TRUE,FALSE,FALSE,TRUE,FALSE,FALSE,TRUE,No,No,FALSE,FALSE,TRUE,TRUE,FALSE,FALSE,Fully,FALSE,TRUE,TRUE,FALSE,TRUE,N/A,Harp,FALSE,FALSE,1,TRUE,562
,Netherrack,netherrack,Alpha v1.2.0 Preview,83,FALSE,FALSE,FALSE,No,No,FALSE,TRUE,TRUE,FALSE,Yes,No,Yes,FALSE,0,0.4,0.4,Pickaxe,0,FALSE,TRUE,TRUE,TRUE,No,FALSE,TRUE,TRUE,TRUE,TRUE,FALSE,FALSE,Yes,Yes,TRUE,FALSE,FALSE,FALSE,FALSE,FALSE,No,FALSE,FALSE,FALSE,TRUE,FALSE,100%,Base Drum,FALSE,FALSE,1,FALSE,563
,Glowstone,glowstone,Alpha v1.2.0 Preview,84,FALSE,FALSE,FALSE,Yes,Yes,TRUE,TRUE,TRUE,FALSE,No,No,Yes,FALSE,15,0.3,0.3,None,0,FALSE,FALSE,TRUE,FALSE,No,FALSE,TRUE,TRUE,TRUE,TRUE,FALSE,FALSE,No,No,TRUE,FALSE,FALSE,FALSE,FALSE,FALSE,No,FALSE,FALSE,TRUE,TRUE,FALSE,100%,Pling,FALSE,FALSE,1,FALSE,564
,Shroomlight,shroomlight,1.16 20w06a,712,FALSE,FALSE,FALSE,Yes,Yes,FALSE,TRUE,TRUE,FALSE,No,No,Yes,FALSE,15,1,1,Hoe,0,TRUE,TRUE,TRUE,TRUE,No,FALSE,TRUE,TRUE,TRUE,TRUE,FALSE,FALSE,Yes,Yes,TRUE,FALSE,FALSE,FALSE,FALSE,FALSE,No,FALSE,FALSE,FALSE,TRUE,FALSE,100%,Harp,FALSE,FALSE,1,FALSE,565
,Magma Block,magma_block,1.10 16w20a,427,FALSE,FALSE,FALSE,Yes,Yes,TRUE,TRUE,TRUE,FALSE,Yes,No,Yes,FALSE,3,0.5,0.5,Pickaxe,0,FALSE,TRUE,TRUE,TRUE,No,FALSE,TRUE,TRUE,TRUE,TRUE,FALSE,FALSE,Yes,Yes,TRUE,FALSE,FALSE,FALSE,FALSE,FALSE,No,FALSE,FALSE,FALSE,TRUE,TRUE,100%,Base Drum,FALSE,FALSE,1,FALSE,566
,Nether Portal,nether_portal,Alpha v1.2.0 Preview,85,FALSE,FALSE,FALSE,Yes,Yes,TRUE,FALSE,FALSE,FALSE,No,Yes,No,FALSE,11,0,-1,None,0,FALSE,FALSE,FALSE,FALSE,No,FALSE,FALSE,FALSE,TRUE,FALSE,TRUE,FALSE,No,No,FALSE,FALSE,FALSE,FALSE,FALSE,FALSE,Fully,FALSE,TRUE,TRUE,FALSE,FALSE,N/A,Harp,FALSE,FALSE,2,TRUE,567
,Nether Wart,nether_wart,1.0.0 Beta 1.9 Prerelease,141,FALSE,FALSE,FALSE,Yes,Yes,TRUE,TRUE,TRUE,FALSE,No,Yes,No,TRUE,0,0,0,None,0,TRUE,TRUE,TRUE,TRUE,No,TRUE,FALSE,FALSE,TRUE,FALSE,FALSE,TRUE,No,No,FALSE,FALSE,TRUE,TRUE,FALSE,FALSE,Fully,FALSE,TRUE,TRUE,FALSE,FALSE,N/A,Harp,FALSE,FALSE,1,TRUE,568
,Nether Bricks,nether_bricks,1.0.0 Beta 1.9 Prerelease,142,FALSE,FALSE,FALSE,Yes,Yes,TRUE,TRUE,TRUE,FALSE,Yes,No,Yes,FALSE,0,6,2,Pickaxe,0,FALSE,TRUE,TRUE,FALSE,No,FALSE,TRUE,TRUE,TRUE,TRUE,FALSE,FALSE,Yes,Yes,TRUE,FALSE,FALSE,FALSE,FALSE,FALSE,No,FALSE,FALSE,FALSE,TRUE,FALSE,100%,Base Drum,FALSE,FALSE,1,FALSE,569
,Nether Brick Slab,nether_brick_slab,1.4.6 12w49a,213,FALSE,FALSE,FALSE,Yes,Yes,TRUE,TRUE,TRUE,FALSE,Depends,Depends,Depends,TRUE,0,6,2,Pickaxe,0,FALSE,TRUE,TRUE,FALSE,Yes,FALSE,TRUE,TRUE,TRUE,TRUE,FALSE,FALSE,Depends,Depends,TRUE,FALSE,FALSE,FALSE,FALSE,FALSE,Directional,FALSE,TRUE,TRUE,TRUE,FALSE,100%,Base Drum,FALSE,FALSE,2,TRUE,570
,Nether Brick Stairs,nether_brick_stairs,1.0.0 Beta 1.9 Prerelease,143,FALSE,FALSE,FALSE,Yes,Yes,TRUE,TRUE,TRUE,FALSE,Depends,Depends,Depends,TRUE,0,6,2,Pickaxe,0,FALSE,TRUE,TRUE,FALSE,Yes,FALSE,TRUE,FALSE,TRUE,FALSE,FALSE,FALSE,No,No,FALSE,FALSE,FALSE,FALSE,FALSE,FALSE,Directional,FALSE,TRUE,TRUE,TRUE,FALSE,100%,Base Drum,FALSE,FALSE,8,TRUE,571
,Nether Brick Wall,nether_brick_wall,1.14 18w43a,644,FALSE,FALSE,FALSE,Yes,Yes,TRUE,TRUE,TRUE,FALSE,No,No,No,TRUE,0,6,2,Pickaxe,0,FALSE,TRUE,TRUE,FALSE,Yes,FALSE,TRUE,FALSE,TRUE,FALSE,FALSE,FALSE,No,No,FALSE,FALSE,FALSE,FALSE,FALSE,FALSE,Fully,FALSE,TRUE,TRUE,TRUE,FALSE,100%,Base Drum,FALSE,FALSE,1,TRUE,572
,Nether Brick Fence,nether_brick_fence,1.0.0 Beta 1.9 Prerelease,144,FALSE,FALSE,FALSE,Yes,Yes,TRUE,TRUE,TRUE,FALSE,No,No,No,TRUE,0,6,2,Pickaxe,0,FALSE,TRUE,TRUE,FALSE,Yes,FALSE,TRUE,FALSE,TRUE,FALSE,FALSE,FALSE,No,No,FALSE,FALSE,FALSE,FALSE,FALSE,FALSE,Fully,FALSE,TRUE,TRUE,TRUE,FALSE,100%,Base Drum,FALSE,FALSE,1,TRUE,573
,Chiseled Nether Bricks,chiseled_nether_bricks,1.16 20w15a,745,FALSE,FALSE,FALSE,Yes,Yes,TRUE,TRUE,TRUE,FALSE,Yes,No,Yes,FALSE,0,6,2,Pickaxe,0,FALSE,TRUE,TRUE,FALSE,No,FALSE,TRUE,TRUE,TRUE,TRUE,FALSE,FALSE,Yes,Yes,TRUE,FALSE,FALSE,FALSE,FALSE,FALSE,No,FALSE,FALSE,FALSE,TRUE,FALSE,100%,Base Drum,FALSE,FALSE,1,FALSE,574
,Cracked Nether Bricks,cracked_nether_bricks,1.16 20w15a,746,FALSE,FALSE,FALSE,Yes,Yes,TRUE,TRUE,TRUE,FALSE,Yes,No,Yes,FALSE,0,6,2,Pickaxe,0,FALSE,TRUE,TRUE,FALSE,No,FALSE,TRUE,TRUE,TRUE,TRUE,FALSE,FALSE,Yes,Yes,TRUE,FALSE,FALSE,FALSE,FALSE,FALSE,No,FALSE,FALSE,FALSE,TRUE,FALSE,100%,Base Drum,FALSE,FALSE,1,FALSE,575
,Red Nether Bricks,red_nether_bricks,1.10 16w20a,428,FALSE,FALSE,FALSE,Yes,Yes,TRUE,TRUE,TRUE,FALSE,Yes,No,Yes,FALSE,0,6,2,Pickaxe,0,FALSE,TRUE,TRUE,FALSE,No,FALSE,TRUE,TRUE,TRUE,TRUE,FALSE,FALSE,Yes,Yes,TRUE,FALSE,FALSE,FALSE,FALSE,FALSE,No,FALSE,FALSE,FALSE,TRUE,FALSE,100%,Base Drum,FALSE,FALSE,1,FALSE,576
,Red Nether Brick Slab,red_nether_brick_slab,1.14 18w43a,645,FALSE,FALSE,FALSE,Yes,Yes,TRUE,TRUE,TRUE,FALSE,Depends,Depends,Depends,TRUE,0,6,2,Pickaxe,0,FALSE,TRUE,TRUE,FALSE,Yes,FALSE,TRUE,TRUE,TRUE,TRUE,FALSE,FALSE,Depends,Depends,TRUE,FALSE,FALSE,FALSE,FALSE,FALSE,Directional,FALSE,TRUE,TRUE,TRUE,FALSE,100%,Base Drum,FALSE,FALSE,2,TRUE,577
,Red Nether Brick Stairs,red_nether_brick_stairs,1.14 18w43a,646,FALSE,FALSE,FALSE,Yes,Yes,TRUE,TRUE,TRUE,FALSE,Depends,Depends,Depends,TRUE,0,6,2,Pickaxe,0,FALSE,TRUE,TRUE,FALSE,Yes,FALSE,TRUE,FALSE,TRUE,FALSE,FALSE,FALSE,No,No,FALSE,FALSE,FALSE,FALSE,FALSE,FALSE,Directional,FALSE,TRUE,TRUE,TRUE,FALSE,100%,Base Drum,FALSE,FALSE,8,TRUE,578
,Red Nether Brick Wall,red_nether_brick_wall,1.14 18w43a,647,FALSE,FALSE,FALSE,Yes,Yes,TRUE,TRUE,TRUE,FALSE,No,No,No,TRUE,0,6,2,Pickaxe,0,FALSE,TRUE,TRUE,FALSE,No,FALSE,TRUE,FALSE,TRUE,FALSE,FALSE,FALSE,No,No,FALSE,FALSE,FALSE,FALSE,FALSE,FALSE,Fully,FALSE,TRUE,TRUE,TRUE,FALSE,100%,Base Drum,FALSE,FALSE,1,TRUE,579
,Warped Nylium,warped_nylium,1.16 20w06a,713,FALSE,FALSE,FALSE,No,No,FALSE,TRUE,TRUE,FALSE,Yes,No,Yes,FALSE,0,0.4,0.4,Pickaxe,0,FALSE,FALSE,TRUE,TRUE,No,FALSE,TRUE,TRUE,TRUE,TRUE,FALSE,FALSE,Yes,Yes,TRUE,FALSE,FALSE,FALSE,FALSE,FALSE,No,FALSE,FALSE,FALSE,TRUE,FALSE,100%,Base Drum,FALSE,FALSE,1,FALSE,580
,Warped Wart Block,warped_wart_block,1.16 20w06a,714,FALSE,FALSE,FALSE,Yes,Yes,FALSE,TRUE,TRUE,FALSE,Yes,No,Yes,FALSE,0,1,1,Hoe,0,TRUE,TRUE,TRUE,TRUE,No,FALSE,TRUE,TRUE,TRUE,TRUE,FALSE,FALSE,Yes,Yes,TRUE,FALSE,FALSE,FALSE,FALSE,FALSE,No,FALSE,FALSE,FALSE,TRUE,FALSE,100%,Harp,FALSE,FALSE,1,FALSE,581
,Warped Fungus,warped_fungus,1.16 20w06a,715,FALSE,FALSE,FALSE,Yes,Yes,FALSE,TRUE,TRUE,FALSE,No,Yes,No,TRUE,0,0,0,None,0,TRUE,TRUE,TRUE,TRUE,No,TRUE,FALSE,FALSE,TRUE,FALSE,FALSE,TRUE,No,No,FALSE,FALSE,TRUE,TRUE,FALSE,FALSE,Fully,FALSE,TRUE,TRUE,FALSE,FALSE,N/A,Harp,FALSE,FALSE,1,FALSE,582
,Warped Roots,warped_roots,1.16 20w06a,716,FALSE,FALSE,FALSE,Yes,Yes,FALSE,TRUE,TRUE,FALSE,No,Yes,No,TRUE,0,0,0,None,0,TRUE,TRUE,TRUE,TRUE,No,TRUE,FALSE,FALSE,TRUE,FALSE,FALSE,TRUE,No,No,FALSE,FALSE,TRUE,TRUE,FALSE,TRUE,Fully,FALSE,TRUE,TRUE,FALSE,FALSE,N/A,Harp,FALSE,FALSE,1,FALSE,583
,Nether Sprouts,nether_sprouts,1.16 20w06a,717,FALSE,FALSE,FALSE,Yes,Yes,FALSE,TRUE,TRUE,FALSE,No,Yes,No,TRUE,0,0,0,None,0,FALSE,FALSE,FALSE,TRUE,No,TRUE,FALSE,FALSE,TRUE,FALSE,FALSE,TRUE,No,No,FALSE,FALSE,TRUE,TRUE,FALSE,TRUE,Fully,FALSE,TRUE,TRUE,FALSE,FALSE,N/A,Harp,FALSE,FALSE,1,FALSE,584
,Twisting Vines,twisting_vines,1.16 20w11a,739,FALSE,FALSE,FALSE,Yes,Yes,FALSE,TRUE,TRUE,FALSE,No,Yes,No,TRUE,0,0,0,None,0,TRUE,TRUE,TRUE,TRUE,No,TRUE,FALSE,FALSE,TRUE,FALSE,FALSE,TRUE,No,No,FALSE,FALSE,TRUE,TRUE,FALSE,FALSE,Fully,FALSE,TRUE,TRUE,FALSE,FALSE,0%,Harp,FALSE,FALSE,1,TRUE,585
,Twisting Vines Plant,twisting_vines_plant,1.16 20w11a,740,FALSE,FALSE,FALSE,Yes,Yes,FALSE,FALSE,TRUE,FALSE,No,Yes,No,TRUE,0,0,0,None,0,TRUE,TRUE,TRUE,TRUE,No,TRUE,FALSE,FALSE,TRUE,FALSE,FALSE,TRUE,No,No,FALSE,FALSE,TRUE,TRUE,FALSE,FALSE,Fully,FALSE,TRUE,TRUE,FALSE,FALSE,0%,Harp,FALSE,FALSE,1,FALSE,586
,Crimson Nylium,crimson_nylium,1.16 20w06a,718,FALSE,FALSE,FALSE,No,No,FALSE,TRUE,TRUE,FALSE,Yes,No,Yes,FALSE,0,0.4,0.4,Pickaxe,0,FALSE,FALSE,TRUE,TRUE,No,FALSE,TRUE,TRUE,TRUE,TRUE,FALSE,FALSE,Yes,Yes,TRUE,FALSE,FALSE,FALSE,FALSE,FALSE,No,FALSE,FALSE,FALSE,TRUE,FALSE,100%,Base Drum,FALSE,FALSE,1,FALSE,587
,Nether Wart Block,nether_wart_block,1.10 16w20a,429,FALSE,FALSE,FALSE,Yes,Yes,FALSE,TRUE,TRUE,FALSE,Yes,No,Yes,FALSE,0,1,1,Hoe,0,TRUE,TRUE,TRUE,TRUE,No,FALSE,TRUE,TRUE,TRUE,TRUE,FALSE,FALSE,Yes,Yes,TRUE,FALSE,FALSE,FALSE,FALSE,FALSE,No,FALSE,FALSE,FALSE,TRUE,FALSE,100%,Harp,FALSE,FALSE,1,FALSE,588
,Crimson Fungus,crimson_fungus,1.16 20w06a,719,FALSE,FALSE,FALSE,Yes,Yes,FALSE,TRUE,TRUE,FALSE,No,Yes,No,TRUE,0,0,0,None,0,TRUE,TRUE,TRUE,TRUE,No,TRUE,FALSE,FALSE,TRUE,FALSE,FALSE,TRUE,No,No,FALSE,FALSE,TRUE,TRUE,FALSE,FALSE,Fully,FALSE,TRUE,TRUE,FALSE,FALSE,N/A,Harp,FALSE,FALSE,1,FALSE,589
,Crimson Roots,crimson_roots,1.16 20w06a,720,FALSE,FALSE,FALSE,Yes,Yes,FALSE,TRUE,TRUE,FALSE,No,Yes,No,TRUE,0,0,0,None,0,TRUE,TRUE,TRUE,TRUE,No,TRUE,FALSE,FALSE,TRUE,FALSE,FALSE,TRUE,No,No,FALSE,FALSE,TRUE,TRUE,FALSE,TRUE,Fully,FALSE,TRUE,TRUE,FALSE,FALSE,N/A,Harp,FALSE,FALSE,1,FALSE,590
,Weeping Vines,weeping_vines,1.16 20w06a,721,FALSE,FALSE,FALSE,Yes,Yes,FALSE,TRUE,TRUE,FALSE,No,Yes,No,TRUE,0,0,0,None,0,TRUE,TRUE,TRUE,TRUE,No,TRUE,FALSE,FALSE,TRUE,FALSE,FALSE,TRUE,No,No,FALSE,FALSE,TRUE,TRUE,FALSE,FALSE,Fully,FALSE,TRUE,TRUE,FALSE,FALSE,0%,Harp,FALSE,FALSE,1,TRUE,591
,Weeping Vines Plant,weeping_vines_plant,1.16 20w06a,722,FALSE,FALSE,FALSE,Yes,Yes,FALSE,FALSE,TRUE,FALSE,No,Yes,No,TRUE,0,0,0,None,0,TRUE,TRUE,TRUE,TRUE,No,TRUE,FALSE,FALSE,TRUE,FALSE,FALSE,TRUE,No,No,FALSE,FALSE,TRUE,TRUE,FALSE,FALSE,Fully,FALSE,TRUE,TRUE,FALSE,FALSE,0%,Harp,FALSE,FALSE,1,FALSE,592
,Basalt,basalt,1.16 20w06a,723,FALSE,FALSE,FALSE,Yes,Yes,FALSE,TRUE,TRUE,FALSE,Yes,No,Yes,FALSE,0,4.2,1.25,Pickaxe,0,FALSE,TRUE,TRUE,TRUE,No,FALSE,TRUE,TRUE,TRUE,TRUE,FALSE,FALSE,Yes,Yes,TRUE,FALSE,FALSE,FALSE,FALSE,FALSE,No,FALSE,FALSE,FALSE,TRUE,FALSE,100%,Base Drum,FALSE,FALSE,3,TRUE,593
,Polished Basalt,polished_basalt,1.16 20w12a,741,FALSE,FALSE,FALSE,Yes,Yes,TRUE,TRUE,TRUE,FALSE,Yes,No,Yes,FALSE,0,4.2,1.25,Pickaxe,0,FALSE,TRUE,TRUE,TRUE,No,FALSE,TRUE,TRUE,TRUE,TRUE,FALSE,FALSE,Yes,Yes,TRUE,FALSE,FALSE,FALSE,FALSE,FALSE,No,FALSE,FALSE,FALSE,TRUE,FALSE,100%,Base Drum,FALSE,FALSE,3,TRUE,594
,Smooth Basalt,smooth_basalt,1.17 21w08a,882,FALSE,FALSE,FALSE,Yes,Yes,TRUE,TRUE,TRUE,FALSE,Yes,No,Yes,FALSE,0,4.2,1.25,Pickaxe,0,FALSE,TRUE,TRUE,TRUE,No,FALSE,TRUE,TRUE,TRUE,TRUE,FALSE,FALSE,Yes,Yes,TRUE,FALSE,FALSE,FALSE,FALSE,FALSE,No,FALSE,FALSE,FALSE,TRUE,FALSE,100%,Base Drum,FALSE,FALSE,1,FALSE,595
,Soul Sand,soul_sand,Alpha v1.2.0 Preview,86,FALSE,FALSE,FALSE,Yes,Yes,TRUE,TRUE,TRUE,FALSE,Yes,No,No,TRUE,0,0.5,0.5,Shovel,0,TRUE,TRUE,TRUE,TRUE,No,FALSE,TRUE,FALSE,TRUE,TRUE,FALSE,FALSE,Yes,Yes,TRUE,FALSE,FALSE,FALSE,FALSE,FALSE,No,FALSE,FALSE,FALSE,TRUE,FALSE,100%,Cow Bell,FALSE,FALSE,1,FALSE,596
,Soul Soil,soul_soil,1.16 20w06a,724,FALSE,FALSE,FALSE,Yes,Yes,TRUE,TRUE,TRUE,FALSE,Yes,No,Yes,FALSE,0,0.5,0.5,Shovel,0,TRUE,TRUE,TRUE,TRUE,No,FALSE,TRUE,TRUE,TRUE,TRUE,FALSE,FALSE,Yes,Yes,TRUE,FALSE,FALSE,FALSE,FALSE,FALSE,No,FALSE,FALSE,FALSE,TRUE,FALSE,100%,Harp,FALSE,FALSE,1,FALSE,597
,Blackstone,blackstone,1.16 20w15a,747,FALSE,FALSE,FALSE,Yes,Yes,TRUE,TRUE,TRUE,FALSE,Yes,No,Yes,FALSE,0,6,1.5,Pickaxe,0,FALSE,TRUE,TRUE,TRUE,No,FALSE,TRUE,TRUE,TRUE,TRUE,FALSE,FALSE,Yes,Yes,TRUE,FALSE,FALSE,FALSE,FALSE,FALSE,No,FALSE,FALSE,FALSE,TRUE,FALSE,100%,Base Drum,FALSE,FALSE,1,FALSE,598
,Blackstone Slab,blackstone_slab,1.16 20w15a,748,FALSE,FALSE,FALSE,Yes,Yes,TRUE,TRUE,TRUE,FALSE,Depends,Depends,Depends,TRUE,0,6,2,Pickaxe,0,FALSE,TRUE,TRUE,FALSE,Yes,FALSE,TRUE,TRUE,TRUE,TRUE,FALSE,FALSE,Depends,Depends,TRUE,FALSE,FALSE,FALSE,FALSE,FALSE,Directional,FALSE,TRUE,TRUE,TRUE,FALSE,100%,Base Drum,FALSE,FALSE,2,TRUE,599
,Blackstone Stairs,blackstone_stairs,1.16 20w15a,749,FALSE,FALSE,FALSE,Yes,Yes,TRUE,TRUE,TRUE,FALSE,Depends,Depends,Depends,TRUE,0,6,1.5,Pickaxe,0,FALSE,TRUE,TRUE,TRUE,Yes,FALSE,TRUE,FALSE,TRUE,FALSE,FALSE,FALSE,No,No,FALSE,FALSE,FALSE,FALSE,FALSE,FALSE,Directional,FALSE,TRUE,TRUE,TRUE,FALSE,100%,Base Drum,FALSE,FALSE,8,TRUE,600
,Blackstone Wall,blackstone_wall,1.16 20w15a,750,FALSE,FALSE,FALSE,Yes,Yes,TRUE,TRUE,TRUE,FALSE,No,No,No,TRUE,0,6,1.5,Pickaxe,0,FALSE,TRUE,TRUE,TRUE,Yes,FALSE,TRUE,FALSE,TRUE,FALSE,FALSE,FALSE,No,No,FALSE,FALSE,FALSE,FALSE,FALSE,FALSE,Fully,FALSE,TRUE,TRUE,TRUE,FALSE,100%,Base Drum,FALSE,FALSE,1,TRUE,601
,Polished Blackstone,polished_blackstone,1.16 20w15a,751,FALSE,FALSE,FALSE,Yes,Yes,TRUE,TRUE,TRUE,FALSE,Yes,No,Yes,FALSE,0,6,2,Pickaxe,0,FALSE,TRUE,TRUE,FALSE,No,FALSE,TRUE,TRUE,TRUE,TRUE,FALSE,FALSE,Yes,Yes,TRUE,FALSE,FALSE,FALSE,FALSE,FALSE,No,FALSE,FALSE,FALSE,TRUE,FALSE,100%,Base Drum,FALSE,FALSE,1,FALSE,602
,Polished Blackstone Slab,polished_blackstone_slab,1.16 20w15a,752,FALSE,FALSE,FALSE,Yes,Yes,TRUE,TRUE,TRUE,FALSE,Depends,Depends,Depends,TRUE,0,6,2,Pickaxe,0,FALSE,TRUE,TRUE,FALSE,Yes,FALSE,TRUE,TRUE,TRUE,TRUE,FALSE,FALSE,Depends,Depends,TRUE,FALSE,FALSE,FALSE,FALSE,FALSE,Directional,FALSE,TRUE,TRUE,TRUE,FALSE,100%,Base Drum,FALSE,FALSE,2,TRUE,603
,Polished Blackstone Stairs,polished_blackstone_stairs,1.16 20w15a,753,FALSE,FALSE,FALSE,Yes,Yes,TRUE,TRUE,TRUE,FALSE,Depends,Depends,Depends,TRUE,0,6,2,Pickaxe,0,FALSE,TRUE,TRUE,FALSE,Yes,FALSE,TRUE,FALSE,TRUE,FALSE,FALSE,FALSE,No,No,FALSE,FALSE,FALSE,FALSE,FALSE,FALSE,Directional,FALSE,TRUE,TRUE,TRUE,FALSE,100%,Base Drum,FALSE,FALSE,8,TRUE,604
,Polished Blackstone Wall,polished_blackstone_wall,1.16 20w15a,754,FALSE,FALSE,FALSE,Yes,Yes,TRUE,TRUE,TRUE,FALSE,No,No,No,TRUE,0,6,2,Pickaxe,0,FALSE,TRUE,TRUE,FALSE,Yes,FALSE,TRUE,FALSE,TRUE,FALSE,FALSE,FALSE,No,No,FALSE,FALSE,FALSE,FALSE,FALSE,FALSE,Fully,FALSE,TRUE,TRUE,TRUE,FALSE,100%,Base Drum,FALSE,FALSE,1,TRUE,605
,Polished Blackstone Bricks,polished_blackstone_bricks,1.16 20w15a,755,FALSE,FALSE,FALSE,Yes,Yes,TRUE,TRUE,TRUE,FALSE,Yes,No,Yes,FALSE,0,6,1.5,Pickaxe,0,FALSE,TRUE,TRUE,TRUE,No,FALSE,TRUE,TRUE,TRUE,TRUE,FALSE,FALSE,Yes,Yes,TRUE,FALSE,FALSE,FALSE,FALSE,FALSE,No,FALSE,FALSE,FALSE,TRUE,FALSE,100%,Base Drum,FALSE,FALSE,1,FALSE,606
,Polished Blackstone Brick Slab,polished_blackstone_brick_slab,1.16 20w15a,756,FALSE,FALSE,FALSE,Yes,Yes,TRUE,TRUE,TRUE,FALSE,Depends,Depends,Depends,TRUE,0,6,2,Pickaxe,0,FALSE,TRUE,TRUE,FALSE,Yes,FALSE,TRUE,TRUE,TRUE,TRUE,FALSE,FALSE,Depends,Depends,TRUE,FALSE,FALSE,FALSE,FALSE,FALSE,Directional,FALSE,TRUE,TRUE,TRUE,FALSE,100%,Base Drum,FALSE,FALSE,2,TRUE,607
,Polished Blackstone Brick Stairs,polished_blackstone_brick_stairs,1.16 20w15a,757,FALSE,FALSE,FALSE,Yes,Yes,TRUE,TRUE,TRUE,FALSE,Depends,Depends,Depends,TRUE,0,6,1.5,Pickaxe,0,FALSE,TRUE,TRUE,TRUE,Yes,FALSE,TRUE,FALSE,TRUE,FALSE,FALSE,FALSE,No,No,FALSE,FALSE,FALSE,FALSE,FALSE,FALSE,Directional,FALSE,TRUE,TRUE,TRUE,FALSE,100%,Base Drum,FALSE,FALSE,8,TRUE,608
,Polished Blackstone Brick Wall,polished_blackstone_brick_wall,1.16 20w15a,758,FALSE,FALSE,FALSE,Yes,Yes,TRUE,TRUE,TRUE,FALSE,No,No,No,TRUE,0,6,1.5,Pickaxe,0,FALSE,TRUE,TRUE,TRUE,Yes,FALSE,TRUE,FALSE,TRUE,FALSE,FALSE,FALSE,No,No,FALSE,FALSE,FALSE,FALSE,FALSE,FALSE,Fully,FALSE,TRUE,TRUE,TRUE,FALSE,100%,Base Drum,FALSE,FALSE,1,TRUE,609
,Cracked Polished Blackstone Bricks,cracked_polished_blackstone_bricks,1.16 20w15a,759,FALSE,FALSE,FALSE,Yes,Yes,TRUE,TRUE,TRUE,FALSE,Yes,No,Yes,FALSE,0,6,1.5,Pickaxe,0,FALSE,TRUE,TRUE,TRUE,No,FALSE,TRUE,TRUE,TRUE,TRUE,FALSE,FALSE,Yes,Yes,TRUE,FALSE,FALSE,FALSE,FALSE,FALSE,No,FALSE,FALSE,FALSE,TRUE,FALSE,100%,Base Drum,FALSE,FALSE,1,FALSE,610
,Chiseled Polished Blackstone,chiseled_polished_blackstone,1.16 20w15a,760,FALSE,FALSE,FALSE,Yes,Yes,TRUE,TRUE,TRUE,FALSE,Yes,No,Yes,FALSE,0,6,1.5,Pickaxe,0,FALSE,TRUE,TRUE,TRUE,No,FALSE,TRUE,TRUE,TRUE,TRUE,FALSE,FALSE,Yes,Yes,TRUE,FALSE,FALSE,FALSE,FALSE,FALSE,No,FALSE,FALSE,FALSE,TRUE,FALSE,100%,Base Drum,FALSE,FALSE,1,FALSE,611
,Polished Blackstone Pressure Plate,polished_blackstone_pressure_plate,1.16 20w15a,761,FALSE,FALSE,FALSE,Yes,Yes,TRUE,TRUE,TRUE,FALSE,No,No,No,FALSE,0,0.5,0.5,Pickaxe,0,TRUE,TRUE,TRUE,TRUE,No,FALSE,FALSE,FALSE,TRUE,FALSE,FALSE,TRUE,No,No,FALSE,FALSE,TRUE,TRUE,FALSE,FALSE,Fully,FALSE,TRUE,TRUE,TRUE,FALSE,N/A,Base Drum,FALSE,FALSE,1,TRUE,612
,Polished Blackstone Button,polished_blackstone_button,1.16 20w15a,762,FALSE,FALSE,FALSE,Yes,Yes,TRUE,TRUE,TRUE,FALSE,No,No,No,FALSE,0,0.5,0.5,Pickaxe,0,TRUE,TRUE,TRUE,TRUE,No,TRUE,FALSE,FALSE,TRUE,FALSE,FALSE,TRUE,No,No,FALSE,FALSE,TRUE,TRUE,FALSE,FALSE,Fully,FALSE,TRUE,TRUE,FALSE,FALSE,N/A,Harp,FALSE,FALSE,12,TRUE,613
,Gilded Blackstone,gilded_blackstone,1.16 20w15a,763,FALSE,FALSE,FALSE,No,No,FALSE,TRUE,TRUE,FALSE,Yes,No,Yes,FALSE,0,6,1.5,Pickaxe,0,FALSE,TRUE,TRUE,TRUE,No,FALSE,TRUE,TRUE,TRUE,TRUE,FALSE,FALSE,Yes,Yes,TRUE,FALSE,FALSE,FALSE,FALSE,FALSE,No,FALSE,FALSE,FALSE,TRUE,FALSE,100%,Base Drum,FALSE,FALSE,1,FALSE,614
,Obsidian,obsidian,Classic 0.28,47,FALSE,FALSE,FALSE,Yes,Yes,FALSE,TRUE,TRUE,FALSE,Yes,No,Yes,FALSE,0,1200,50,Pickaxe,3,FALSE,TRUE,TRUE,FALSE,No,FALSE,TRUE,TRUE,TRUE,TRUE,TRUE,FALSE,Yes,Yes,TRUE,FALSE,FALSE,FALSE,FALSE,FALSE,No,FALSE,FALSE,FALSE,TRUE,FALSE,100%,Base Drum,FALSE,FALSE,1,FALSE,615
,Crying Obsidian,crying_obsidian,1.16 20w09a,728,FALSE,FALSE,FALSE,Yes,Yes,TRUE,TRUE,TRUE,FALSE,Yes,No,Yes,FALSE,10,1200,50,Pickaxe,3,FALSE,TRUE,TRUE,FALSE,No,FALSE,TRUE,TRUE,TRUE,TRUE,TRUE,FALSE,Yes,Yes,TRUE,FALSE,FALSE,FALSE,FALSE,FALSE,No,FALSE,FALSE,FALSE,TRUE,FALSE,100%,Base Drum,FALSE,FALSE,1,FALSE,616
,End Stone,end_stone,1.0.0 Beta 1.9 Prerelease 4,152,FALSE,FALSE,FALSE,Yes,No,FALSE,TRUE,TRUE,FALSE,Yes,No,Yes,FALSE,0,9,3,Pickaxe,0,FALSE,TRUE,TRUE,FALSE,No,FALSE,TRUE,TRUE,TRUE,TRUE,FALSE,FALSE,Yes,Yes,TRUE,FALSE,FALSE,FALSE,FALSE,FALSE,No,FALSE,FALSE,FALSE,TRUE,FALSE,100%,Base Drum,FALSE,FALSE,1,FALSE,617
,End Stone Bricks,end_stone_bricks,1.9 15w31a,411,FALSE,FALSE,FALSE,Yes,No,FALSE,TRUE,TRUE,FALSE,Yes,No,Yes,FALSE,0,9,3,Pickaxe,0,FALSE,TRUE,TRUE,FALSE,No,FALSE,TRUE,TRUE,TRUE,TRUE,FALSE,FALSE,Yes,Yes,TRUE,FALSE,FALSE,FALSE,FALSE,FALSE,No,FALSE,FALSE,FALSE,TRUE,FALSE,100%,Base Drum,FALSE,FALSE,1,FALSE,618
,End Stone Brick Slab,end_stone_brick_slab,1.14 18w43a,648,FALSE,FALSE,FALSE,Yes,No,FALSE,TRUE,TRUE,FALSE,Depends,Depends,Depends,TRUE,0,9,3,Pickaxe,0,FALSE,TRUE,TRUE,FALSE,Yes,FALSE,TRUE,TRUE,TRUE,TRUE,FALSE,FALSE,Depends,Depends,TRUE,FALSE,FALSE,FALSE,FALSE,FALSE,Directional,FALSE,TRUE,TRUE,TRUE,FALSE,100%,Base Drum,FALSE,FALSE,2,TRUE,619
,End Stone Brick Stairs,end_stone_brick_stairs,1.14 18w43a,649,FALSE,FALSE,FALSE,Yes,No,FALSE,TRUE,TRUE,FALSE,Depends,Depends,Depends,TRUE,0,9,3,Pickaxe,0,FALSE,TRUE,TRUE,FALSE,Yes,FALSE,TRUE,FALSE,TRUE,FALSE,FALSE,FALSE,No,No,FALSE,FALSE,FALSE,FALSE,FALSE,FALSE,Directional,FALSE,TRUE,TRUE,TRUE,FALSE,100%,Base Drum,FALSE,FALSE,8,TRUE,620
,End Stone Brick Wall,end_stone_brick_wall,1.14 18w43a,650,FALSE,FALSE,FALSE,Yes,No,FALSE,TRUE,TRUE,FALSE,No,No,No,TRUE,0,9,3,Pickaxe,0,FALSE,TRUE,TRUE,FALSE,Yes,FALSE,TRUE,FALSE,TRUE,FALSE,FALSE,FALSE,No,No,FALSE,FALSE,FALSE,FALSE,FALSE,FALSE,Fully,FALSE,TRUE,TRUE,TRUE,FALSE,100%,Base Drum,FALSE,FALSE,1,TRUE,621
,End Portal Frame,end_portal_frame,1.0.0 Beta 1.9 Prerelease 3,148,FALSE,FALSE,FALSE,No,No,FALSE,TRUE,TRUE,FALSE,No,No,No,TRUE,1,3600000,-1,None,0,FALSE,FALSE,FALSE,FALSE,No,FALSE,TRUE,FALSE,TRUE,FALSE,TRUE,FALSE,No,No,FALSE,FALSE,FALSE,FALSE,FALSE,FALSE,Directional,FALSE,TRUE,TRUE,TRUE,FALSE,100%,Base Drum,FALSE,FALSE,2,TRUE,622
,End Portal,end_portal,1.0.0 Beta 1.9 Prerelease 3,149,FALSE,FALSE,FALSE,Yes,No,FALSE,FALSE,FALSE,TRUE,No,No,No,FALSE,15,3600000,-1,None,0,FALSE,FALSE,FALSE,FALSE,No,FALSE,FALSE,FALSE,TRUE,FALSE,TRUE,FALSE,No,No,FALSE,FALSE,FALSE,FALSE,FALSE,FALSE,Fully,FALSE,TRUE,TRUE,FALSE,FALSE,N/A,Harp,FALSE,FALSE,1,FALSE,623
,End Gateway,end_gateway,1.9 15w31a,412,FALSE,FALSE,FALSE,No,No,FALSE,FALSE,FALSE,TRUE,No,No,No,FALSE,15,3600000,-1,None,0,FALSE,FALSE,FALSE,FALSE,No,FALSE,FALSE,FALSE,TRUE,TRUE,TRUE,FALSE,No,No,FALSE,FALSE,FALSE,FALSE,FALSE,FALSE,Fully,TRUE,TRUE,TRUE,FALSE,FALSE,N/A,Harp,FALSE,FALSE,1,FALSE,624
,Chorus Flower,chorus_flower,1.9 15w31a,413,FALSE,FALSE,FALSE,Yes,Yes,TRUE,TRUE,TRUE,FALSE,No,No,Yes,FALSE,0,0.4,0.4,Axe,0,TRUE,TRUE,TRUE,TRUE,No,FALSE,TRUE,FALSE,TRUE,FALSE,FALSE,TRUE,No,No,FALSE,FALSE,TRUE,TRUE,FALSE,FALSE,Fully,TRUE,TRUE,TRUE,FALSE,FALSE,100%,Harp,FALSE,FALSE,1,TRUE,625
,Chorus Plant,chorus_plant,1.9 15w31a,414,FALSE,FALSE,FALSE,Yes,Yes,TRUE,TRUE,TRUE,FALSE,No,No,No,FALSE,0,0.4,0.4,Axe,0,TRUE,TRUE,TRUE,TRUE,No,TRUE,TRUE,FALSE,TRUE,FALSE,FALSE,TRUE,No,No,FALSE,FALSE,TRUE,TRUE,FALSE,FALSE,Fully,TRUE,TRUE,TRUE,FALSE,FALSE,100%,Harp,FALSE,FALSE,1,TRUE,626
,Purpur Block,purpur_block,1.9 15w31a,415,FALSE,FALSE,FALSE,Yes,Yes,TRUE,TRUE,TRUE,FALSE,Yes,No,Yes,FALSE,0,6,1.5,Pickaxe,0,FALSE,TRUE,TRUE,TRUE,No,FALSE,TRUE,TRUE,TRUE,TRUE,FALSE,FALSE,Yes,Yes,TRUE,FALSE,FALSE,FALSE,FALSE,FALSE,No,FALSE,FALSE,FALSE,TRUE,FALSE,100%,Base Drum,FALSE,FALSE,1,FALSE,627
,Purpur Slab,purpur_slab,1.9 15w31a,416,FALSE,FALSE,FALSE,Yes,Yes,TRUE,TRUE,TRUE,FALSE,Depends,Depends,Depends,TRUE,0,6,2,Pickaxe,0,FALSE,TRUE,TRUE,FALSE,Yes,FALSE,TRUE,TRUE,TRUE,TRUE,FALSE,FALSE,Depends,Depends,TRUE,FALSE,FALSE,FALSE,FALSE,FALSE,Directional,FALSE,TRUE,TRUE,TRUE,FALSE,100%,Base Drum,FALSE,FALSE,2,TRUE,628
,Purpur Stairs,purpur_stairs,1.9 15w31a,417,FALSE,FALSE,FALSE,Yes,Yes,TRUE,TRUE,TRUE,FALSE,Depends,Depends,Depends,TRUE,0,6,1.5,Pickaxe,0,FALSE,TRUE,TRUE,TRUE,Yes,FALSE,TRUE,FALSE,TRUE,FALSE,FALSE,FALSE,No,No,FALSE,FALSE,FALSE,FALSE,FALSE,FALSE,Directional,FALSE,TRUE,TRUE,TRUE,FALSE,100%,Base Drum,FALSE,FALSE,8,TRUE,629
,Purpur Pillar,purpur_pillar,1.9 15w31a,418,FALSE,FALSE,FALSE,Yes,Yes,TRUE,TRUE,TRUE,FALSE,Yes,No,Yes,FALSE,0,6,1.5,Pickaxe,0,FALSE,TRUE,TRUE,TRUE,No,FALSE,TRUE,TRUE,TRUE,TRUE,FALSE,FALSE,Yes,Yes,TRUE,FALSE,FALSE,FALSE,FALSE,FALSE,No,FALSE,FALSE,FALSE,TRUE,FALSE,100%,Base Drum,FALSE,FALSE,3,TRUE,630
,White Wool,white_wool,Classic 0.0.20a,21,FALSE,FALSE,FALSE,Yes,Yes,TRUE,TRUE,TRUE,FALSE,Yes,No,Yes,FALSE,0,0.8,0.8,Shears,0,TRUE,TRUE,TRUE,TRUE,No,FALSE,TRUE,TRUE,TRUE,TRUE,FALSE,FALSE,Yes,Yes,TRUE,FALSE,FALSE,FALSE,TRUE,TRUE,No,FALSE,FALSE,FALSE,TRUE,FALSE,100%,Guitar,FALSE,FALSE,1,FALSE,631
,Light Gray Wool,light_gray_wool,Classic 0.0.20a,22,FALSE,FALSE,FALSE,Yes,Yes,TRUE,TRUE,TRUE,FALSE,Yes,No,Yes,FALSE,0,0.8,0.8,Shears,0,TRUE,TRUE,TRUE,TRUE,No,FALSE,TRUE,TRUE,TRUE,TRUE,FALSE,FALSE,Yes,Yes,TRUE,FALSE,FALSE,FALSE,TRUE,TRUE,No,FALSE,FALSE,FALSE,TRUE,FALSE,100%,Guitar,FALSE,FALSE,1,FALSE,632
,Gray Wool,gray_wool,Classic 0.0.20a,23,FALSE,FALSE,FALSE,Yes,Yes,TRUE,TRUE,TRUE,FALSE,Yes,No,Yes,FALSE,0,0.8,0.8,Shears,0,TRUE,TRUE,TRUE,TRUE,No,FALSE,TRUE,TRUE,TRUE,TRUE,FALSE,FALSE,Yes,Yes,TRUE,FALSE,FALSE,FALSE,TRUE,TRUE,No,FALSE,FALSE,FALSE,TRUE,FALSE,100%,Guitar,FALSE,FALSE,1,FALSE,633
,Black Wool,black_wool,Classic 0.0.20a,24,FALSE,FALSE,FALSE,Yes,Yes,TRUE,TRUE,TRUE,FALSE,Yes,No,Yes,FALSE,0,0.8,0.8,Shears,0,TRUE,TRUE,TRUE,TRUE,No,FALSE,TRUE,TRUE,TRUE,TRUE,FALSE,FALSE,Yes,Yes,TRUE,FALSE,FALSE,FALSE,TRUE,TRUE,No,FALSE,FALSE,FALSE,TRUE,FALSE,100%,Guitar,FALSE,FALSE,1,FALSE,634
,Brown Wool,brown_wool,Classic 0.0.20a,25,FALSE,FALSE,FALSE,Yes,Yes,TRUE,TRUE,TRUE,FALSE,Yes,No,Yes,FALSE,0,0.8,0.8,Shears,0,TRUE,TRUE,TRUE,TRUE,No,FALSE,TRUE,TRUE,TRUE,TRUE,FALSE,FALSE,Yes,Yes,TRUE,FALSE,FALSE,FALSE,TRUE,TRUE,No,FALSE,FALSE,FALSE,TRUE,FALSE,100%,Guitar,FALSE,FALSE,1,FALSE,635
,Red Wool,red_wool,Classic 0.0.20a,26,FALSE,FALSE,FALSE,Yes,Yes,TRUE,TRUE,TRUE,FALSE,Yes,No,Yes,FALSE,0,0.8,0.8,Shears,0,TRUE,TRUE,TRUE,TRUE,No,FALSE,TRUE,TRUE,TRUE,TRUE,FALSE,FALSE,Yes,Yes,TRUE,FALSE,FALSE,FALSE,TRUE,TRUE,No,FALSE,FALSE,FALSE,TRUE,FALSE,100%,Guitar,FALSE,FALSE,1,FALSE,636
,Orange Wool,orange_wool,Classic 0.0.20a,27,FALSE,FALSE,FALSE,Yes,Yes,TRUE,TRUE,TRUE,FALSE,Yes,No,Yes,FALSE,0,0.8,0.8,Shears,0,TRUE,TRUE,TRUE,TRUE,No,FALSE,TRUE,TRUE,TRUE,TRUE,FALSE,FALSE,Yes,Yes,TRUE,FALSE,FALSE,FALSE,TRUE,TRUE,No,FALSE,FALSE,FALSE,TRUE,FALSE,100%,Guitar,FALSE,FALSE,1,FALSE,637
,Yellow Wool,yellow_wool,Classic 0.0.20a,28,FALSE,FALSE,FALSE,Yes,Yes,TRUE,TRUE,TRUE,FALSE,Yes,No,Yes,FALSE,0,0.8,0.8,Shears,0,TRUE,TRUE,TRUE,TRUE,No,FALSE,TRUE,TRUE,TRUE,TRUE,FALSE,FALSE,Yes,Yes,TRUE,FALSE,FALSE,FALSE,TRUE,TRUE,No,FALSE,FALSE,FALSE,TRUE,FALSE,100%,Guitar,FALSE,FALSE,1,FALSE,638
,Lime Wool,lime_wool,Classic 0.0.20a,29,FALSE,FALSE,FALSE,Yes,Yes,TRUE,TRUE,TRUE,FALSE,Yes,No,Yes,FALSE,0,0.8,0.8,Shears,0,TRUE,TRUE,TRUE,TRUE,No,FALSE,TRUE,TRUE,TRUE,TRUE,FALSE,FALSE,Yes,Yes,TRUE,FALSE,FALSE,FALSE,TRUE,TRUE,No,FALSE,FALSE,FALSE,TRUE,FALSE,100%,Guitar,FALSE,FALSE,1,FALSE,639
,Green Wool,green_wool,Classic 0.0.20a,30,FALSE,FALSE,FALSE,Yes,Yes,TRUE,TRUE,TRUE,FALSE,Yes,No,Yes,FALSE,0,0.8,0.8,Shears,0,TRUE,TRUE,TRUE,TRUE,No,FALSE,TRUE,TRUE,TRUE,TRUE,FALSE,FALSE,Yes,Yes,TRUE,FALSE,FALSE,FALSE,TRUE,TRUE,No,FALSE,FALSE,FALSE,TRUE,FALSE,100%,Guitar,FALSE,FALSE,1,FALSE,640
,Cyan Wool,cyan_wool,Classic 0.0.20a,31,FALSE,FALSE,FALSE,Yes,Yes,TRUE,TRUE,TRUE,FALSE,Yes,No,Yes,FALSE,0,0.8,0.8,Shears,0,TRUE,TRUE,TRUE,TRUE,No,FALSE,TRUE,TRUE,TRUE,TRUE,FALSE,FALSE,Yes,Yes,TRUE,FALSE,FALSE,FALSE,TRUE,TRUE,No,FALSE,FALSE,FALSE,TRUE,FALSE,100%,Guitar,FALSE,FALSE,1,FALSE,641
,Light Blue Wool,light_blue_wool,Classic 0.0.20a,32,FALSE,FALSE,FALSE,Yes,Yes,TRUE,TRUE,TRUE,FALSE,Yes,No,Yes,FALSE,0,0.8,0.8,Shears,0,TRUE,TRUE,TRUE,TRUE,No,FALSE,TRUE,TRUE,TRUE,TRUE,FALSE,FALSE,Yes,Yes,TRUE,FALSE,FALSE,FALSE,TRUE,TRUE,No,FALSE,FALSE,FALSE,TRUE,FALSE,100%,Guitar,FALSE,FALSE,1,FALSE,642
,Blue Wool,blue_wool,Classic 0.0.20a,33,FALSE,FALSE,FALSE,Yes,Yes,TRUE,TRUE,TRUE,FALSE,Yes,No,Yes,FALSE,0,0.8,0.8,Shears,0,TRUE,TRUE,TRUE,TRUE,No,FALSE,TRUE,TRUE,TRUE,TRUE,FALSE,FALSE,Yes,Yes,TRUE,FALSE,FALSE,FALSE,TRUE,TRUE,No,FALSE,FALSE,FALSE,TRUE,FALSE,100%,Guitar,FALSE,FALSE,1,FALSE,643
,Purple Wool,purple_wool,Classic 0.0.20a,34,FALSE,FALSE,FALSE,Yes,Yes,TRUE,TRUE,TRUE,FALSE,Yes,No,Yes,FALSE,0,0.8,0.8,Shears,0,TRUE,TRUE,TRUE,TRUE,No,FALSE,TRUE,TRUE,TRUE,TRUE,FALSE,FALSE,Yes,Yes,TRUE,FALSE,FALSE,FALSE,TRUE,TRUE,No,FALSE,FALSE,FALSE,TRUE,FALSE,100%,Guitar,FALSE,FALSE,1,FALSE,644
,Magenta Wool,magenta_wool,Classic 0.0.20a,35,FALSE,FALSE,FALSE,Yes,Yes,TRUE,TRUE,TRUE,FALSE,Yes,No,Yes,FALSE,0,0.8,0.8,Shears,0,TRUE,TRUE,TRUE,TRUE,No,FALSE,TRUE,TRUE,TRUE,TRUE,FALSE,FALSE,Yes,Yes,TRUE,FALSE,FALSE,FALSE,TRUE,TRUE,No,FALSE,FALSE,FALSE,TRUE,FALSE,100%,Guitar,FALSE,FALSE,1,FALSE,645
,Pink Wool,pink_wool,Classic 0.0.20a,36,FALSE,FALSE,FALSE,Yes,Yes,TRUE,TRUE,TRUE,FALSE,Yes,No,Yes,FALSE,0,0.8,0.8,Shears,0,TRUE,TRUE,TRUE,TRUE,No,FALSE,TRUE,TRUE,TRUE,TRUE,FALSE,FALSE,Yes,Yes,TRUE,FALSE,FALSE,FALSE,TRUE,TRUE,No,FALSE,FALSE,FALSE,TRUE,FALSE,100%,Guitar,FALSE,FALSE,1,FALSE,646
,White Carpet,white_carpet,1.6.1 13w16a,231,FALSE,FALSE,FALSE,Yes,Yes,TRUE,TRUE,TRUE,FALSE,No,No,No,TRUE,0,0.1,0.1,None,0,TRUE,TRUE,TRUE,FALSE,No,TRUE,TRUE,FALSE,TRUE,FALSE,FALSE,TRUE,No,No,FALSE,FALSE,TRUE,TRUE,TRUE,TRUE,Fully,FALSE,TRUE,TRUE,FALSE,FALSE,100%,Harp,FALSE,FALSE,1,FALSE,647
,Light Gray Carpet,light_gray_carpet,1.6.1 13w16a,232,FALSE,FALSE,FALSE,Yes,Yes,TRUE,TRUE,TRUE,FALSE,No,No,No,TRUE,0,0.1,0.1,None,0,TRUE,TRUE,TRUE,FALSE,No,TRUE,TRUE,FALSE,TRUE,FALSE,FALSE,TRUE,No,No,FALSE,FALSE,TRUE,TRUE,TRUE,TRUE,Fully,FALSE,TRUE,TRUE,FALSE,FALSE,100%,Harp,FALSE,FALSE,1,FALSE,648
,Gray Carpet,gray_carpet,1.6.1 13w16a,233,FALSE,FALSE,FALSE,Yes,Yes,TRUE,TRUE,TRUE,FALSE,No,No,No,TRUE,0,0.1,0.1,None,0,TRUE,TRUE,TRUE,FALSE,No,TRUE,TRUE,FALSE,TRUE,FALSE,FALSE,TRUE,No,No,FALSE,FALSE,TRUE,TRUE,TRUE,TRUE,Fully,FALSE,TRUE,TRUE,FALSE,FALSE,100%,Harp,FALSE,FALSE,1,FALSE,649
,Black Carpet,black_carpet,1.6.1 13w16a,234,FALSE,FALSE,FALSE,Yes,Yes,TRUE,TRUE,TRUE,FALSE,No,No,No,TRUE,0,0.1,0.1,None,0,TRUE,TRUE,TRUE,FALSE,No,TRUE,TRUE,FALSE,TRUE,FALSE,FALSE,TRUE,No,No,FALSE,FALSE,TRUE,TRUE,TRUE,TRUE,Fully,FALSE,TRUE,TRUE,FALSE,FALSE,100%,Harp,FALSE,FALSE,1,FALSE,650
,Brown Carpet,brown_carpet,1.6.1 13w16a,235,FALSE,FALSE,FALSE,Yes,Yes,TRUE,TRUE,TRUE,FALSE,No,No,No,TRUE,0,0.1,0.1,None,0,TRUE,TRUE,TRUE,FALSE,No,TRUE,TRUE,FALSE,TRUE,FALSE,FALSE,TRUE,No,No,FALSE,FALSE,TRUE,TRUE,TRUE,TRUE,Fully,FALSE,TRUE,TRUE,FALSE,FALSE,100%,Harp,FALSE,FALSE,1,FALSE,651
,Red Carpet,red_carpet,1.6.1 13w16a,236,FALSE,FALSE,FALSE,Yes,Yes,TRUE,TRUE,TRUE,FALSE,No,No,No,TRUE,0,0.1,0.1,None,0,TRUE,TRUE,TRUE,FALSE,No,TRUE,TRUE,FALSE,TRUE,FALSE,FALSE,TRUE,No,No,FALSE,FALSE,TRUE,TRUE,TRUE,TRUE,Fully,FALSE,TRUE,TRUE,FALSE,FALSE,100%,Harp,FALSE,FALSE,1,FALSE,652
,Orange Carpet,orange_carpet,1.6.1 13w16a,237,FALSE,FALSE,FALSE,Yes,Yes,TRUE,TRUE,TRUE,FALSE,No,No,No,TRUE,0,0.1,0.1,None,0,TRUE,TRUE,TRUE,FALSE,No,TRUE,TRUE,FALSE,TRUE,FALSE,FALSE,TRUE,No,No,FALSE,FALSE,TRUE,TRUE,TRUE,TRUE,Fully,FALSE,TRUE,TRUE,FALSE,FALSE,100%,Harp,FALSE,FALSE,1,FALSE,653
,Yellow Carpet,yellow_carpet,1.6.1 13w16a,238,FALSE,FALSE,FALSE,Yes,Yes,TRUE,TRUE,TRUE,FALSE,No,No,No,TRUE,0,0.1,0.1,None,0,TRUE,TRUE,TRUE,FALSE,No,TRUE,TRUE,FALSE,TRUE,FALSE,FALSE,TRUE,No,No,FALSE,FALSE,TRUE,TRUE,TRUE,TRUE,Fully,FALSE,TRUE,TRUE,FALSE,FALSE,100%,Harp,FALSE,FALSE,1,FALSE,654
,Lime Carpet,lime_carpet,1.6.1 13w16a,239,FALSE,FALSE,FALSE,Yes,Yes,TRUE,TRUE,TRUE,FALSE,No,No,No,TRUE,0,0.1,0.1,None,0,TRUE,TRUE,TRUE,FALSE,No,TRUE,TRUE,FALSE,TRUE,FALSE,FALSE,TRUE,No,No,FALSE,FALSE,TRUE,TRUE,TRUE,TRUE,Fully,FALSE,TRUE,TRUE,FALSE,FALSE,100%,Harp,FALSE,FALSE,1,FALSE,655
,Green Carpet,green_carpet,1.6.1 13w16a,240,FALSE,FALSE,FALSE,Yes,Yes,TRUE,TRUE,TRUE,FALSE,No,No,No,TRUE,0,0.1,0.1,None,0,TRUE,TRUE,TRUE,FALSE,No,TRUE,TRUE,FALSE,TRUE,FALSE,FALSE,TRUE,No,No,FALSE,FALSE,TRUE,TRUE,TRUE,TRUE,Fully,FALSE,TRUE,TRUE,FALSE,FALSE,100%,Harp,FALSE,FALSE,1,FALSE,656
,Cyan Carpet,cyan_carpet,1.6.1 13w16a,241,FALSE,FALSE,FALSE,Yes,Yes,TRUE,TRUE,TRUE,FALSE,No,No,No,TRUE,0,0.1,0.1,None,0,TRUE,TRUE,TRUE,FALSE,No,TRUE,TRUE,FALSE,TRUE,FALSE,FALSE,TRUE,No,No,FALSE,FALSE,TRUE,TRUE,TRUE,TRUE,Fully,FALSE,TRUE,TRUE,FALSE,FALSE,100%,Harp,FALSE,FALSE,1,FALSE,657
,Light Blue Carpet,light_blue_carpet,1.6.1 13w16a,242,FALSE,FALSE,FALSE,Yes,Yes,TRUE,TRUE,TRUE,FALSE,No,No,No,TRUE,0,0.1,0.1,None,0,TRUE,TRUE,TRUE,FALSE,No,TRUE,TRUE,FALSE,TRUE,FALSE,FALSE,TRUE,No,No,FALSE,FALSE,TRUE,TRUE,TRUE,TRUE,Fully,FALSE,TRUE,TRUE,FALSE,FALSE,100%,Harp,FALSE,FALSE,1,FALSE,658
,Blue Carpet,blue_carpet,1.6.1 13w16a,243,FALSE,FALSE,FALSE,Yes,Yes,TRUE,TRUE,TRUE,FALSE,No,No,No,TRUE,0,0.1,0.1,None,0,TRUE,TRUE,TRUE,FALSE,No,TRUE,TRUE,FALSE,TRUE,FALSE,FALSE,TRUE,No,No,FALSE,FALSE,TRUE,TRUE,TRUE,TRUE,Fully,FALSE,TRUE,TRUE,FALSE,FALSE,100%,Harp,FALSE,FALSE,1,FALSE,659
,Purple Carpet,purple_carpet,1.6.1 13w16a,244,FALSE,FALSE,FALSE,Yes,Yes,TRUE,TRUE,TRUE,FALSE,No,No,No,TRUE,0,0.1,0.1,None,0,TRUE,TRUE,TRUE,FALSE,No,TRUE,TRUE,FALSE,TRUE,FALSE,FALSE,TRUE,No,No,FALSE,FALSE,TRUE,TRUE,TRUE,TRUE,Fully,FALSE,TRUE,TRUE,FALSE,FALSE,100%,Harp,FALSE,FALSE,1,FALSE,660
,Magenta Carpet,magenta_carpet,1.6.1 13w16a,245,FALSE,FALSE,FALSE,Yes,Yes,TRUE,TRUE,TRUE,FALSE,No,No,No,TRUE,0,0.1,0.1,None,0,TRUE,TRUE,TRUE,FALSE,No,TRUE,TRUE,FALSE,TRUE,FALSE,FALSE,TRUE,No,No,FALSE,FALSE,TRUE,TRUE,TRUE,TRUE,Fully,FALSE,TRUE,TRUE,FALSE,FALSE,100%,Harp,FALSE,FALSE,1,FALSE,661
,Pink Carpet,pink_carpet,1.6.1 13w16a,246,FALSE,FALSE,FALSE,Yes,Yes,TRUE,TRUE,TRUE,FALSE,No,No,No,TRUE,0,0.1,0.1,None,0,TRUE,TRUE,TRUE,FALSE,No,TRUE,TRUE,FALSE,TRUE,FALSE,FALSE,TRUE,No,No,FALSE,FALSE,TRUE,TRUE,TRUE,TRUE,Fully,FALSE,TRUE,TRUE,FALSE,FALSE,100%,Harp,FALSE,FALSE,1,FALSE,662
,White Banner,white_banner,1.8 14w30a,358,FALSE,FALSE,FALSE,Yes,Yes,TRUE,TRUE,TRUE,TRUE,No,Yes,No,TRUE,0,1,1,Axe,0,TRUE,TRUE,TRUE,TRUE,No,FALSE,FALSE,FALSE,TRUE,FALSE,TRUE,FALSE,No,No,FALSE,FALSE,TRUE,TRUE,FALSE,TRUE,Fully,FALSE,TRUE,TRUE,TRUE,FALSE,N/A,Bass,FALSE,FALSE,16,TRUE,663
,Light Gray Banner,light_gray_banner,1.8 14w30a,359,FALSE,FALSE,FALSE,Yes,Yes,TRUE,TRUE,TRUE,TRUE,No,Yes,No,TRUE,0,1,1,Axe,0,TRUE,TRUE,TRUE,TRUE,No,FALSE,FALSE,FALSE,TRUE,FALSE,TRUE,FALSE,No,No,FALSE,FALSE,TRUE,TRUE,FALSE,TRUE,Fully,FALSE,TRUE,TRUE,TRUE,FALSE,N/A,Bass,FALSE,FALSE,16,TRUE,664
,Gray Banner,gray_banner,1.8 14w30a,360,FALSE,FALSE,FALSE,Yes,Yes,TRUE,TRUE,TRUE,TRUE,No,Yes,No,TRUE,0,1,1,Axe,0,TRUE,TRUE,TRUE,TRUE,No,FALSE,FALSE,FALSE,TRUE,FALSE,TRUE,FALSE,No,No,FALSE,FALSE,TRUE,TRUE,FALSE,TRUE,Fully,FALSE,TRUE,TRUE,TRUE,FALSE,N/A,Bass,FALSE,FALSE,16,TRUE,665
,Black Banner,black_banner,1.8 14w30a,361,FALSE,FALSE,FALSE,Yes,Yes,TRUE,TRUE,TRUE,TRUE,No,Yes,No,TRUE,0,1,1,Axe,0,TRUE,TRUE,TRUE,TRUE,No,FALSE,FALSE,FALSE,TRUE,FALSE,TRUE,FALSE,No,No,FALSE,FALSE,TRUE,TRUE,FALSE,TRUE,Fully,FALSE,TRUE,TRUE,TRUE,FALSE,N/A,Bass,FALSE,FALSE,16,TRUE,666
,Brown Banner,brown_banner,1.8 14w30a,362,FALSE,FALSE,FALSE,Yes,Yes,TRUE,TRUE,TRUE,TRUE,No,Yes,No,TRUE,0,1,1,Axe,0,TRUE,TRUE,TRUE,TRUE,No,FALSE,FALSE,FALSE,TRUE,FALSE,TRUE,FALSE,No,No,FALSE,FALSE,TRUE,TRUE,FALSE,TRUE,Fully,FALSE,TRUE,TRUE,TRUE,FALSE,N/A,Bass,FALSE,FALSE,16,TRUE,667
,Red Banner,red_banner,1.8 14w30a,363,FALSE,FALSE,FALSE,Yes,Yes,TRUE,TRUE,TRUE,TRUE,No,Yes,No,TRUE,0,1,1,Axe,0,TRUE,TRUE,TRUE,TRUE,No,FALSE,FALSE,FALSE,TRUE,FALSE,TRUE,FALSE,No,No,FALSE,FALSE,TRUE,TRUE,FALSE,TRUE,Fully,FALSE,TRUE,TRUE,TRUE,FALSE,N/A,Bass,FALSE,FALSE,16,TRUE,668
,Orange Banner,orange_banner,1.8 14w30a,364,FALSE,FALSE,FALSE,Yes,Yes,TRUE,TRUE,TRUE,TRUE,No,Yes,No,TRUE,0,1,1,Axe,0,TRUE,TRUE,TRUE,TRUE,No,FALSE,FALSE,FALSE,TRUE,FALSE,TRUE,FALSE,No,No,FALSE,FALSE,TRUE,TRUE,FALSE,TRUE,Fully,FALSE,TRUE,TRUE,TRUE,FALSE,N/A,Bass,FALSE,FALSE,16,TRUE,669
,Yellow Banner,yellow_banner,1.8 14w30a,365,FALSE,FALSE,FALSE,Yes,Yes,TRUE,TRUE,TRUE,TRUE,No,Yes,No,TRUE,0,1,1,Axe,0,TRUE,TRUE,TRUE,TRUE,No,FALSE,FALSE,FALSE,TRUE,FALSE,TRUE,FALSE,No,No,FALSE,FALSE,TRUE,TRUE,FALSE,TRUE,Fully,FALSE,TRUE,TRUE,TRUE,FALSE,N/A,Bass,FALSE,FALSE,16,TRUE,670
,Lime Banner,lime_banner,1.8 14w30a,366,FALSE,FALSE,FALSE,Yes,Yes,TRUE,TRUE,TRUE,TRUE,No,Yes,No,TRUE,0,1,1,Axe,0,TRUE,TRUE,TRUE,TRUE,No,FALSE,FALSE,FALSE,TRUE,FALSE,TRUE,FALSE,No,No,FALSE,FALSE,TRUE,TRUE,FALSE,TRUE,Fully,FALSE,TRUE,TRUE,TRUE,FALSE,N/A,Bass,FALSE,FALSE,16,TRUE,671
,Green Banner,green_banner,1.8 14w30a,367,FALSE,FALSE,FALSE,Yes,Yes,TRUE,TRUE,TRUE,TRUE,No,Yes,No,TRUE,0,1,1,Axe,0,TRUE,TRUE,TRUE,TRUE,No,FALSE,FALSE,FALSE,TRUE,FALSE,TRUE,FALSE,No,No,FALSE,FALSE,TRUE,TRUE,FALSE,TRUE,Fully,FALSE,TRUE,TRUE,TRUE,FALSE,N/A,Bass,FALSE,FALSE,16,TRUE,672
,Cyan Banner,cyan_banner,1.8 14w30a,368,FALSE,FALSE,FALSE,Yes,Yes,TRUE,TRUE,TRUE,TRUE,No,Yes,No,TRUE,0,1,1,Axe,0,TRUE,TRUE,TRUE,TRUE,No,FALSE,FALSE,FALSE,TRUE,FALSE,TRUE,FALSE,No,No,FALSE,FALSE,TRUE,TRUE,FALSE,TRUE,Fully,FALSE,TRUE,TRUE,TRUE,FALSE,N/A,Bass,FALSE,FALSE,16,TRUE,673
,Light Blue Banner,light_blue_banner,1.8 14w30a,369,FALSE,FALSE,FALSE,Yes,Yes,TRUE,TRUE,TRUE,TRUE,No,Yes,No,TRUE,0,1,1,Axe,0,TRUE,TRUE,TRUE,TRUE,No,FALSE,FALSE,FALSE,TRUE,FALSE,TRUE,FALSE,No,No,FALSE,FALSE,TRUE,TRUE,FALSE,TRUE,Fully,FALSE,TRUE,TRUE,TRUE,FALSE,N/A,Bass,FALSE,FALSE,16,TRUE,674
,Blue Banner,blue_banner,1.8 14w30a,370,FALSE,FALSE,FALSE,Yes,Yes,TRUE,TRUE,TRUE,TRUE,No,Yes,No,TRUE,0,1,1,Axe,0,TRUE,TRUE,TRUE,TRUE,No,FALSE,FALSE,FALSE,TRUE,FALSE,TRUE,FALSE,No,No,FALSE,FALSE,TRUE,TRUE,FALSE,TRUE,Fully,FALSE,TRUE,TRUE,TRUE,FALSE,N/A,Bass,FALSE,FALSE,16,TRUE,675
,Purple Banner,purple_banner,1.8 14w30a,371,FALSE,FALSE,FALSE,Yes,Yes,TRUE,TRUE,TRUE,TRUE,No,Yes,No,TRUE,0,1,1,Axe,0,TRUE,TRUE,TRUE,TRUE,No,FALSE,FALSE,FALSE,TRUE,FALSE,TRUE,FALSE,No,No,FALSE,FALSE,TRUE,TRUE,FALSE,TRUE,Fully,FALSE,TRUE,TRUE,TRUE,FALSE,N/A,Bass,FALSE,FALSE,16,TRUE,676
,Magenta Banner,magenta_banner,1.8 14w30a,372,FALSE,FALSE,FALSE,Yes,Yes,TRUE,TRUE,TRUE,TRUE,No,Yes,No,TRUE,0,1,1,Axe,0,TRUE,TRUE,TRUE,TRUE,No,FALSE,FALSE,FALSE,TRUE,FALSE,TRUE,FALSE,No,No,FALSE,FALSE,TRUE,TRUE,FALSE,TRUE,Fully,FALSE,TRUE,TRUE,TRUE,FALSE,N/A,Bass,FALSE,FALSE,16,TRUE,677
,Pink Banner,pink_banner,1.8 14w30a,373,FALSE,FALSE,FALSE,Yes,Yes,TRUE,TRUE,TRUE,TRUE,No,Yes,No,TRUE,0,1,1,Axe,0,TRUE,TRUE,TRUE,TRUE,No,FALSE,FALSE,FALSE,TRUE,FALSE,TRUE,FALSE,No,No,FALSE,FALSE,TRUE,TRUE,FALSE,TRUE,Fully,FALSE,TRUE,TRUE,TRUE,FALSE,N/A,Bass,FALSE,FALSE,16,TRUE,678
,White Wall Banner,white_wall_banner,1.8 14w30a,374,FALSE,FALSE,FALSE,Yes,Yes,TRUE,FALSE,TRUE,TRUE,No,Yes,No,TRUE,0,1,1,Axe,0,TRUE,TRUE,TRUE,TRUE,No,FALSE,FALSE,FALSE,TRUE,FALSE,TRUE,FALSE,No,No,FALSE,FALSE,TRUE,TRUE,FALSE,TRUE,Fully,FALSE,TRUE,TRUE,TRUE,FALSE,N/A,Bass,FALSE,FALSE,4,TRUE,679
,Light Gray Wall Banner,light_gray_wall_banner,1.8 14w30a,375,FALSE,FALSE,FALSE,Yes,Yes,TRUE,FALSE,TRUE,TRUE,No,Yes,No,TRUE,0,1,1,Axe,0,TRUE,TRUE,TRUE,TRUE,No,FALSE,FALSE,FALSE,TRUE,FALSE,TRUE,FALSE,No,No,FALSE,FALSE,TRUE,TRUE,FALSE,TRUE,Fully,FALSE,TRUE,TRUE,TRUE,FALSE,N/A,Bass,FALSE,FALSE,4,TRUE,680
,Gray Wall Banner,gray_wall_banner,1.8 14w30a,376,FALSE,FALSE,FALSE,Yes,Yes,TRUE,FALSE,TRUE,TRUE,No,Yes,No,TRUE,0,1,1,Axe,0,TRUE,TRUE,TRUE,TRUE,No,FALSE,FALSE,FALSE,TRUE,FALSE,TRUE,FALSE,No,No,FALSE,FALSE,TRUE,TRUE,FALSE,TRUE,Fully,FALSE,TRUE,TRUE,TRUE,FALSE,N/A,Bass,FALSE,FALSE,4,TRUE,681
,Black Wall Banner,black_wall_banner,1.8 14w30a,377,FALSE,FALSE,FALSE,Yes,Yes,TRUE,FALSE,TRUE,TRUE,No,Yes,No,TRUE,0,1,1,Axe,0,TRUE,TRUE,TRUE,TRUE,No,FALSE,FALSE,FALSE,TRUE,FALSE,TRUE,FALSE,No,No,FALSE,FALSE,TRUE,TRUE,FALSE,TRUE,Fully,FALSE,TRUE,TRUE,TRUE,FALSE,N/A,Bass,FALSE,FALSE,4,TRUE,682
,Brown Wall Banner,brown_wall_banner,1.8 14w30a,378,FALSE,FALSE,FALSE,Yes,Yes,TRUE,FALSE,TRUE,TRUE,No,Yes,No,TRUE,0,1,1,Axe,0,TRUE,TRUE,TRUE,TRUE,No,FALSE,FALSE,FALSE,TRUE,FALSE,TRUE,FALSE,No,No,FALSE,FALSE,TRUE,TRUE,FALSE,TRUE,Fully,FALSE,TRUE,TRUE,TRUE,FALSE,N/A,Bass,FALSE,FALSE,4,TRUE,683
,Red Wall Banner,red_wall_banner,1.8 14w30a,379,FALSE,FALSE,FALSE,Yes,Yes,TRUE,FALSE,TRUE,TRUE,No,Yes,No,TRUE,0,1,1,Axe,0,TRUE,TRUE,TRUE,TRUE,No,FALSE,FALSE,FALSE,TRUE,FALSE,TRUE,FALSE,No,No,FALSE,FALSE,TRUE,TRUE,FALSE,TRUE,Fully,FALSE,TRUE,TRUE,TRUE,FALSE,N/A,Bass,FALSE,FALSE,4,TRUE,684
,Orange Wall Banner,orange_wall_banner,1.8 14w30a,380,FALSE,FALSE,FALSE,Yes,Yes,TRUE,FALSE,TRUE,TRUE,No,Yes,No,TRUE,0,1,1,Axe,0,TRUE,TRUE,TRUE,TRUE,No,FALSE,FALSE,FALSE,TRUE,FALSE,TRUE,FALSE,No,No,FALSE,FALSE,TRUE,TRUE,FALSE,TRUE,Fully,FALSE,TRUE,TRUE,TRUE,FALSE,N/A,Bass,FALSE,FALSE,4,TRUE,685
,Yellow Wall Banner,yellow_wall_banner,1.8 14w30a,381,FALSE,FALSE,FALSE,Yes,Yes,TRUE,FALSE,TRUE,TRUE,No,Yes,No,TRUE,0,1,1,Axe,0,TRUE,TRUE,TRUE,TRUE,No,FALSE,FALSE,FALSE,TRUE,FALSE,TRUE,FALSE,No,No,FALSE,FALSE,TRUE,TRUE,FALSE,TRUE,Fully,FALSE,TRUE,TRUE,TRUE,FALSE,N/A,Bass,FALSE,FALSE,4,TRUE,686
,Lime Wall Banner,lime_wall_banner,1.8 14w30a,382,FALSE,FALSE,FALSE,Yes,Yes,TRUE,FALSE,TRUE,TRUE,No,Yes,No,TRUE,0,1,1,Axe,0,TRUE,TRUE,TRUE,TRUE,No,FALSE,FALSE,FALSE,TRUE,FALSE,TRUE,FALSE,No,No,FALSE,FALSE,TRUE,TRUE,FALSE,TRUE,Fully,FALSE,TRUE,TRUE,TRUE,FALSE,N/A,Bass,FALSE,FALSE,4,TRUE,687
,Green Wall Banner,green_wall_banner,1.8 14w30a,383,FALSE,FALSE,FALSE,Yes,Yes,TRUE,FALSE,TRUE,TRUE,No,Yes,No,TRUE,0,1,1,Axe,0,TRUE,TRUE,TRUE,TRUE,No,FALSE,FALSE,FALSE,TRUE,FALSE,TRUE,FALSE,No,No,FALSE,FALSE,TRUE,TRUE,FALSE,TRUE,Fully,FALSE,TRUE,TRUE,TRUE,FALSE,N/A,Bass,FALSE,FALSE,4,TRUE,688
,Cyan Wall Banner,cyan_wall_banner,1.8 14w30a,384,FALSE,FALSE,FALSE,Yes,Yes,TRUE,FALSE,TRUE,TRUE,No,Yes,No,TRUE,0,1,1,Axe,0,TRUE,TRUE,TRUE,TRUE,No,FALSE,FALSE,FALSE,TRUE,FALSE,TRUE,FALSE,No,No,FALSE,FALSE,TRUE,TRUE,FALSE,TRUE,Fully,FALSE,TRUE,TRUE,TRUE,FALSE,N/A,Bass,FALSE,FALSE,4,TRUE,689
,Light Blue Wall Banner,light_blue_wall_banner,1.8 14w30a,385,FALSE,FALSE,FALSE,Yes,Yes,TRUE,FALSE,TRUE,TRUE,No,Yes,No,TRUE,0,1,1,Axe,0,TRUE,TRUE,TRUE,TRUE,No,FALSE,FALSE,FALSE,TRUE,FALSE,TRUE,FALSE,No,No,FALSE,FALSE,TRUE,TRUE,FALSE,TRUE,Fully,FALSE,TRUE,TRUE,TRUE,FALSE,N/A,Bass,FALSE,FALSE,4,TRUE,690
,Blue Wall Banner,blue_wall_banner,1.8 14w30a,386,FALSE,FALSE,FALSE,Yes,Yes,TRUE,FALSE,TRUE,TRUE,No,Yes,No,TRUE,0,1,1,Axe,0,TRUE,TRUE,TRUE,TRUE,No,FALSE,FALSE,FALSE,TRUE,FALSE,TRUE,FALSE,No,No,FALSE,FALSE,TRUE,TRUE,FALSE,TRUE,Fully,FALSE,TRUE,TRUE,TRUE,FALSE,N/A,Bass,FALSE,FALSE,4,TRUE,691
,Purple Wall Banner,purple_wall_banner,1.8 14w30a,387,FALSE,FALSE,FALSE,Yes,Yes,TRUE,FALSE,TRUE,TRUE,No,Yes,No,TRUE,0,1,1,Axe,0,TRUE,TRUE,TRUE,TRUE,No,FALSE,FALSE,FALSE,TRUE,FALSE,TRUE,FALSE,No,No,FALSE,FALSE,TRUE,TRUE,FALSE,TRUE,Fully,FALSE,TRUE,TRUE,TRUE,FALSE,N/A,Bass,FALSE,FALSE,4,TRUE,692
,Magenta Wall Banner,magenta_wall_banner,1.8 14w30a,388,FALSE,FALSE,FALSE,Yes,Yes,TRUE,FALSE,TRUE,TRUE,No,Yes,No,TRUE,0,1,1,Axe,0,TRUE,TRUE,TRUE,TRUE,No,FALSE,FALSE,FALSE,TRUE,FALSE,TRUE,FALSE,No,No,FALSE,FALSE,TRUE,TRUE,FALSE,TRUE,Fully,FALSE,TRUE,TRUE,TRUE,FALSE,N/A,Bass,FALSE,FALSE,4,TRUE,693
,Pink Wall Banner,pink_wall_banner,1.8 14w30a,389,FALSE,FALSE,FALSE,Yes,Yes,TRUE,FALSE,TRUE,TRUE,No,Yes,No,TRUE,0,1,1,Axe,0,TRUE,TRUE,TRUE,TRUE,No,FALSE,FALSE,FALSE,TRUE,FALSE,TRUE,FALSE,No,No,FALSE,FALSE,TRUE,TRUE,FALSE,TRUE,Fully,FALSE,TRUE,TRUE,TRUE,FALSE,N/A,Bass,FALSE,FALSE,4,TRUE,694
,White Bed,white_bed,1.12 17w15a,497,FALSE,FALSE,FALSE,Yes,Yes,TRUE,TRUE,TRUE,TRUE,No,No,No,TRUE,0,0.2,0.2,None,0,TRUE,TRUE,TRUE,FALSE,No,FALSE,TRUE,FALSE,TRUE,FALSE,FALSE,TRUE,No,No,FALSE,FALSE,FALSE,FALSE,FALSE,TRUE,Fully,FALSE,TRUE,TRUE,TRUE,FALSE,50%,Harp,FALSE,FALSE,4,TRUE,695
,Light Gray Bed,light_gray_bed,1.12 17w15a,498,FALSE,FALSE,FALSE,Yes,Yes,TRUE,TRUE,TRUE,TRUE,No,No,No,TRUE,0,0.2,0.2,None,0,TRUE,TRUE,TRUE,FALSE,No,FALSE,TRUE,FALSE,TRUE,FALSE,FALSE,TRUE,No,No,FALSE,FALSE,FALSE,FALSE,FALSE,TRUE,Fully,FALSE,TRUE,TRUE,TRUE,FALSE,50%,Harp,FALSE,FALSE,4,TRUE,696
,Gray Bed,gray_bed,1.12 17w15a,499,FALSE,FALSE,FALSE,Yes,Yes,TRUE,TRUE,TRUE,TRUE,No,No,No,TRUE,0,0.2,0.2,None,0,TRUE,TRUE,TRUE,FALSE,No,FALSE,TRUE,FALSE,TRUE,FALSE,FALSE,TRUE,No,No,FALSE,FALSE,FALSE,FALSE,FALSE,TRUE,Fully,FALSE,TRUE,TRUE,TRUE,FALSE,50%,Harp,FALSE,FALSE,4,TRUE,697
,Black Bed,black_bed,1.12 17w15a,500,FALSE,FALSE,FALSE,Yes,Yes,TRUE,TRUE,TRUE,TRUE,No,No,No,TRUE,0,0.2,0.2,None,0,TRUE,TRUE,TRUE,FALSE,No,FALSE,TRUE,FALSE,TRUE,FALSE,FALSE,TRUE,No,No,FALSE,FALSE,FALSE,FALSE,FALSE,TRUE,Fully,FALSE,TRUE,TRUE,TRUE,FALSE,50%,Harp,FALSE,FALSE,4,TRUE,698
,Brown Bed,brown_bed,1.12 17w15a,501,FALSE,FALSE,FALSE,Yes,Yes,TRUE,TRUE,TRUE,TRUE,No,No,No,TRUE,0,0.2,0.2,None,0,TRUE,TRUE,TRUE,FALSE,No,FALSE,TRUE,FALSE,TRUE,FALSE,FALSE,TRUE,No,No,FALSE,FALSE,FALSE,FALSE,FALSE,TRUE,Fully,FALSE,TRUE,TRUE,TRUE,FALSE,50%,Harp,FALSE,FALSE,4,TRUE,699
,Red Bed,red_bed,Beta 1.3,103,FALSE,FALSE,FALSE,Yes,Yes,TRUE,TRUE,TRUE,TRUE,No,No,No,TRUE,0,0.2,0.2,None,0,TRUE,TRUE,TRUE,FALSE,No,FALSE,TRUE,FALSE,TRUE,FALSE,FALSE,TRUE,No,No,FALSE,FALSE,FALSE,FALSE,FALSE,TRUE,Fully,FALSE,TRUE,TRUE,TRUE,FALSE,50%,Harp,FALSE,FALSE,4,TRUE,700
,Orange Bed,orange_bed,1.12 17w15a,502,FALSE,FALSE,FALSE,Yes,Yes,TRUE,TRUE,TRUE,TRUE,No,No,No,TRUE,0,0.2,0.2,None,0,TRUE,TRUE,TRUE,FALSE,No,FALSE,TRUE,FALSE,TRUE,FALSE,FALSE,TRUE,No,No,FALSE,FALSE,FALSE,FALSE,FALSE,TRUE,Fully,FALSE,TRUE,TRUE,TRUE,FALSE,50%,Harp,FALSE,FALSE,4,TRUE,701
,Yellow Bed,yellow_bed,1.12 17w15a,503,FALSE,FALSE,FALSE,Yes,Yes,TRUE,TRUE,TRUE,TRUE,No,No,No,TRUE,0,0.2,0.2,None,0,TRUE,TRUE,TRUE,FALSE,No,FALSE,TRUE,FALSE,TRUE,FALSE,FALSE,TRUE,No,No,FALSE,FALSE,FALSE,FALSE,FALSE,TRUE,Fully,FALSE,TRUE,TRUE,TRUE,FALSE,50%,Harp,FALSE,FALSE,4,TRUE,702
,Lime Bed,lime_bed,1.12 17w15a,504,FALSE,FALSE,FALSE,Yes,Yes,TRUE,TRUE,TRUE,TRUE,No,No,No,TRUE,0,0.2,0.2,None,0,TRUE,TRUE,TRUE,FALSE,No,FALSE,TRUE,FALSE,TRUE,FALSE,FALSE,TRUE,No,No,FALSE,FALSE,FALSE,FALSE,FALSE,TRUE,Fully,FALSE,TRUE,TRUE,TRUE,FALSE,50%,Harp,FALSE,FALSE,4,TRUE,703
,Green Bed,green_bed,1.12 17w15a,505,FALSE,FALSE,FALSE,Yes,Yes,TRUE,TRUE,TRUE,TRUE,No,No,No,TRUE,0,0.2,0.2,None,0,TRUE,TRUE,TRUE,FALSE,No,FALSE,TRUE,FALSE,TRUE,FALSE,FALSE,TRUE,No,No,FALSE,FALSE,FALSE,FALSE,FALSE,TRUE,Fully,FALSE,TRUE,TRUE,TRUE,FALSE,50%,Harp,FALSE,FALSE,4,TRUE,704
,Cyan Bed,cyan_bed,1.12 17w15a,506,FALSE,FALSE,FALSE,Yes,Yes,TRUE,TRUE,TRUE,TRUE,No,No,No,TRUE,0,0.2,0.2,None,0,TRUE,TRUE,TRUE,FALSE,No,FALSE,TRUE,FALSE,TRUE,FALSE,FALSE,TRUE,No,No,FALSE,FALSE,FALSE,FALSE,FALSE,TRUE,Fully,FALSE,TRUE,TRUE,TRUE,FALSE,50%,Harp,FALSE,FALSE,4,TRUE,705
,Light Blue Bed,light_blue_bed,1.12 17w15a,507,FALSE,FALSE,FALSE,Yes,Yes,TRUE,TRUE,TRUE,TRUE,No,No,No,TRUE,0,0.2,0.2,None,0,TRUE,TRUE,TRUE,FALSE,No,FALSE,TRUE,FALSE,TRUE,FALSE,FALSE,TRUE,No,No,FALSE,FALSE,FALSE,FALSE,FALSE,TRUE,Fully,FALSE,TRUE,TRUE,TRUE,FALSE,50%,Harp,FALSE,FALSE,4,TRUE,706
,Blue Bed,blue_bed,1.12 17w15a,508,FALSE,FALSE,FALSE,Yes,Yes,TRUE,TRUE,TRUE,TRUE,No,No,No,TRUE,0,0.2,0.2,None,0,TRUE,TRUE,TRUE,FALSE,No,FALSE,TRUE,FALSE,TRUE,FALSE,FALSE,TRUE,No,No,FALSE,FALSE,FALSE,FALSE,FALSE,TRUE,Fully,FALSE,TRUE,TRUE,TRUE,FALSE,50%,Harp,FALSE,FALSE,4,TRUE,707
,Purple Bed,purple_bed,1.12 17w15a,509,FALSE,FALSE,FALSE,Yes,Yes,TRUE,TRUE,TRUE,TRUE,No,No,No,TRUE,0,0.2,0.2,None,0,TRUE,TRUE,TRUE,FALSE,No,FALSE,TRUE,FALSE,TRUE,FALSE,FALSE,TRUE,No,No,FALSE,FALSE,FALSE,FALSE,FALSE,TRUE,Fully,FALSE,TRUE,TRUE,TRUE,FALSE,50%,Harp,FALSE,FALSE,4,TRUE,708
,Magenta Bed,magenta_bed,1.12 17w15a,510,FALSE,FALSE,FALSE,Yes,Yes,TRUE,TRUE,TRUE,TRUE,No,No,No,TRUE,0,0.2,0.2,None,0,TRUE,TRUE,TRUE,FALSE,No,FALSE,TRUE,FALSE,TRUE,FALSE,FALSE,TRUE,No,No,FALSE,FALSE,FALSE,FALSE,FALSE,TRUE,Fully,FALSE,TRUE,TRUE,TRUE,FALSE,50%,Harp,FALSE,FALSE,4,TRUE,709
,Pink Bed,pink_bed,1.12 17w15a,511,FALSE,FALSE,FALSE,Yes,Yes,TRUE,TRUE,TRUE,TRUE,No,No,No,TRUE,0,0.2,0.2,None,0,TRUE,TRUE,TRUE,FALSE,No,FALSE,TRUE,FALSE,TRUE,FALSE,FALSE,TRUE,No,No,FALSE,FALSE,FALSE,FALSE,FALSE,TRUE,Fully,FALSE,TRUE,TRUE,TRUE,FALSE,50%,Harp,FALSE,FALSE,4,TRUE,710
,White Concrete Powder,white_concrete_powder,1.12 17w06a,449,FALSE,FALSE,FALSE,Yes,Yes,TRUE,TRUE,TRUE,FALSE,Yes,No,Yes,FALSE,0,0.5,0.5,Shovel,0,TRUE,TRUE,TRUE,TRUE,No,FALSE,TRUE,TRUE,TRUE,TRUE,FALSE,FALSE,Yes,Yes,TRUE,TRUE,FALSE,TRUE,FALSE,FALSE,No,FALSE,FALSE,FALSE,TRUE,FALSE,100%,Snare,FALSE,FALSE,1,FALSE,711
,Light Gray Concrete Powder,light_gray_concrete_powder,1.12 17w06a,450,FALSE,FALSE,FALSE,Yes,Yes,TRUE,TRUE,TRUE,FALSE,Yes,No,Yes,FALSE,0,0.5,0.5,Shovel,0,TRUE,TRUE,TRUE,TRUE,No,FALSE,TRUE,TRUE,TRUE,TRUE,FALSE,FALSE,Yes,Yes,TRUE,TRUE,FALSE,TRUE,FALSE,FALSE,No,FALSE,FALSE,FALSE,TRUE,FALSE,100%,Snare,FALSE,FALSE,1,FALSE,712
,Gray Concrete Powder,gray_concrete_powder,1.12 17w06a,451,FALSE,FALSE,FALSE,Yes,Yes,TRUE,TRUE,TRUE,FALSE,Yes,No,Yes,FALSE,0,0.5,0.5,Shovel,0,TRUE,TRUE,TRUE,TRUE,No,FALSE,TRUE,TRUE,TRUE,TRUE,FALSE,FALSE,Yes,Yes,TRUE,TRUE,FALSE,TRUE,FALSE,FALSE,No,FALSE,FALSE,FALSE,TRUE,FALSE,100%,Snare,FALSE,FALSE,1,FALSE,713
,Black Concrete Powder,black_concrete_powder,1.12 17w06a,452,FALSE,FALSE,FALSE,Yes,Yes,TRUE,TRUE,TRUE,FALSE,Yes,No,Yes,FALSE,0,0.5,0.5,Shovel,0,TRUE,TRUE,TRUE,TRUE,No,FALSE,TRUE,TRUE,TRUE,TRUE,FALSE,FALSE,Yes,Yes,TRUE,TRUE,FALSE,TRUE,FALSE,FALSE,No,FALSE,FALSE,FALSE,TRUE,FALSE,100%,Snare,FALSE,FALSE,1,FALSE,714
,Brown Concrete Powder,brown_concrete_powder,1.12 17w06a,453,FALSE,FALSE,FALSE,Yes,No,FALSE,TRUE,TRUE,FALSE,Yes,No,Yes,FALSE,0,0.5,0.5,Shovel,0,TRUE,TRUE,TRUE,TRUE,No,FALSE,TRUE,TRUE,TRUE,TRUE,FALSE,FALSE,Yes,Yes,TRUE,TRUE,FALSE,TRUE,FALSE,FALSE,No,FALSE,FALSE,FALSE,TRUE,FALSE,100%,Snare,FALSE,FALSE,1,FALSE,715
,Red Concrete Powder,red_concrete_powder,1.12 17w06a,454,FALSE,FALSE,FALSE,Yes,Yes,TRUE,TRUE,TRUE,FALSE,Yes,No,Yes,FALSE,0,0.5,0.5,Shovel,0,TRUE,TRUE,TRUE,TRUE,No,FALSE,TRUE,TRUE,TRUE,TRUE,FALSE,FALSE,Yes,Yes,TRUE,TRUE,FALSE,TRUE,FALSE,FALSE,No,FALSE,FALSE,FALSE,TRUE,FALSE,100%,Snare,FALSE,FALSE,1,FALSE,716
,Orange Concrete Powder,orange_concrete_powder,1.12 17w06a,455,FALSE,FALSE,FALSE,Yes,Yes,TRUE,TRUE,TRUE,FALSE,Yes,No,Yes,FALSE,0,0.5,0.5,Shovel,0,TRUE,TRUE,TRUE,TRUE,No,FALSE,TRUE,TRUE,TRUE,TRUE,FALSE,FALSE,Yes,Yes,TRUE,TRUE,FALSE,TRUE,FALSE,FALSE,No,FALSE,FALSE,FALSE,TRUE,FALSE,100%,Snare,FALSE,FALSE,1,FALSE,717
,Yellow Concrete Powder,yellow_concrete_powder,1.12 17w06a,456,FALSE,FALSE,FALSE,Yes,Yes,TRUE,TRUE,TRUE,FALSE,Yes,No,Yes,FALSE,0,0.5,0.5,Shovel,0,TRUE,TRUE,TRUE,TRUE,No,FALSE,TRUE,TRUE,TRUE,TRUE,FALSE,FALSE,Yes,Yes,TRUE,TRUE,FALSE,TRUE,FALSE,FALSE,No,FALSE,FALSE,FALSE,TRUE,FALSE,100%,Snare,FALSE,FALSE,1,FALSE,718
,Lime Concrete Powder,lime_concrete_powder,1.12 17w06a,457,FALSE,FALSE,FALSE,Yes,Yes,TRUE,TRUE,TRUE,FALSE,Yes,No,Yes,FALSE,0,0.5,0.5,Shovel,0,TRUE,TRUE,TRUE,TRUE,No,FALSE,TRUE,TRUE,TRUE,TRUE,FALSE,FALSE,Yes,Yes,TRUE,TRUE,FALSE,TRUE,FALSE,FALSE,No,FALSE,FALSE,FALSE,TRUE,FALSE,100%,Snare,FALSE,FALSE,1,FALSE,719
,Green Concrete Powder,green_concrete_powder,1.12 17w06a,458,FALSE,FALSE,FALSE,Yes,Yes,TRUE,TRUE,TRUE,FALSE,Yes,No,Yes,FALSE,0,0.5,0.5,Shovel,0,TRUE,TRUE,TRUE,TRUE,No,FALSE,TRUE,TRUE,TRUE,TRUE,FALSE,FALSE,Yes,Yes,TRUE,TRUE,FALSE,TRUE,FALSE,FALSE,No,FALSE,FALSE,FALSE,TRUE,FALSE,100%,Snare,FALSE,FALSE,1,FALSE,720
,Cyan Concrete Powder,cyan_concrete_powder,1.12 17w06a,459,FALSE,FALSE,FALSE,Yes,Yes,TRUE,TRUE,TRUE,FALSE,Yes,No,Yes,FALSE,0,0.5,0.5,Shovel,0,TRUE,TRUE,TRUE,TRUE,No,FALSE,TRUE,TRUE,TRUE,TRUE,FALSE,FALSE,Yes,Yes,TRUE,TRUE,FALSE,TRUE,FALSE,FALSE,No,FALSE,FALSE,FALSE,TRUE,FALSE,100%,Snare,FALSE,FALSE,1,FALSE,721
,Light Blue Concrete Powder,light_blue_concrete_powder,1.12 17w06a,460,FALSE,FALSE,FALSE,Yes,Yes,TRUE,TRUE,TRUE,FALSE,Yes,No,Yes,FALSE,0,0.5,0.5,Shovel,0,TRUE,TRUE,TRUE,TRUE,No,FALSE,TRUE,TRUE,TRUE,TRUE,FALSE,FALSE,Yes,Yes,TRUE,TRUE,FALSE,TRUE,FALSE,FALSE,No,FALSE,FALSE,FALSE,TRUE,FALSE,100%,Snare,FALSE,FALSE,1,FALSE,722
,Blue Concrete Powder,blue_concrete_powder,1.12 17w06a,461,FALSE,FALSE,FALSE,Yes,Yes,TRUE,TRUE,TRUE,FALSE,Yes,No,Yes,FALSE,0,0.5,0.5,Shovel,0,TRUE,TRUE,TRUE,TRUE,No,FALSE,TRUE,TRUE,TRUE,TRUE,FALSE,FALSE,Yes,Yes,TRUE,TRUE,FALSE,TRUE,FALSE,FALSE,No,FALSE,FALSE,FALSE,TRUE,FALSE,100%,Snare,FALSE,FALSE,1,FALSE,723
,Purple Concrete Powder,purple_concrete_powder,1.12 17w06a,462,FALSE,FALSE,FALSE,Yes,Yes,TRUE,TRUE,TRUE,FALSE,Yes,No,Yes,FALSE,0,0.5,0.5,Shovel,0,TRUE,TRUE,TRUE,TRUE,No,FALSE,TRUE,TRUE,TRUE,TRUE,FALSE,FALSE,Yes,Yes,TRUE,TRUE,FALSE,TRUE,FALSE,FALSE,No,FALSE,FALSE,FALSE,TRUE,FALSE,100%,Snare,FALSE,FALSE,1,FALSE,724
,Magenta Concrete Powder,magenta_concrete_powder,1.12 17w06a,463,FALSE,FALSE,FALSE,Yes,Yes,TRUE,TRUE,TRUE,FALSE,Yes,No,Yes,FALSE,0,0.5,0.5,Shovel,0,TRUE,TRUE,TRUE,TRUE,No,FALSE,TRUE,TRUE,TRUE,TRUE,FALSE,FALSE,Yes,Yes,TRUE,TRUE,FALSE,TRUE,FALSE,FALSE,No,FALSE,FALSE,FALSE,TRUE,FALSE,100%,Snare,FALSE,FALSE,1,FALSE,725
,Pink Concrete Powder,pink_concrete_powder,1.12 17w06a,464,FALSE,FALSE,FALSE,Yes,Yes,TRUE,TRUE,TRUE,FALSE,Yes,No,Yes,FALSE,0,0.5,0.5,Shovel,0,TRUE,TRUE,TRUE,TRUE,No,FALSE,TRUE,TRUE,TRUE,TRUE,FALSE,FALSE,Yes,Yes,TRUE,TRUE,FALSE,TRUE,FALSE,FALSE,No,FALSE,FALSE,FALSE,TRUE,FALSE,100%,Snare,FALSE,FALSE,1,FALSE,726
,White Concrete,white_concrete,1.12 17w06a,465,FALSE,FALSE,FALSE,Yes,Yes,TRUE,TRUE,TRUE,FALSE,Yes,No,Yes,FALSE,0,1.8,1.8,Pickaxe,0,FALSE,TRUE,TRUE,TRUE,No,FALSE,TRUE,TRUE,TRUE,TRUE,FALSE,FALSE,Yes,Yes,TRUE,FALSE,FALSE,FALSE,FALSE,FALSE,No,FALSE,FALSE,FALSE,TRUE,FALSE,100%,Base Drum,FALSE,FALSE,1,FALSE,727
,Light Gray Concrete,light_gray_concrete,1.12 17w06a,466,FALSE,FALSE,FALSE,Yes,Yes,TRUE,TRUE,TRUE,FALSE,Yes,No,Yes,FALSE,0,1.8,1.8,Pickaxe,0,FALSE,TRUE,TRUE,TRUE,No,FALSE,TRUE,TRUE,TRUE,TRUE,FALSE,FALSE,Yes,Yes,TRUE,FALSE,FALSE,FALSE,FALSE,FALSE,No,FALSE,FALSE,FALSE,TRUE,FALSE,100%,Base Drum,FALSE,FALSE,1,FALSE,728
,Gray Concrete,gray_concrete,1.12 17w06a,467,FALSE,FALSE,FALSE,Yes,Yes,TRUE,TRUE,TRUE,FALSE,Yes,No,Yes,FALSE,0,1.8,1.8,Pickaxe,0,FALSE,TRUE,TRUE,TRUE,No,FALSE,TRUE,TRUE,TRUE,TRUE,FALSE,FALSE,Yes,Yes,TRUE,FALSE,FALSE,FALSE,FALSE,FALSE,No,FALSE,FALSE,FALSE,TRUE,FALSE,100%,Base Drum,FALSE,FALSE,1,FALSE,729
,Black Concrete,black_concrete,1.12 17w06a,468,FALSE,FALSE,FALSE,Yes,Yes,TRUE,TRUE,TRUE,FALSE,Yes,No,Yes,FALSE,0,1.8,1.8,Pickaxe,0,FALSE,TRUE,TRUE,TRUE,No,FALSE,TRUE,TRUE,TRUE,TRUE,FALSE,FALSE,Yes,Yes,TRUE,FALSE,FALSE,FALSE,FALSE,FALSE,No,FALSE,FALSE,FALSE,TRUE,FALSE,100%,Base Drum,FALSE,FALSE,1,FALSE,730
,Brown Concrete,brown_concrete,1.12 17w06a,469,FALSE,FALSE,FALSE,Yes,No,FALSE,TRUE,TRUE,FALSE,Yes,No,Yes,FALSE,0,1.8,1.8,Pickaxe,0,FALSE,TRUE,TRUE,TRUE,No,FALSE,TRUE,TRUE,TRUE,TRUE,FALSE,FALSE,Yes,Yes,TRUE,FALSE,FALSE,FALSE,FALSE,FALSE,No,FALSE,FALSE,FALSE,TRUE,FALSE,100%,Base Drum,FALSE,FALSE,1,FALSE,731
,Red Concrete,red_concrete,1.12 17w06a,470,FALSE,FALSE,FALSE,Yes,Yes,TRUE,TRUE,TRUE,FALSE,Yes,No,Yes,FALSE,0,1.8,1.8,Pickaxe,0,FALSE,TRUE,TRUE,TRUE,No,FALSE,TRUE,TRUE,TRUE,TRUE,FALSE,FALSE,Yes,Yes,TRUE,FALSE,FALSE,FALSE,FALSE,FALSE,No,FALSE,FALSE,FALSE,TRUE,FALSE,100%,Base Drum,FALSE,FALSE,1,FALSE,732
,Orange Concrete,orange_concrete,1.12 17w06a,471,FALSE,FALSE,FALSE,Yes,Yes,TRUE,TRUE,TRUE,FALSE,Yes,No,Yes,FALSE,0,1.8,1.8,Pickaxe,0,FALSE,TRUE,TRUE,TRUE,No,FALSE,TRUE,TRUE,TRUE,TRUE,FALSE,FALSE,Yes,Yes,TRUE,FALSE,FALSE,FALSE,FALSE,FALSE,No,FALSE,FALSE,FALSE,TRUE,FALSE,100%,Base Drum,FALSE,FALSE,1,FALSE,733
,Yellow Concrete,yellow_concrete,1.12 17w06a,472,FALSE,FALSE,FALSE,Yes,Yes,TRUE,TRUE,TRUE,FALSE,Yes,No,Yes,FALSE,0,1.8,1.8,Pickaxe,0,FALSE,TRUE,TRUE,TRUE,No,FALSE,TRUE,TRUE,TRUE,TRUE,FALSE,FALSE,Yes,Yes,TRUE,FALSE,FALSE,FALSE,FALSE,FALSE,No,FALSE,FALSE,FALSE,TRUE,FALSE,100%,Base Drum,FALSE,FALSE,1,FALSE,734
,Lime Concrete,lime_concrete,1.12 17w06a,473,FALSE,FALSE,FALSE,Yes,Yes,TRUE,TRUE,TRUE,FALSE,Yes,No,Yes,FALSE,0,1.8,1.8,Pickaxe,0,FALSE,TRUE,TRUE,TRUE,No,FALSE,TRUE,TRUE,TRUE,TRUE,FALSE,FALSE,Yes,Yes,TRUE,FALSE,FALSE,FALSE,FALSE,FALSE,No,FALSE,FALSE,FALSE,TRUE,FALSE,100%,Base Drum,FALSE,FALSE,1,FALSE,735
,Green Concrete,green_concrete,1.12 17w06a,474,FALSE,FALSE,FALSE,Yes,Yes,TRUE,TRUE,TRUE,FALSE,Yes,No,Yes,FALSE,0,1.8,1.8,Pickaxe,0,FALSE,TRUE,TRUE,TRUE,No,FALSE,TRUE,TRUE,TRUE,TRUE,FALSE,FALSE,Yes,Yes,TRUE,FALSE,FALSE,FALSE,FALSE,FALSE,No,FALSE,FALSE,FALSE,TRUE,FALSE,100%,Base Drum,FALSE,FALSE,1,FALSE,736
,Cyan Concrete,cyan_concrete,1.12 17w06a,475,FALSE,FALSE,FALSE,Yes,Yes,TRUE,TRUE,TRUE,FALSE,Yes,No,Yes,FALSE,0,1.8,1.8,Pickaxe,0,FALSE,TRUE,TRUE,TRUE,No,FALSE,TRUE,TRUE,TRUE,TRUE,FALSE,FALSE,Yes,Yes,TRUE,FALSE,FALSE,FALSE,FALSE,FALSE,No,FALSE,FALSE,FALSE,TRUE,FALSE,100%,Base Drum,FALSE,FALSE,1,FALSE,737
,Light Blue Concrete,light_blue_concrete,1.12 17w06a,476,FALSE,FALSE,FALSE,Yes,Yes,TRUE,TRUE,TRUE,FALSE,Yes,No,Yes,FALSE,0,1.8,1.8,Pickaxe,0,FALSE,TRUE,TRUE,TRUE,No,FALSE,TRUE,TRUE,TRUE,TRUE,FALSE,FALSE,Yes,Yes,TRUE,FALSE,FALSE,FALSE,FALSE,FALSE,No,FALSE,FALSE,FALSE,TRUE,FALSE,100%,Base Drum,FALSE,FALSE,1,FALSE,738
,Blue Concrete,blue_concrete,1.12 17w06a,477,FALSE,FALSE,FALSE,Yes,Yes,TRUE,TRUE,TRUE,FALSE,Yes,No,Yes,FALSE,0,1.8,1.8,Pickaxe,0,FALSE,TRUE,TRUE,TRUE,No,FALSE,TRUE,TRUE,TRUE,TRUE,FALSE,FALSE,Yes,Yes,TRUE,FALSE,FALSE,FALSE,FALSE,FALSE,No,FALSE,FALSE,FALSE,TRUE,FALSE,100%,Base Drum,FALSE,FALSE,1,FALSE,739
,Purple Concrete,purple_concrete,1.12 17w06a,478,FALSE,FALSE,FALSE,Yes,Yes,TRUE,TRUE,TRUE,FALSE,Yes,No,Yes,FALSE,0,1.8,1.8,Pickaxe,0,FALSE,TRUE,TRUE,TRUE,No,FALSE,TRUE,TRUE,TRUE,TRUE,FALSE,FALSE,Yes,Yes,TRUE,FALSE,FALSE,FALSE,FALSE,FALSE,No,FALSE,FALSE,FALSE,TRUE,FALSE,100%,Base Drum,FALSE,FALSE,1,FALSE,740
,Magenta Concrete,magenta_concrete,1.12 17w06a,479,FALSE,FALSE,FALSE,Yes,Yes,TRUE,TRUE,TRUE,FALSE,Yes,No,Yes,FALSE,0,1.8,1.8,Pickaxe,0,FALSE,TRUE,TRUE,TRUE,No,FALSE,TRUE,TRUE,TRUE,TRUE,FALSE,FALSE,Yes,Yes,TRUE,FALSE,FALSE,FALSE,FALSE,FALSE,No,FALSE,FALSE,FALSE,TRUE,FALSE,100%,Base Drum,FALSE,FALSE,1,FALSE,741
,Pink Concrete,pink_concrete,1.12 17w06a,480,FALSE,FALSE,FALSE,Yes,Yes,TRUE,TRUE,TRUE,FALSE,Yes,No,Yes,FALSE,0,1.8,1.8,Pickaxe,0,FALSE,TRUE,TRUE,TRUE,No,FALSE,TRUE,TRUE,TRUE,TRUE,FALSE,FALSE,Yes,Yes,TRUE,FALSE,FALSE,FALSE,FALSE,FALSE,No,FALSE,FALSE,FALSE,TRUE,FALSE,100%,Base Drum,FALSE,FALSE,1,FALSE,742
,Terracotta,terracotta,1.6.1 13w17a,248,FALSE,FALSE,FALSE,Yes,Yes,TRUE,TRUE,TRUE,FALSE,Yes,No,Yes,FALSE,0,4.2,1.25,Pickaxe,0,FALSE,TRUE,TRUE,TRUE,No,FALSE,TRUE,TRUE,TRUE,TRUE,FALSE,FALSE,Yes,Yes,TRUE,FALSE,FALSE,FALSE,FALSE,FALSE,No,FALSE,FALSE,FALSE,TRUE,FALSE,100%,Base Drum,FALSE,FALSE,1,FALSE,743
,White Terracotta,white_terracotta,1.6.1 13w19a,250,FALSE,FALSE,FALSE,Yes,Yes,TRUE,TRUE,TRUE,FALSE,Yes,No,Yes,FALSE,0,4.2,1.25,Pickaxe,0,FALSE,TRUE,TRUE,TRUE,No,FALSE,TRUE,TRUE,TRUE,TRUE,FALSE,FALSE,Yes,Yes,TRUE,FALSE,FALSE,FALSE,FALSE,FALSE,No,FALSE,FALSE,FALSE,TRUE,FALSE,100%,Base Drum,FALSE,FALSE,1,FALSE,744
,Light Gray Terracotta,light_gray_terracotta,1.6.1 13w19a,251,FALSE,FALSE,FALSE,Yes,Yes,TRUE,TRUE,TRUE,FALSE,Yes,No,Yes,FALSE,0,4.2,1.25,Pickaxe,0,FALSE,TRUE,TRUE,TRUE,No,FALSE,TRUE,TRUE,TRUE,TRUE,FALSE,FALSE,Yes,Yes,TRUE,FALSE,FALSE,FALSE,FALSE,FALSE,No,FALSE,FALSE,FALSE,TRUE,FALSE,100%,Base Drum,FALSE,FALSE,1,FALSE,745
,Gray Terracotta,gray_terracotta,1.6.1 13w19a,252,FALSE,FALSE,FALSE,Yes,Yes,TRUE,TRUE,TRUE,FALSE,Yes,No,Yes,FALSE,0,4.2,1.25,Pickaxe,0,FALSE,TRUE,TRUE,TRUE,No,FALSE,TRUE,TRUE,TRUE,TRUE,FALSE,FALSE,Yes,Yes,TRUE,FALSE,FALSE,FALSE,FALSE,FALSE,No,FALSE,FALSE,FALSE,TRUE,FALSE,100%,Base Drum,FALSE,FALSE,1,FALSE,746
,Black Terracotta,black_terracotta,1.6.1 13w19a,253,FALSE,FALSE,FALSE,Yes,Yes,TRUE,TRUE,TRUE,FALSE,Yes,No,Yes,FALSE,0,4.2,1.25,Pickaxe,0,FALSE,TRUE,TRUE,TRUE,No,FALSE,TRUE,TRUE,TRUE,TRUE,FALSE,FALSE,Yes,Yes,TRUE,FALSE,FALSE,FALSE,FALSE,FALSE,No,FALSE,FALSE,FALSE,TRUE,FALSE,100%,Base Drum,FALSE,FALSE,1,FALSE,747
,Brown Terracotta,brown_terracotta,1.6.1 13w19a,254,FALSE,FALSE,FALSE,Yes,No,FALSE,TRUE,TRUE,FALSE,Yes,No,Yes,FALSE,0,4.2,1.25,Pickaxe,0,FALSE,TRUE,TRUE,TRUE,No,FALSE,TRUE,TRUE,TRUE,TRUE,FALSE,FALSE,Yes,Yes,TRUE,FALSE,FALSE,FALSE,FALSE,FALSE,No,FALSE,FALSE,FALSE,TRUE,FALSE,100%,Base Drum,FALSE,FALSE,1,FALSE,748
,Red Terracotta,red_terracotta,1.6.1 13w19a,255,FALSE,FALSE,FALSE,Yes,Yes,TRUE,TRUE,TRUE,FALSE,Yes,No,Yes,FALSE,0,4.2,1.25,Pickaxe,0,FALSE,TRUE,TRUE,TRUE,No,FALSE,TRUE,TRUE,TRUE,TRUE,FALSE,FALSE,Yes,Yes,TRUE,FALSE,FALSE,FALSE,FALSE,FALSE,No,FALSE,FALSE,FALSE,TRUE,FALSE,100%,Base Drum,FALSE,FALSE,1,FALSE,749
,Orange Terracotta,orange_terracotta,1.6.1 13w19a,256,FALSE,FALSE,FALSE,Yes,Yes,TRUE,TRUE,TRUE,FALSE,Yes,No,Yes,FALSE,0,4.2,1.25,Pickaxe,0,FALSE,TRUE,TRUE,TRUE,No,FALSE,TRUE,TRUE,TRUE,TRUE,FALSE,FALSE,Yes,Yes,TRUE,FALSE,FALSE,FALSE,FALSE,FALSE,No,FALSE,FALSE,FALSE,TRUE,FALSE,100%,Base Drum,FALSE,FALSE,1,FALSE,750
,Yellow Terracotta,yellow_terracotta,1.6.1 13w19a,257,FALSE,FALSE,FALSE,Yes,Yes,TRUE,TRUE,TRUE,FALSE,Yes,No,Yes,FALSE,0,4.2,1.25,Pickaxe,0,FALSE,TRUE,TRUE,TRUE,No,FALSE,TRUE,TRUE,TRUE,TRUE,FALSE,FALSE,Yes,Yes,TRUE,FALSE,FALSE,FALSE,FALSE,FALSE,No,FALSE,FALSE,FALSE,TRUE,FALSE,100%,Base Drum,FALSE,FALSE,1,FALSE,751
,Lime Terracotta,lime_terracotta,1.6.1 13w19a,258,FALSE,FALSE,FALSE,Yes,Yes,TRUE,TRUE,TRUE,FALSE,Yes,No,Yes,FALSE,0,4.2,1.25,Pickaxe,0,FALSE,TRUE,TRUE,TRUE,No,FALSE,TRUE,TRUE,TRUE,TRUE,FALSE,FALSE,Yes,Yes,TRUE,FALSE,FALSE,FALSE,FALSE,FALSE,No,FALSE,FALSE,FALSE,TRUE,FALSE,100%,Base Drum,FALSE,FALSE,1,FALSE,752
,Green Terracotta,green_terracotta,1.6.1 13w19a,259,FALSE,FALSE,FALSE,Yes,Yes,TRUE,TRUE,TRUE,FALSE,Yes,No,Yes,FALSE,0,4.2,1.25,Pickaxe,0,FALSE,TRUE,TRUE,TRUE,No,FALSE,TRUE,TRUE,TRUE,TRUE,FALSE,FALSE,Yes,Yes,TRUE,FALSE,FALSE,FALSE,FALSE,FALSE,No,FALSE,FALSE,FALSE,TRUE,FALSE,100%,Base Drum,FALSE,FALSE,1,FALSE,753
,Cyan Terracotta,cyan_terracotta,1.6.1 13w19a,260,FALSE,FALSE,FALSE,Yes,Yes,TRUE,TRUE,TRUE,FALSE,Yes,No,Yes,FALSE,0,4.2,1.25,Pickaxe,0,FALSE,TRUE,TRUE,TRUE,No,FALSE,TRUE,TRUE,TRUE,TRUE,FALSE,FALSE,Yes,Yes,TRUE,FALSE,FALSE,FALSE,FALSE,FALSE,No,FALSE,FALSE,FALSE,TRUE,FALSE,100%,Base Drum,FALSE,FALSE,1,FALSE,754
,Light Blue Terracotta,light_blue_terracotta,1.6.1 13w19a,261,FALSE,FALSE,FALSE,Yes,Yes,TRUE,TRUE,TRUE,FALSE,Yes,No,Yes,FALSE,0,4.2,1.25,Pickaxe,0,FALSE,TRUE,TRUE,TRUE,No,FALSE,TRUE,TRUE,TRUE,TRUE,FALSE,FALSE,Yes,Yes,TRUE,FALSE,FALSE,FALSE,FALSE,FALSE,No,FALSE,FALSE,FALSE,TRUE,FALSE,100%,Base Drum,FALSE,FALSE,1,FALSE,755
,Blue Terracotta,blue_terracotta,1.6.1 13w19a,262,FALSE,FALSE,FALSE,Yes,Yes,TRUE,TRUE,TRUE,FALSE,Yes,No,Yes,FALSE,0,4.2,1.25,Pickaxe,0,FALSE,TRUE,TRUE,TRUE,No,FALSE,TRUE,TRUE,TRUE,TRUE,FALSE,FALSE,Yes,Yes,TRUE,FALSE,FALSE,FALSE,FALSE,FALSE,No,FALSE,FALSE,FALSE,TRUE,FALSE,100%,Base Drum,FALSE,FALSE,1,FALSE,756
,Purple Terracotta,purple_terracotta,1.6.1 13w19a,263,FALSE,FALSE,FALSE,Yes,Yes,TRUE,TRUE,TRUE,FALSE,Yes,No,Yes,FALSE,0,4.2,1.25,Pickaxe,0,FALSE,TRUE,TRUE,TRUE,No,FALSE,TRUE,TRUE,TRUE,TRUE,FALSE,FALSE,Yes,Yes,TRUE,FALSE,FALSE,FALSE,FALSE,FALSE,No,FALSE,FALSE,FALSE,TRUE,FALSE,100%,Base Drum,FALSE,FALSE,1,FALSE,757
,Magenta Terracotta,magenta_terracotta,1.6.1 13w19a,264,FALSE,FALSE,FALSE,Yes,Yes,TRUE,TRUE,TRUE,FALSE,Yes,No,Yes,FALSE,0,4.2,1.25,Pickaxe,0,FALSE,TRUE,TRUE,TRUE,No,FALSE,TRUE,TRUE,TRUE,TRUE,FALSE,FALSE,Yes,Yes,TRUE,FALSE,FALSE,FALSE,FALSE,FALSE,No,FALSE,FALSE,FALSE,TRUE,FALSE,100%,Base Drum,FALSE,FALSE,1,FALSE,758
,Pink Terracotta,pink_terracotta,1.6.1 13w19a,265,FALSE,FALSE,FALSE,Yes,Yes,TRUE,TRUE,TRUE,FALSE,Yes,No,Yes,FALSE,0,4.2,1.25,Pickaxe,0,FALSE,TRUE,TRUE,TRUE,No,FALSE,TRUE,TRUE,TRUE,TRUE,FALSE,FALSE,Yes,Yes,TRUE,FALSE,FALSE,FALSE,FALSE,FALSE,No,FALSE,FALSE,FALSE,TRUE,FALSE,100%,Base Drum,FALSE,FALSE,1,FALSE,759
,White Glazed Terracotta,white_glazed_terracotta,1.12 17w06a,481,FALSE,FALSE,FALSE,Yes,Yes,TRUE,TRUE,TRUE,FALSE,Yes,No,Yes,FALSE,0,1.4,1.4,Pickaxe,0,FALSE,TRUE,TRUE,TRUE,No,FALSE,TRUE,TRUE,TRUE,TRUE,FALSE,FALSE,Yes,Yes,TRUE,FALSE,FALSE,FALSE,FALSE,FALSE,No,FALSE,FALSE,FALSE,TRUE,FALSE,100%,Base Drum,FALSE,FALSE,4,TRUE,760
,Light Gray Glazed Terracotta,light_gray_glazed_terracotta,1.12 17w06a,482,FALSE,FALSE,FALSE,Yes,Yes,TRUE,TRUE,TRUE,FALSE,Yes,No,Yes,FALSE,0,1.4,1.4,Pickaxe,0,FALSE,TRUE,TRUE,TRUE,No,FALSE,TRUE,TRUE,TRUE,TRUE,FALSE,FALSE,Yes,Yes,TRUE,FALSE,FALSE,FALSE,FALSE,FALSE,No,FALSE,FALSE,FALSE,TRUE,FALSE,100%,Base Drum,FALSE,FALSE,4,TRUE,761
,Gray Glazed Terracotta,gray_glazed_terracotta,1.12 17w06a,483,FALSE,FALSE,FALSE,Yes,Yes,TRUE,TRUE,TRUE,FALSE,Yes,No,Yes,FALSE,0,1.4,1.4,Pickaxe,0,FALSE,TRUE,TRUE,TRUE,No,FALSE,TRUE,TRUE,TRUE,TRUE,FALSE,FALSE,Yes,Yes,TRUE,FALSE,FALSE,FALSE,FALSE,FALSE,No,FALSE,FALSE,FALSE,TRUE,FALSE,100%,Base Drum,FALSE,FALSE,4,TRUE,762
,Black Glazed Terracotta,black_glazed_terracotta,1.12 17w06a,484,FALSE,FALSE,FALSE,Yes,Yes,TRUE,TRUE,TRUE,FALSE,Yes,No,Yes,FALSE,0,1.4,1.4,Pickaxe,0,FALSE,TRUE,TRUE,TRUE,No,FALSE,TRUE,TRUE,TRUE,TRUE,FALSE,FALSE,Yes,Yes,TRUE,FALSE,FALSE,FALSE,FALSE,FALSE,No,FALSE,FALSE,FALSE,TRUE,FALSE,100%,Base Drum,FALSE,FALSE,4,TRUE,763
,Brown Glazed Terracotta,brown_glazed_terracotta,1.12 17w06a,485,FALSE,FALSE,FALSE,Yes,No,FALSE,TRUE,TRUE,FALSE,Yes,No,Yes,FALSE,0,1.4,1.4,Pickaxe,0,FALSE,TRUE,TRUE,TRUE,No,FALSE,TRUE,TRUE,TRUE,TRUE,FALSE,FALSE,Yes,Yes,TRUE,FALSE,FALSE,FALSE,FALSE,FALSE,No,FALSE,FALSE,FALSE,TRUE,FALSE,100%,Base Drum,FALSE,FALSE,4,TRUE,764
,Red Glazed Terracotta,red_glazed_terracotta,1.12 17w06a,486,FALSE,FALSE,FALSE,Yes,Yes,TRUE,TRUE,TRUE,FALSE,Yes,No,Yes,FALSE,0,1.4,1.4,Pickaxe,0,FALSE,TRUE,TRUE,TRUE,No,FALSE,TRUE,TRUE,TRUE,TRUE,FALSE,FALSE,Yes,Yes,TRUE,FALSE,FALSE,FALSE,FALSE,FALSE,No,FALSE,FALSE,FALSE,TRUE,FALSE,100%,Base Drum,FALSE,FALSE,4,TRUE,765
,Orange Glazed Terracotta,orange_glazed_terracotta,1.12 17w06a,487,FALSE,FALSE,FALSE,Yes,Yes,TRUE,TRUE,TRUE,FALSE,Yes,No,Yes,FALSE,0,1.4,1.4,Pickaxe,0,FALSE,TRUE,TRUE,TRUE,No,FALSE,TRUE,TRUE,TRUE,TRUE,FALSE,FALSE,Yes,Yes,TRUE,FALSE,FALSE,FALSE,FALSE,FALSE,No,FALSE,FALSE,FALSE,TRUE,FALSE,100%,Base Drum,FALSE,FALSE,4,TRUE,766
,Yellow Glazed Terracotta,yellow_glazed_terracotta,1.12 17w06a,488,FALSE,FALSE,FALSE,Yes,Yes,TRUE,TRUE,TRUE,FALSE,Yes,No,Yes,FALSE,0,1.4,1.4,Pickaxe,0,FALSE,TRUE,TRUE,TRUE,No,FALSE,TRUE,TRUE,TRUE,TRUE,FALSE,FALSE,Yes,Yes,TRUE,FALSE,FALSE,FALSE,FALSE,FALSE,No,FALSE,FALSE,FALSE,TRUE,FALSE,100%,Base Drum,FALSE,FALSE,4,TRUE,767
,Lime Glazed Terracotta,lime_glazed_terracotta,1.12 17w06a,489,FALSE,FALSE,FALSE,Yes,Yes,TRUE,TRUE,TRUE,FALSE,Yes,No,Yes,FALSE,0,1.4,1.4,Pickaxe,0,FALSE,TRUE,TRUE,TRUE,No,FALSE,TRUE,TRUE,TRUE,TRUE,FALSE,FALSE,Yes,Yes,TRUE,FALSE,FALSE,FALSE,FALSE,FALSE,No,FALSE,FALSE,FALSE,TRUE,FALSE,100%,Base Drum,FALSE,FALSE,4,TRUE,768
,Green Glazed Terracotta,green_glazed_terracotta,1.12 17w06a,490,FALSE,FALSE,FALSE,Yes,Yes,TRUE,TRUE,TRUE,FALSE,Yes,No,Yes,FALSE,0,1.4,1.4,Pickaxe,0,FALSE,TRUE,TRUE,TRUE,No,FALSE,TRUE,TRUE,TRUE,TRUE,FALSE,FALSE,Yes,Yes,TRUE,FALSE,FALSE,FALSE,FALSE,FALSE,No,FALSE,FALSE,FALSE,TRUE,FALSE,100%,Base Drum,FALSE,FALSE,4,TRUE,769
,Cyan Glazed Terracotta,cyan_glazed_terracotta,1.12 17w06a,491,FALSE,FALSE,FALSE,Yes,Yes,TRUE,TRUE,TRUE,FALSE,Yes,No,Yes,FALSE,0,1.4,1.4,Pickaxe,0,FALSE,TRUE,TRUE,TRUE,No,FALSE,TRUE,TRUE,TRUE,TRUE,FALSE,FALSE,Yes,Yes,TRUE,FALSE,FALSE,FALSE,FALSE,FALSE,No,FALSE,FALSE,FALSE,TRUE,FALSE,100%,Base Drum,FALSE,FALSE,4,TRUE,770
,Light Blue Glazed Terracotta,light_blue_glazed_terracotta,1.12 17w06a,492,FALSE,FALSE,FALSE,Yes,Yes,TRUE,TRUE,TRUE,FALSE,Yes,No,Yes,FALSE,0,1.4,1.4,Pickaxe,0,FALSE,TRUE,TRUE,TRUE,No,FALSE,TRUE,TRUE,TRUE,TRUE,FALSE,FALSE,Yes,Yes,TRUE,FALSE,FALSE,FALSE,FALSE,FALSE,No,FALSE,FALSE,FALSE,TRUE,FALSE,100%,Base Drum,FALSE,FALSE,4,TRUE,771
,Blue Glazed Terracotta,blue_glazed_terracotta,1.12 17w06a,493,FALSE,FALSE,FALSE,Yes,Yes,TRUE,TRUE,TRUE,FALSE,Yes,No,Yes,FALSE,0,1.4,1.4,Pickaxe,0,FALSE,TRUE,TRUE,TRUE,No,FALSE,TRUE,TRUE,TRUE,TRUE,FALSE,FALSE,Yes,Yes,TRUE,FALSE,FALSE,FALSE,FALSE,FALSE,No,FALSE,FALSE,FALSE,TRUE,FALSE,100%,Base Drum,FALSE,FALSE,4,TRUE,772
,Purple Glazed Terracotta,purple_glazed_terracotta,1.12 17w06a,494,FALSE,FALSE,FALSE,Yes,Yes,TRUE,TRUE,TRUE,FALSE,Yes,No,Yes,FALSE,0,1.4,1.4,Pickaxe,0,FALSE,TRUE,TRUE,TRUE,No,FALSE,TRUE,TRUE,TRUE,TRUE,FALSE,FALSE,Yes,Yes,TRUE,FALSE,FALSE,FALSE,FALSE,FALSE,No,FALSE,FALSE,FALSE,TRUE,FALSE,100%,Base Drum,FALSE,FALSE,4,TRUE,773
,Magenta Glazed Terracotta,magenta_glazed_terracotta,1.12 17w06a,495,FALSE,FALSE,FALSE,Yes,Yes,TRUE,TRUE,TRUE,FALSE,Yes,No,Yes,FALSE,0,1.4,1.4,Pickaxe,0,FALSE,TRUE,TRUE,TRUE,No,FALSE,TRUE,TRUE,TRUE,TRUE,FALSE,FALSE,Yes,Yes,TRUE,FALSE,FALSE,FALSE,FALSE,FALSE,No,FALSE,FALSE,FALSE,TRUE,FALSE,100%,Base Drum,FALSE,FALSE,4,TRUE,774
,Pink Glazed Terracotta,pink_glazed_terracotta,1.12 17w06a,496,FALSE,FALSE,FALSE,Yes,Yes,TRUE,TRUE,TRUE,FALSE,Yes,No,Yes,FALSE,0,1.4,1.4,Pickaxe,0,FALSE,TRUE,TRUE,TRUE,No,FALSE,TRUE,TRUE,TRUE,TRUE,FALSE,FALSE,Yes,Yes,TRUE,FALSE,FALSE,FALSE,FALSE,FALSE,No,FALSE,FALSE,FALSE,TRUE,FALSE,100%,Base Drum,FALSE,FALSE,4,TRUE,775
,Glass,glass,Classic 0.0.19a,19,FALSE,FALSE,FALSE,Yes,No,FALSE,TRUE,TRUE,FALSE,No,No,Yes,FALSE,0,0.3,0.3,None,0,FALSE,FALSE,TRUE,FALSE,No,FALSE,TRUE,TRUE,TRUE,TRUE,FALSE,FALSE,No,No,FALSE,FALSE,FALSE,FALSE,FALSE,FALSE,Fully,FALSE,TRUE,TRUE,TRUE,FALSE,100%,Hat,FALSE,FALSE,1,FALSE,776
,White Stained Glass,white_stained_glass,1.7.2 13w41a,301,FALSE,FALSE,FALSE,Yes,No,FALSE,TRUE,TRUE,FALSE,No,No,Yes,FALSE,0,0.3,0.3,None,0,FALSE,FALSE,TRUE,FALSE,No,FALSE,TRUE,TRUE,TRUE,TRUE,FALSE,FALSE,No,No,FALSE,FALSE,FALSE,FALSE,FALSE,FALSE,Fully,FALSE,TRUE,TRUE,TRUE,FALSE,100%,Hat,FALSE,FALSE,1,FALSE,777
,Light Gray Stained Glass,light_gray_stained_glass,1.7.2 13w41a,302,FALSE,FALSE,FALSE,Yes,No,FALSE,TRUE,TRUE,FALSE,No,No,Yes,FALSE,0,0.3,0.3,None,0,FALSE,FALSE,TRUE,FALSE,No,FALSE,TRUE,TRUE,TRUE,TRUE,FALSE,FALSE,No,No,FALSE,FALSE,FALSE,FALSE,FALSE,FALSE,Fully,FALSE,TRUE,TRUE,TRUE,FALSE,100%,Hat,FALSE,FALSE,1,FALSE,778
,Gray Stained Glass,gray_stained_glass,1.7.2 13w41a,303,FALSE,FALSE,FALSE,Yes,No,FALSE,TRUE,TRUE,FALSE,No,No,Yes,FALSE,0,0.3,0.3,None,0,FALSE,FALSE,TRUE,FALSE,No,FALSE,TRUE,TRUE,TRUE,TRUE,FALSE,FALSE,No,No,FALSE,FALSE,FALSE,FALSE,FALSE,FALSE,Fully,FALSE,TRUE,TRUE,TRUE,FALSE,100%,Hat,FALSE,FALSE,1,FALSE,779
,Black Stained Glass,black_stained_glass,1.7.2 13w41a,304,FALSE,FALSE,FALSE,Yes,No,FALSE,TRUE,TRUE,FALSE,No,No,Yes,FALSE,0,0.3,0.3,None,0,FALSE,FALSE,TRUE,FALSE,No,FALSE,TRUE,TRUE,TRUE,TRUE,FALSE,FALSE,No,No,FALSE,FALSE,FALSE,FALSE,FALSE,FALSE,Fully,FALSE,TRUE,TRUE,TRUE,FALSE,100%,Hat,FALSE,FALSE,1,FALSE,780
,Brown Stained Glass,brown_stained_glass,1.7.2 13w41a,305,FALSE,FALSE,FALSE,Yes,No,FALSE,TRUE,TRUE,FALSE,No,No,Yes,FALSE,0,0.3,0.3,None,0,FALSE,FALSE,TRUE,FALSE,No,FALSE,TRUE,TRUE,TRUE,TRUE,FALSE,FALSE,No,No,FALSE,FALSE,FALSE,FALSE,FALSE,FALSE,Fully,FALSE,TRUE,TRUE,TRUE,FALSE,100%,Hat,FALSE,FALSE,1,FALSE,781
,Red Stained Glass,red_stained_glass,1.7.2 13w41a,306,FALSE,FALSE,FALSE,Yes,No,FALSE,TRUE,TRUE,FALSE,No,No,Yes,FALSE,0,0.3,0.3,None,0,FALSE,FALSE,TRUE,FALSE,No,FALSE,TRUE,TRUE,TRUE,TRUE,FALSE,FALSE,No,No,FALSE,FALSE,FALSE,FALSE,FALSE,FALSE,Fully,FALSE,TRUE,TRUE,TRUE,FALSE,100%,Hat,FALSE,FALSE,1,FALSE,782
,Orange Stained Glass,orange_stained_glass,1.7.2 13w41a,307,FALSE,FALSE,FALSE,Yes,No,FALSE,TRUE,TRUE,FALSE,No,No,Yes,FALSE,0,0.3,0.3,None,0,FALSE,FALSE,TRUE,FALSE,No,FALSE,TRUE,TRUE,TRUE,TRUE,FALSE,FALSE,No,No,FALSE,FALSE,FALSE,FALSE,FALSE,FALSE,Fully,FALSE,TRUE,TRUE,TRUE,FALSE,100%,Hat,FALSE,FALSE,1,FALSE,783
,Yellow Stained Glass,yellow_stained_glass,1.7.2 13w41a,308,FALSE,FALSE,FALSE,Yes,No,FALSE,TRUE,TRUE,FALSE,No,No,Yes,FALSE,0,0.3,0.3,None,0,FALSE,FALSE,TRUE,FALSE,No,FALSE,TRUE,TRUE,TRUE,TRUE,FALSE,FALSE,No,No,FALSE,FALSE,FALSE,FALSE,FALSE,FALSE,Fully,FALSE,TRUE,TRUE,TRUE,FALSE,100%,Hat,FALSE,FALSE,1,FALSE,784
,Lime Stained Glass,lime_stained_glass,1.7.2 13w41a,309,FALSE,FALSE,FALSE,Yes,No,FALSE,TRUE,TRUE,FALSE,No,No,Yes,FALSE,0,0.3,0.3,None,0,FALSE,FALSE,TRUE,FALSE,No,FALSE,TRUE,TRUE,TRUE,TRUE,FALSE,FALSE,No,No,FALSE,FALSE,FALSE,FALSE,FALSE,FALSE,Fully,FALSE,TRUE,TRUE,TRUE,FALSE,100%,Hat,FALSE,FALSE,1,FALSE,785
,Green Stained Glass,green_stained_glass,1.7.2 13w41a,310,FALSE,FALSE,FALSE,Yes,No,FALSE,TRUE,TRUE,FALSE,No,No,Yes,FALSE,0,0.3,0.3,None,0,FALSE,FALSE,TRUE,FALSE,No,FALSE,TRUE,TRUE,TRUE,TRUE,FALSE,FALSE,No,No,FALSE,FALSE,FALSE,FALSE,FALSE,FALSE,Fully,FALSE,TRUE,TRUE,TRUE,FALSE,100%,Hat,FALSE,FALSE,1,FALSE,786
,Cyan Stained Glass,cyan_stained_glass,1.7.2 13w41a,311,FALSE,FALSE,FALSE,Yes,No,FALSE,TRUE,TRUE,FALSE,No,No,Yes,FALSE,0,0.3,0.3,None,0,FALSE,FALSE,TRUE,FALSE,No,FALSE,TRUE,TRUE,TRUE,TRUE,FALSE,FALSE,No,No,FALSE,FALSE,FALSE,FALSE,FALSE,FALSE,Fully,FALSE,TRUE,TRUE,TRUE,FALSE,100%,Hat,FALSE,FALSE,1,FALSE,787
,Light Blue Stained Glass,light_blue_stained_glass,1.7.2 13w41a,312,FALSE,FALSE,FALSE,Yes,No,FALSE,TRUE,TRUE,FALSE,No,No,Yes,FALSE,0,0.3,0.3,None,0,FALSE,FALSE,TRUE,FALSE,No,FALSE,TRUE,TRUE,TRUE,TRUE,FALSE,FALSE,No,No,FALSE,FALSE,FALSE,FALSE,FALSE,FALSE,Fully,FALSE,TRUE,TRUE,TRUE,FALSE,100%,Hat,FALSE,FALSE,1,FALSE,788
,Blue Stained Glass,blue_stained_glass,1.7.2 13w41a,313,FALSE,FALSE,FALSE,Yes,No,FALSE,TRUE,TRUE,FALSE,No,No,Yes,FALSE,0,0.3,0.3,None,0,FALSE,FALSE,TRUE,FALSE,No,FALSE,TRUE,TRUE,TRUE,TRUE,FALSE,FALSE,No,No,FALSE,FALSE,FALSE,FALSE,FALSE,FALSE,Fully,FALSE,TRUE,TRUE,TRUE,FALSE,100%,Hat,FALSE,FALSE,1,FALSE,789
,Purple Stained Glass,purple_stained_glass,1.7.2 13w41a,314,FALSE,FALSE,FALSE,Yes,No,FALSE,TRUE,TRUE,FALSE,No,No,Yes,FALSE,0,0.3,0.3,None,0,FALSE,FALSE,TRUE,FALSE,No,FALSE,TRUE,TRUE,TRUE,TRUE,FALSE,FALSE,No,No,FALSE,FALSE,FALSE,FALSE,FALSE,FALSE,Fully,FALSE,TRUE,TRUE,TRUE,FALSE,100%,Hat,FALSE,FALSE,1,FALSE,790
,Magenta Stained Glass,magenta_stained_glass,1.7.2 13w41a,315,FALSE,FALSE,FALSE,Yes,No,FALSE,TRUE,TRUE,FALSE,No,No,Yes,FALSE,0,0.3,0.3,None,0,FALSE,FALSE,TRUE,FALSE,No,FALSE,TRUE,TRUE,TRUE,TRUE,FALSE,FALSE,No,No,FALSE,FALSE,FALSE,FALSE,FALSE,FALSE,Fully,FALSE,TRUE,TRUE,TRUE,FALSE,100%,Hat,FALSE,FALSE,1,FALSE,791
,Pink Stained Glass,pink_stained_glass,1.7.2 13w41a,316,FALSE,FALSE,FALSE,Yes,No,FALSE,TRUE,TRUE,FALSE,No,No,Yes,FALSE,0,0.3,0.3,None,0,FALSE,FALSE,TRUE,FALSE,No,FALSE,TRUE,TRUE,TRUE,TRUE,FALSE,FALSE,No,No,FALSE,FALSE,FALSE,FALSE,FALSE,FALSE,Fully,FALSE,TRUE,TRUE,TRUE,FALSE,100%,Hat,FALSE,FALSE,1,FALSE,792
,Glass Pane,glass_pane,1.7.2 13w41a,317,FALSE,FALSE,FALSE,Yes,No,FALSE,TRUE,TRUE,FALSE,No,No,No,TRUE,0,0.3,0.3,None,0,FALSE,FALSE,TRUE,FALSE,Yes,FALSE,TRUE,FALSE,TRUE,FALSE,FALSE,FALSE,No,No,FALSE,FALSE,FALSE,FALSE,FALSE,FALSE,Fully,FALSE,TRUE,TRUE,TRUE,FALSE,100%,Hat,FALSE,FALSE,1,TRUE,793
,White Stained Glass Pane,white_stained_glass_pane,Beta 1.8 Pre-Release,129,FALSE,FALSE,FALSE,Yes,No,FALSE,TRUE,TRUE,FALSE,No,No,No,TRUE,0,0.3,0.3,None,0,FALSE,FALSE,TRUE,FALSE,Yes,FALSE,TRUE,FALSE,TRUE,FALSE,FALSE,FALSE,No,No,FALSE,FALSE,FALSE,FALSE,FALSE,FALSE,Fully,FALSE,TRUE,TRUE,TRUE,FALSE,100%,Hat,FALSE,FALSE,1,TRUE,794
,Light Gray Stained Glass Pane,light_gray_stained_glass_pane,1.7.2 13w41a,318,FALSE,FALSE,FALSE,Yes,No,FALSE,TRUE,TRUE,FALSE,No,No,No,TRUE,0,0.3,0.3,None,0,FALSE,FALSE,TRUE,FALSE,Yes,FALSE,TRUE,FALSE,TRUE,FALSE,FALSE,FALSE,No,No,FALSE,FALSE,FALSE,FALSE,FALSE,FALSE,Fully,FALSE,TRUE,TRUE,TRUE,FALSE,100%,Hat,FALSE,FALSE,1,TRUE,795
,Gray Stained Glass Pane,gray_stained_glass_pane,1.7.2 13w41a,319,FALSE,FALSE,FALSE,Yes,No,FALSE,TRUE,TRUE,FALSE,No,No,No,TRUE,0,0.3,0.3,None,0,FALSE,FALSE,TRUE,FALSE,Yes,FALSE,TRUE,FALSE,TRUE,FALSE,FALSE,FALSE,No,No,FALSE,FALSE,FALSE,FALSE,FALSE,FALSE,Fully,FALSE,TRUE,TRUE,TRUE,FALSE,100%,Hat,FALSE,FALSE,1,TRUE,796
,Black Stained Glass Pane,black_stained_glass_pane,1.7.2 13w41a,320,FALSE,FALSE,FALSE,Yes,No,FALSE,TRUE,TRUE,FALSE,No,No,No,TRUE,0,0.3,0.3,None,0,FALSE,FALSE,TRUE,FALSE,Yes,FALSE,TRUE,FALSE,TRUE,FALSE,FALSE,FALSE,No,No,FALSE,FALSE,FALSE,FALSE,FALSE,FALSE,Fully,FALSE,TRUE,TRUE,TRUE,FALSE,100%,Hat,FALSE,FALSE,1,TRUE,797
,Brown Stained Glass Pane,brown_stained_glass_pane,1.7.2 13w41a,321,FALSE,FALSE,FALSE,Yes,No,FALSE,TRUE,TRUE,FALSE,No,No,No,TRUE,0,0.3,0.3,None,0,FALSE,FALSE,TRUE,FALSE,Yes,FALSE,TRUE,FALSE,TRUE,FALSE,FALSE,FALSE,No,No,FALSE,FALSE,FALSE,FALSE,FALSE,FALSE,Fully,FALSE,TRUE,TRUE,TRUE,FALSE,100%,Hat,FALSE,FALSE,1,TRUE,798
,Red Stained Glass Pane,red_stained_glass_pane,1.7.2 13w41a,322,FALSE,FALSE,FALSE,Yes,No,FALSE,TRUE,TRUE,FALSE,No,No,No,TRUE,0,0.3,0.3,None,0,FALSE,FALSE,TRUE,FALSE,Yes,FALSE,TRUE,FALSE,TRUE,FALSE,FALSE,FALSE,No,No,FALSE,FALSE,FALSE,FALSE,FALSE,FALSE,Fully,FALSE,TRUE,TRUE,TRUE,FALSE,100%,Hat,FALSE,FALSE,1,TRUE,799
,Orange Stained Glass Pane,orange_stained_glass_pane,1.7.2 13w41a,323,FALSE,FALSE,FALSE,Yes,No,FALSE,TRUE,TRUE,FALSE,No,No,No,TRUE,0,0.3,0.3,None,0,FALSE,FALSE,TRUE,FALSE,Yes,FALSE,TRUE,FALSE,TRUE,FALSE,FALSE,FALSE,No,No,FALSE,FALSE,FALSE,FALSE,FALSE,FALSE,Fully,FALSE,TRUE,TRUE,TRUE,FALSE,100%,Hat,FALSE,FALSE,1,TRUE,800
,Yellow Stained Glass Pane,yellow_stained_glass_pane,1.7.2 13w41a,324,FALSE,FALSE,FALSE,Yes,No,FALSE,TRUE,TRUE,FALSE,No,No,No,TRUE,0,0.3,0.3,None,0,FALSE,FALSE,TRUE,FALSE,Yes,FALSE,TRUE,FALSE,TRUE,FALSE,FALSE,FALSE,No,No,FALSE,FALSE,FALSE,FALSE,FALSE,FALSE,Fully,FALSE,TRUE,TRUE,TRUE,FALSE,100%,Hat,FALSE,FALSE,1,TRUE,801
,Lime Stained Glass Pane,lime_stained_glass_pane,1.7.2 13w41a,325,FALSE,FALSE,FALSE,Yes,No,FALSE,TRUE,TRUE,FALSE,No,No,No,TRUE,0,0.3,0.3,None,0,FALSE,FALSE,TRUE,FALSE,Yes,FALSE,TRUE,FALSE,TRUE,FALSE,FALSE,FALSE,No,No,FALSE,FALSE,FALSE,FALSE,FALSE,FALSE,Fully,FALSE,TRUE,TRUE,TRUE,FALSE,100%,Hat,FALSE,FALSE,1,TRUE,802
,Green Stained Glass Pane,green_stained_glass_pane,1.7.2 13w41a,326,FALSE,FALSE,FALSE,Yes,No,FALSE,TRUE,TRUE,FALSE,No,No,No,TRUE,0,0.3,0.3,None,0,FALSE,FALSE,TRUE,FALSE,Yes,FALSE,TRUE,FALSE,TRUE,FALSE,FALSE,FALSE,No,No,FALSE,FALSE,FALSE,FALSE,FALSE,FALSE,Fully,FALSE,TRUE,TRUE,TRUE,FALSE,100%,Hat,FALSE,FALSE,1,TRUE,803
,Cyan Stained Glass Pane,cyan_stained_glass_pane,1.7.2 13w41a,327,FALSE,FALSE,FALSE,Yes,No,FALSE,TRUE,TRUE,FALSE,No,No,No,TRUE,0,0.3,0.3,None,0,FALSE,FALSE,TRUE,FALSE,Yes,FALSE,TRUE,FALSE,TRUE,FALSE,FALSE,FALSE,No,No,FALSE,FALSE,FALSE,FALSE,FALSE,FALSE,Fully,FALSE,TRUE,TRUE,TRUE,FALSE,100%,Hat,FALSE,FALSE,1,TRUE,804
,Light Blue Stained Glass Pane,light_blue_stained_glass_pane,1.7.2 13w41a,328,FALSE,FALSE,FALSE,Yes,No,FALSE,TRUE,TRUE,FALSE,No,No,No,TRUE,0,0.3,0.3,None,0,FALSE,FALSE,TRUE,FALSE,Yes,FALSE,TRUE,FALSE,TRUE,FALSE,FALSE,FALSE,No,No,FALSE,FALSE,FALSE,FALSE,FALSE,FALSE,Fully,FALSE,TRUE,TRUE,TRUE,FALSE,100%,Hat,FALSE,FALSE,1,TRUE,805
,Blue Stained Glass Pane,blue_stained_glass_pane,1.7.2 13w41a,329,FALSE,FALSE,FALSE,Yes,No,FALSE,TRUE,TRUE,FALSE,No,No,No,TRUE,0,0.3,0.3,None,0,FALSE,FALSE,TRUE,FALSE,Yes,FALSE,TRUE,FALSE,TRUE,FALSE,FALSE,FALSE,No,No,FALSE,FALSE,FALSE,FALSE,FALSE,FALSE,Fully,FALSE,TRUE,TRUE,TRUE,FALSE,100%,Hat,FALSE,FALSE,1,TRUE,806
,Purple Stained Glass Pane,purple_stained_glass_pane,1.7.2 13w41a,330,FALSE,FALSE,FALSE,Yes,No,FALSE,TRUE,TRUE,FALSE,No,No,No,TRUE,0,0.3,0.3,None,0,FALSE,FALSE,TRUE,FALSE,Yes,FALSE,TRUE,FALSE,TRUE,FALSE,FALSE,FALSE,No,No,FALSE,FALSE,FALSE,FALSE,FALSE,FALSE,Fully,FALSE,TRUE,TRUE,TRUE,FALSE,100%,Hat,FALSE,FALSE,1,TRUE,807
,Magenta Stained Glass Pane,magenta_stained_glass_pane,1.7.2 13w41a,331,FALSE,FALSE,FALSE,Yes,No,FALSE,TRUE,TRUE,FALSE,No,No,No,TRUE,0,0.3,0.3,None,0,FALSE,FALSE,TRUE,FALSE,Yes,FALSE,TRUE,FALSE,TRUE,FALSE,FALSE,FALSE,No,No,FALSE,FALSE,FALSE,FALSE,FALSE,FALSE,Fully,FALSE,TRUE,TRUE,TRUE,FALSE,100%,Hat,FALSE,FALSE,1,TRUE,808
,Pink Stained Glass Pane,pink_stained_glass_pane,1.7.2 13w41a,332,FALSE,FALSE,FALSE,Yes,No,FALSE,TRUE,TRUE,FALSE,No,No,No,TRUE,0,0.3,0.3,None,0,FALSE,FALSE,TRUE,FALSE,Yes,FALSE,TRUE,FALSE,TRUE,FALSE,FALSE,FALSE,No,No,FALSE,FALSE,FALSE,FALSE,FALSE,FALSE,Fully,FALSE,TRUE,TRUE,TRUE,FALSE,100%,Hat,FALSE,FALSE,1,TRUE,809
,Tinted Glass,tinted_glass,1.7.2 13w41a,333,FALSE,FALSE,FALSE,Yes,No,FALSE,TRUE,TRUE,FALSE,No,No,Yes,FALSE,0,0.3,0.3,None,0,TRUE,TRUE,TRUE,FALSE,No,FALSE,TRUE,TRUE,TRUE,TRUE,FALSE,FALSE,No,No,FALSE,FALSE,FALSE,FALSE,FALSE,FALSE,No,FALSE,FALSE,TRUE,TRUE,FALSE,100%,Hat,FALSE,FALSE,1,FALSE,810
,Candle,candle,1.17 20w45a,803,FALSE,FALSE,FALSE,Yes,Yes,TRUE,TRUE,TRUE,FALSE,No,No,No,TRUE,0/3/6/9/12,0.1,0.1,None,0,TRUE,TRUE,TRUE,FALSE,Yes,FALSE,TRUE,FALSE,TRUE,FALSE,FALSE,TRUE,No,No,FALSE,FALSE,TRUE,FALSE,FALSE,FALSE,Fully,FALSE,TRUE,TRUE,FALSE,FALSE,100%,Harp,FALSE,FALSE,1,TRUE,811
,White Candle,white_candle,1.17 20w45a,804,FALSE,FALSE,FALSE,Yes,Yes,TRUE,TRUE,TRUE,FALSE,No,No,No,TRUE,0/3/6/9/12,0.1,0.1,None,0,TRUE,TRUE,TRUE,FALSE,Yes,FALSE,TRUE,FALSE,TRUE,FALSE,FALSE,TRUE,No,No,FALSE,FALSE,TRUE,FALSE,FALSE,FALSE,Fully,FALSE,TRUE,TRUE,FALSE,FALSE,100%,Harp,FALSE,FALSE,1,TRUE,812
,Light Gray Candle,light_gray_candle,1.17 20w45a,805,FALSE,FALSE,FALSE,Yes,Yes,TRUE,TRUE,TRUE,FALSE,No,No,No,TRUE,0/3/6/9/12,0.1,0.1,None,0,TRUE,TRUE,TRUE,FALSE,Yes,FALSE,TRUE,FALSE,TRUE,FALSE,FALSE,TRUE,No,No,FALSE,FALSE,TRUE,FALSE,FALSE,FALSE,Fully,FALSE,TRUE,TRUE,FALSE,FALSE,100%,Harp,FALSE,FALSE,1,TRUE,813
,Gray Candle,gray_candle,1.17 20w45a,806,FALSE,FALSE,FALSE,Yes,Yes,TRUE,TRUE,TRUE,FALSE,No,No,No,TRUE,0/3/6/9/12,0.1,0.1,None,0,TRUE,TRUE,TRUE,FALSE,Yes,FALSE,TRUE,FALSE,TRUE,FALSE,FALSE,TRUE,No,No,FALSE,FALSE,TRUE,FALSE,FALSE,FALSE,Fully,FALSE,TRUE,TRUE,FALSE,FALSE,100%,Harp,FALSE,FALSE,1,TRUE,814
,Black Candle,black_candle,1.17 20w45a,807,FALSE,FALSE,FALSE,Yes,Yes,TRUE,TRUE,TRUE,FALSE,No,No,No,TRUE,0/3/6/9/12,0.1,0.1,None,0,TRUE,TRUE,TRUE,FALSE,Yes,FALSE,TRUE,FALSE,TRUE,FALSE,FALSE,TRUE,No,No,FALSE,FALSE,TRUE,FALSE,FALSE,FALSE,Fully,FALSE,TRUE,TRUE,FALSE,FALSE,100%,Harp,FALSE,FALSE,1,TRUE,815
,Brown Candle,brown_candle,1.17 20w45a,808,FALSE,FALSE,FALSE,Yes,No,FALSE,TRUE,TRUE,FALSE,No,No,No,TRUE,0/3/6/9/12,0.1,0.1,None,0,TRUE,TRUE,TRUE,FALSE,Yes,FALSE,TRUE,FALSE,TRUE,FALSE,FALSE,TRUE,No,No,FALSE,FALSE,TRUE,FALSE,FALSE,FALSE,Fully,FALSE,TRUE,TRUE,FALSE,FALSE,100%,Harp,FALSE,FALSE,1,TRUE,816
,Red Candle,red_candle,1.17 20w45a,809,FALSE,FALSE,FALSE,Yes,Yes,TRUE,TRUE,TRUE,FALSE,No,No,No,TRUE,0/3/6/9/12,0.1,0.1,None,0,TRUE,TRUE,TRUE,FALSE,Yes,FALSE,TRUE,FALSE,TRUE,FALSE,FALSE,TRUE,No,No,FALSE,FALSE,TRUE,FALSE,FALSE,FALSE,Fully,FALSE,TRUE,TRUE,FALSE,FALSE,100%,Harp,FALSE,FALSE,1,TRUE,817
,Orange Candle,orange_candle,1.17 20w45a,810,FALSE,FALSE,FALSE,Yes,Yes,TRUE,TRUE,TRUE,FALSE,No,No,No,TRUE,0/3/6/9/12,0.1,0.1,None,0,TRUE,TRUE,TRUE,FALSE,Yes,FALSE,TRUE,FALSE,TRUE,FALSE,FALSE,TRUE,No,No,FALSE,FALSE,TRUE,FALSE,FALSE,FALSE,Fully,FALSE,TRUE,TRUE,FALSE,FALSE,100%,Harp,FALSE,FALSE,1,TRUE,818
,Yellow Candle,yellow_candle,1.17 20w45a,811,FALSE,FALSE,FALSE,Yes,Yes,TRUE,TRUE,TRUE,FALSE,No,No,No,TRUE,0/3/6/9/12,0.1,0.1,None,0,TRUE,TRUE,TRUE,FALSE,Yes,FALSE,TRUE,FALSE,TRUE,FALSE,FALSE,TRUE,No,No,FALSE,FALSE,TRUE,FALSE,FALSE,FALSE,Fully,FALSE,TRUE,TRUE,FALSE,FALSE,100%,Harp,FALSE,FALSE,1,TRUE,819
,Lime Candle,lime_candle,1.17 20w45a,812,FALSE,FALSE,FALSE,Yes,Yes,TRUE,TRUE,TRUE,FALSE,No,No,No,TRUE,0/3/6/9/12,0.1,0.1,None,0,TRUE,TRUE,TRUE,FALSE,Yes,FALSE,TRUE,FALSE,TRUE,FALSE,FALSE,TRUE,No,No,FALSE,FALSE,TRUE,FALSE,FALSE,FALSE,Fully,FALSE,TRUE,TRUE,FALSE,FALSE,100%,Harp,FALSE,FALSE,1,TRUE,820
,Green Candle,green_candle,1.17 20w45a,813,FALSE,FALSE,FALSE,Yes,Yes,TRUE,TRUE,TRUE,FALSE,No,No,No,TRUE,0/3/6/9/12,0.1,0.1,None,0,TRUE,TRUE,TRUE,FALSE,Yes,FALSE,TRUE,FALSE,TRUE,FALSE,FALSE,TRUE,No,No,FALSE,FALSE,TRUE,FALSE,FALSE,FALSE,Fully,FALSE,TRUE,TRUE,FALSE,FALSE,100%,Harp,FALSE,FALSE,1,TRUE,821
,Cyan Candle,cyan_candle,1.17 20w45a,814,FALSE,FALSE,FALSE,Yes,Yes,TRUE,TRUE,TRUE,FALSE,No,No,No,TRUE,0/3/6/9/12,0.1,0.1,None,0,TRUE,TRUE,TRUE,FALSE,Yes,FALSE,TRUE,FALSE,TRUE,FALSE,FALSE,TRUE,No,No,FALSE,FALSE,TRUE,FALSE,FALSE,FALSE,Fully,FALSE,TRUE,TRUE,FALSE,FALSE,100%,Harp,FALSE,FALSE,1,TRUE,822
,Light Blue Candle,light_blue_candle,1.17 20w45a,815,FALSE,FALSE,FALSE,Yes,Yes,TRUE,TRUE,TRUE,FALSE,No,No,No,TRUE,0/3/6/9/12,0.1,0.1,None,0,TRUE,TRUE,TRUE,FALSE,Yes,FALSE,TRUE,FALSE,TRUE,FALSE,FALSE,TRUE,No,No,FALSE,FALSE,TRUE,FALSE,FALSE,FALSE,Fully,FALSE,TRUE,TRUE,FALSE,FALSE,100%,Harp,FALSE,FALSE,1,TRUE,823
,Blue Candle,blue_candle,1.17 20w45a,816,FALSE,FALSE,FALSE,Yes,Yes,TRUE,TRUE,TRUE,FALSE,No,No,No,TRUE,0/3/6/9/12,0.1,0.1,None,0,TRUE,TRUE,TRUE,FALSE,Yes,FALSE,TRUE,FALSE,TRUE,FALSE,FALSE,TRUE,No,No,FALSE,FALSE,TRUE,FALSE,FALSE,FALSE,Fully,FALSE,TRUE,TRUE,FALSE,FALSE,100%,Harp,FALSE,FALSE,1,TRUE,824
,Purple Candle,purple_candle,1.17 20w45a,817,FALSE,FALSE,FALSE,Yes,Yes,TRUE,TRUE,TRUE,FALSE,No,No,No,TRUE,0/3/6/9/12,0.1,0.1,None,0,TRUE,TRUE,TRUE,FALSE,Yes,FALSE,TRUE,FALSE,TRUE,FALSE,FALSE,TRUE,No,No,FALSE,FALSE,TRUE,FALSE,FALSE,FALSE,Fully,FALSE,TRUE,TRUE,FALSE,FALSE,100%,Harp,FALSE,FALSE,1,TRUE,825
,Magenta Candle,magenta_candle,1.17 20w45a,818,FALSE,FALSE,FALSE,Yes,Yes,TRUE,TRUE,TRUE,FALSE,No,No,No,TRUE,0/3/6/9/12,0.1,0.1,None,0,TRUE,TRUE,TRUE,FALSE,Yes,FALSE,TRUE,FALSE,TRUE,FALSE,FALSE,TRUE,No,No,FALSE,FALSE,TRUE,FALSE,FALSE,FALSE,Fully,FALSE,TRUE,TRUE,FALSE,FALSE,100%,Harp,FALSE,FALSE,1,TRUE,826
,Pink Candle,pink_candle,1.17 20w45a,819,FALSE,FALSE,FALSE,Yes,Yes,TRUE,TRUE,TRUE,FALSE,No,No,No,TRUE,0/3/6/9/12,0.1,0.1,None,0,TRUE,TRUE,TRUE,FALSE,Yes,FALSE,TRUE,FALSE,TRUE,FALSE,FALSE,TRUE,No,No,FALSE,FALSE,TRUE,FALSE,FALSE,FALSE,Fully,FALSE,TRUE,TRUE,FALSE,FALSE,100%,Harp,FALSE,FALSE,1,TRUE,827
,Shulker Box,shulker_box,1.13 18w10b,561,FALSE,FALSE,FALSE,Yes,Yes,FALSE,TRUE,TRUE,TRUE,Depends,No,Depends,FALSE,0,2,2,Pickaxe,0,TRUE,TRUE,TRUE,FALSE,No,FALSE,TRUE,TRUE,TRUE,TRUE,FALSE,TRUE,Depends,Depends,TRUE,FALSE,FALSE,FALSE,FALSE,FALSE,Fully,TRUE,TRUE,TRUE,TRUE,FALSE,100%,Harp,TRUE,TRUE,6,TRUE,828
,White Shulker Box,white_shulker_box,1.11 16w39a,432,FALSE,FALSE,FALSE,Yes,Yes,FALSE,TRUE,TRUE,TRUE,Depends,No,Depends,FALSE,0,2,2,Pickaxe,0,TRUE,TRUE,TRUE,FALSE,No,FALSE,TRUE,TRUE,TRUE,TRUE,FALSE,TRUE,Depends,Depends,TRUE,FALSE,FALSE,FALSE,FALSE,FALSE,Fully,TRUE,TRUE,TRUE,TRUE,FALSE,100%,Harp,TRUE,TRUE,6,TRUE,829
,Light Gray Shulker Box,light_gray_shulker_box,1.11 16w39a,433,FALSE,FALSE,FALSE,Yes,Yes,FALSE,TRUE,TRUE,TRUE,Depends,No,Depends,FALSE,0,2,2,Pickaxe,0,TRUE,TRUE,TRUE,FALSE,No,FALSE,TRUE,TRUE,TRUE,TRUE,FALSE,TRUE,Depends,Depends,TRUE,FALSE,FALSE,FALSE,FALSE,FALSE,Fully,TRUE,TRUE,TRUE,TRUE,FALSE,100%,Harp,TRUE,TRUE,6,TRUE,830
,Gray Shulker Box,gray_shulker_box,1.11 16w39a,434,FALSE,FALSE,FALSE,Yes,Yes,FALSE,TRUE,TRUE,TRUE,Depends,No,Depends,FALSE,0,2,2,Pickaxe,0,TRUE,TRUE,TRUE,FALSE,No,FALSE,TRUE,TRUE,TRUE,TRUE,FALSE,TRUE,Depends,Depends,TRUE,FALSE,FALSE,FALSE,FALSE,FALSE,Fully,TRUE,TRUE,TRUE,TRUE,FALSE,100%,Harp,TRUE,TRUE,6,TRUE,831
,Black Shulker Box,black_shulker_box,1.11 16w39a,435,FALSE,FALSE,FALSE,Yes,Yes,FALSE,TRUE,TRUE,TRUE,Depends,No,Depends,FALSE,0,2,2,Pickaxe,0,TRUE,TRUE,TRUE,FALSE,No,FALSE,TRUE,TRUE,TRUE,TRUE,FALSE,TRUE,Depends,Depends,TRUE,FALSE,FALSE,FALSE,FALSE,FALSE,Fully,TRUE,TRUE,TRUE,TRUE,FALSE,100%,Harp,TRUE,TRUE,6,TRUE,832
,Brown Shulker Box,brown_shulker_box,1.11 16w39a,436,FALSE,FALSE,FALSE,Yes,No,FALSE,TRUE,TRUE,TRUE,Depends,No,Depends,FALSE,0,2,2,Pickaxe,0,TRUE,TRUE,TRUE,FALSE,No,FALSE,TRUE,TRUE,TRUE,TRUE,FALSE,TRUE,Depends,Depends,TRUE,FALSE,FALSE,FALSE,FALSE,FALSE,Fully,TRUE,TRUE,TRUE,TRUE,FALSE,100%,Harp,TRUE,TRUE,6,TRUE,833
,Red Shulker Box,red_shulker_box,1.11 16w39a,437,FALSE,FALSE,FALSE,Yes,Yes,FALSE,TRUE,TRUE,TRUE,Depends,No,Depends,FALSE,0,2,2,Pickaxe,0,TRUE,TRUE,TRUE,FALSE,No,FALSE,TRUE,TRUE,TRUE,TRUE,FALSE,TRUE,Depends,Depends,TRUE,FALSE,FALSE,FALSE,FALSE,FALSE,Fully,TRUE,TRUE,TRUE,TRUE,FALSE,100%,Harp,TRUE,TRUE,6,TRUE,834
,Orange Shulker Box,orange_shulker_box,1.11 16w39a,438,FALSE,FALSE,FALSE,Yes,Yes,FALSE,TRUE,TRUE,TRUE,Depends,No,Depends,FALSE,0,2,2,Pickaxe,0,TRUE,TRUE,TRUE,FALSE,No,FALSE,TRUE,TRUE,TRUE,TRUE,FALSE,TRUE,Depends,Depends,TRUE,FALSE,FALSE,FALSE,FALSE,FALSE,Fully,TRUE,TRUE,TRUE,TRUE,FALSE,100%,Harp,TRUE,TRUE,6,TRUE,835
,Yellow Shulker Box,yellow_shulker_box,1.11 16w39a,439,FALSE,FALSE,FALSE,Yes,Yes,FALSE,TRUE,TRUE,TRUE,Depends,No,Depends,FALSE,0,2,2,Pickaxe,0,TRUE,TRUE,TRUE,FALSE,No,FALSE,TRUE,TRUE,TRUE,TRUE,FALSE,TRUE,Depends,Depends,TRUE,FALSE,FALSE,FALSE,FALSE,FALSE,Fully,TRUE,TRUE,TRUE,TRUE,FALSE,100%,Harp,TRUE,TRUE,6,TRUE,836
,Lime Shulker Box,lime_shulker_box,1.11 16w39a,440,FALSE,FALSE,FALSE,Yes,Yes,FALSE,TRUE,TRUE,TRUE,Depends,No,Depends,FALSE,0,2,2,Pickaxe,0,TRUE,TRUE,TRUE,FALSE,No,FALSE,TRUE,TRUE,TRUE,TRUE,FALSE,TRUE,Depends,Depends,TRUE,FALSE,FALSE,FALSE,FALSE,FALSE,Fully,TRUE,TRUE,TRUE,TRUE,FALSE,100%,Harp,TRUE,TRUE,6,TRUE,837
,Green Shulker Box,green_shulker_box,1.11 16w39a,441,FALSE,FALSE,FALSE,Yes,Yes,FALSE,TRUE,TRUE,TRUE,Depends,No,Depends,FALSE,0,2,2,Pickaxe,0,TRUE,TRUE,TRUE,FALSE,No,FALSE,TRUE,TRUE,TRUE,TRUE,FALSE,TRUE,Depends,Depends,TRUE,FALSE,FALSE,FALSE,FALSE,FALSE,Fully,TRUE,TRUE,TRUE,TRUE,FALSE,100%,Harp,TRUE,TRUE,6,TRUE,838
,Cyan Shulker Box,cyan_shulker_box,1.11 16w39a,442,FALSE,FALSE,FALSE,Yes,Yes,FALSE,TRUE,TRUE,TRUE,Depends,No,Depends,FALSE,0,2,2,Pickaxe,0,TRUE,TRUE,TRUE,FALSE,No,FALSE,TRUE,TRUE,TRUE,TRUE,FALSE,TRUE,Depends,Depends,TRUE,FALSE,FALSE,FALSE,FALSE,FALSE,Fully,TRUE,TRUE,TRUE,TRUE,FALSE,100%,Harp,TRUE,TRUE,6,TRUE,839
,Light Blue Shulker Box,light_blue_shulker_box,1.11 16w39a,443,FALSE,FALSE,FALSE,Yes,Yes,FALSE,TRUE,TRUE,TRUE,Depends,No,Depends,FALSE,0,2,2,Pickaxe,0,TRUE,TRUE,TRUE,FALSE,No,FALSE,TRUE,TRUE,TRUE,TRUE,FALSE,TRUE,Depends,Depends,TRUE,FALSE,FALSE,FALSE,FALSE,FALSE,Fully,TRUE,TRUE,TRUE,TRUE,FALSE,100%,Harp,TRUE,TRUE,6,TRUE,840
,Blue Shulker Box,blue_shulker_box,1.11 16w39a,444,FALSE,FALSE,FALSE,Yes,Yes,FALSE,TRUE,TRUE,TRUE,Depends,No,Depends,FALSE,0,2,2,Pickaxe,0,TRUE,TRUE,TRUE,FALSE,No,FALSE,TRUE,TRUE,TRUE,TRUE,FALSE,TRUE,Depends,Depends,TRUE,FALSE,FALSE,FALSE,FALSE,FALSE,Fully,TRUE,TRUE,TRUE,TRUE,FALSE,100%,Harp,TRUE,TRUE,6,TRUE,841
,Purple Shulker Box,purple_shulker_box,1.11 16w39a,445,FALSE,FALSE,FALSE,Yes,Yes,FALSE,TRUE,TRUE,TRUE,Depends,No,Depends,FALSE,0,2,2,Pickaxe,0,TRUE,TRUE,TRUE,FALSE,No,FALSE,TRUE,TRUE,TRUE,TRUE,FALSE,TRUE,Depends,Depends,TRUE,FALSE,FALSE,FALSE,FALSE,FALSE,Fully,TRUE,TRUE,TRUE,TRUE,FALSE,100%,Harp,TRUE,TRUE,6,TRUE,842
,Magenta Shulker Box,magenta_shulker_box,1.11 16w39a,446,FALSE,FALSE,FALSE,Yes,Yes,FALSE,TRUE,TRUE,TRUE,Depends,No,Depends,FALSE,0,2,2,Pickaxe,0,TRUE,TRUE,TRUE,FALSE,No,FALSE,TRUE,TRUE,TRUE,TRUE,FALSE,TRUE,Depends,Depends,TRUE,FALSE,FALSE,FALSE,FALSE,FALSE,Fully,TRUE,TRUE,TRUE,TRUE,FALSE,100%,Harp,TRUE,TRUE,6,TRUE,843
,Pink Shulker Box,pink_shulker_box,1.11 16w39a,447,FALSE,FALSE,FALSE,Yes,Yes,FALSE,TRUE,TRUE,TRUE,Depends,No,Depends,FALSE,0,2,2,Pickaxe,0,TRUE,TRUE,TRUE,FALSE,No,FALSE,TRUE,TRUE,TRUE,TRUE,FALSE,TRUE,Depends,Depends,TRUE,FALSE,FALSE,FALSE,FALSE,FALSE,Fully,TRUE,TRUE,TRUE,TRUE,FALSE,100%,Harp,TRUE,TRUE,6,TRUE,844
,Crafting Table,crafting_table,Indev 0.31 20100130,54,FALSE,FALSE,FALSE,Yes,Yes,TRUE,TRUE,TRUE,FALSE,Yes,No,Yes,FALSE,0,2.5,2.5,Axe,0,TRUE,TRUE,TRUE,FALSE,No,FALSE,TRUE,TRUE,TRUE,TRUE,FALSE,FALSE,Yes,Yes,TRUE,FALSE,FALSE,FALSE,FALSE,TRUE,No,FALSE,FALSE,FALSE,TRUE,FALSE,100%,Bass,TRUE,FALSE,1,FALSE,845
,Furnace,furnace,Indev 20100219,57,FALSE,FALSE,FALSE,Yes,Yes,TRUE,TRUE,TRUE,TRUE,Yes,No,Yes,FALSE,0/13,3.5,3.5,Pickaxe,0,FALSE,TRUE,TRUE,FALSE,No,FALSE,TRUE,TRUE,TRUE,TRUE,TRUE,FALSE,Yes,Yes,TRUE,FALSE,FALSE,FALSE,FALSE,FALSE,No,FALSE,FALSE,FALSE,TRUE,FALSE,100%,Base Drum,TRUE,TRUE,4,TRUE,846
,Blast Furnace,blast_furnace,1.14 18w44a,661,FALSE,FALSE,FALSE,Yes,Yes,TRUE,TRUE,TRUE,TRUE,Yes,No,Yes,FALSE,0/13,3.5,3.5,Pickaxe,0,FALSE,TRUE,TRUE,FALSE,No,FALSE,TRUE,TRUE,TRUE,TRUE,TRUE,FALSE,Yes,Yes,TRUE,FALSE,FALSE,FALSE,FALSE,FALSE,No,FALSE,FALSE,FALSE,TRUE,FALSE,100%,Base Drum,TRUE,TRUE,4,TRUE,847
,Smoker,smoker,1.14 18w44a,662,FALSE,FALSE,FALSE,Yes,Yes,TRUE,TRUE,TRUE,TRUE,Yes,No,Yes,FALSE,0/13,3.5,3.5,Pickaxe,0,FALSE,TRUE,TRUE,FALSE,No,FALSE,TRUE,TRUE,TRUE,TRUE,TRUE,FALSE,Yes,Yes,TRUE,FALSE,FALSE,FALSE,FALSE,FALSE,No,FALSE,FALSE,FALSE,TRUE,FALSE,100%,Base Drum,TRUE,TRUE,4,TRUE,848
,Chest,chest,Indev 0.31 20100124,51,FALSE,FALSE,FALSE,Yes,Yes,TRUE,TRUE,TRUE,TRUE,No,No,No,TRUE,0,2.5,2.5,Axe,0,TRUE,TRUE,TRUE,FALSE,Yes,FALSE,TRUE,FALSE,TRUE,FALSE,TRUE,FALSE,No,No,FALSE,FALSE,FALSE,FALSE,FALSE,TRUE,Fully,FALSE,TRUE,TRUE,TRUE,FALSE,100%,Bass,TRUE,TRUE,4,TRUE,849
,Trapped Chest,trapped_chest,1.5 13w01a,218,FALSE,FALSE,FALSE,Yes,Yes,TRUE,TRUE,TRUE,TRUE,No,No,No,TRUE,0,2.5,2.5,Axe,0,TRUE,TRUE,TRUE,FALSE,Yes,FALSE,TRUE,FALSE,TRUE,FALSE,TRUE,FALSE,No,No,FALSE,FALSE,FALSE,FALSE,FALSE,TRUE,Fully,FALSE,TRUE,TRUE,TRUE,FALSE,100%,Bass,TRUE,TRUE,4,TRUE,850
,Ender Chest,ender_chest,1.3.1 12w21a,170,FALSE,FALSE,FALSE,Yes,Yes,TRUE,TRUE,TRUE,TRUE,No,No,No,TRUE,7,600,22.5,Pickaxe,0,FALSE,FALSE,TRUE,FALSE,Yes,FALSE,TRUE,FALSE,TRUE,FALSE,TRUE,FALSE,No,No,FALSE,FALSE,FALSE,FALSE,FALSE,FALSE,Fully,FALSE,TRUE,TRUE,TRUE,FALSE,100%,Base Drum,TRUE,TRUE,4,TRUE,851
,Enchanting Table,enchanting_table,1.0.0 Beta 1.9 Prerelease 3,150,FALSE,FALSE,FALSE,Yes (Vault),Yes (Vault),TRUE,TRUE,TRUE,TRUE,No,No,No,TRUE,7,1200,5,Pickaxe,0,FALSE,TRUE,TRUE,FALSE,No,FALSE,TRUE,FALSE,TRUE,FALSE,TRUE,FALSE,No,No,FALSE,FALSE,FALSE,FALSE,FALSE,FALSE,Directional,FALSE,TRUE,TRUE,TRUE,FALSE,100%,Base Drum,TRUE,FALSE,1,FALSE,852
,Anvil,anvil,1.4.2 12w41a,210,FALSE,FALSE,FALSE,Yes,Yes,TRUE,TRUE,TRUE,FALSE,No,No,No,TRUE,0,1200,5,Pickaxe,0,FALSE,TRUE,TRUE,FALSE,No,FALSE,TRUE,FALSE,TRUE,FALSE,TRUE,FALSE,No,No,FALSE,TRUE,FALSE,TRUE,FALSE,FALSE,Fully,FALSE,TRUE,TRUE,TRUE,FALSE,100%,Harp,TRUE,FALSE,4,TRUE,853
,Chipped Anvil,chipped_anvil,1.4.2 12w41a,211,FALSE,FALSE,FALSE,Yes,Yes,TRUE,TRUE,TRUE,FALSE,No,No,No,TRUE,0,1200,5,Pickaxe,0,FALSE,TRUE,TRUE,FALSE,No,FALSE,TRUE,FALSE,TRUE,FALSE,TRUE,FALSE,No,No,FALSE,TRUE,FALSE,TRUE,FALSE,FALSE,Fully,FALSE,TRUE,TRUE,TRUE,FALSE,100%,Harp,TRUE,FALSE,4,TRUE,854
,Damaged Anvil,damaged_anvil,1.4.2 12w41a,212,FALSE,FALSE,FALSE,Yes,Yes,TRUE,TRUE,TRUE,FALSE,No,No,No,TRUE,0,1200,5,Pickaxe,0,FALSE,TRUE,TRUE,FALSE,No,FALSE,TRUE,FALSE,TRUE,FALSE,TRUE,FALSE,No,No,FALSE,TRUE,FALSE,TRUE,FALSE,FALSE,Fully,FALSE,TRUE,TRUE,TRUE,FALSE,100%,Harp,TRUE,FALSE,4,TRUE,855
,Grindstone,grindstone,1.14 18w44a,663,FALSE,FALSE,FALSE,Yes,Yes,TRUE,TRUE,TRUE,FALSE,No,No,No,TRUE,0,6,2,Pickaxe,0,FALSE,TRUE,TRUE,FALSE,No,FALSE,TRUE,FALSE,TRUE,FALSE,TRUE,FALSE,No,No,FALSE,FALSE,FALSE,FALSE,FALSE,FALSE,Fully,FALSE,TRUE,TRUE,TRUE,FALSE,100%,Harp,TRUE,FALSE,6,TRUE,856
,Stonecutter,stonecutter,1.14 18w44a,664,FALSE,FALSE,FALSE,Yes,Yes,TRUE,TRUE,TRUE,FALSE,No,No,No,TRUE,0,3.5,3.5,Pickaxe,0,FALSE,TRUE,TRUE,FALSE,No,FALSE,TRUE,FALSE,TRUE,FALSE,FALSE,FALSE,No,No,FALSE,FALSE,FALSE,FALSE,FALSE,FALSE,Directional,FALSE,TRUE,TRUE,TRUE,FALSE,100%,Base Drum,TRUE,FALSE,4,TRUE,857
,Barrel,barrel,1.14 18w44a,665,FALSE,FALSE,FALSE,Yes,Yes,TRUE,TRUE,TRUE,TRUE,Yes,No,Yes,FALSE,0,2.5,2.5,Axe,0,TRUE,TRUE,TRUE,FALSE,No,FALSE,TRUE,TRUE,TRUE,TRUE,TRUE,FALSE,Yes,Yes,TRUE,FALSE,FALSE,FALSE,FALSE,TRUE,No,FALSE,FALSE,FALSE,TRUE,FALSE,100%,Bass,TRUE,TRUE,6,TRUE,858
,Composter,composter,1.14 19w03a,676,FALSE,FALSE,FALSE,Yes,Yes,TRUE,TRUE,TRUE,FALSE,No,No,No,TRUE,0,0.6,0.6,Axe,0,TRUE,TRUE,TRUE,TRUE,No,FALSE,TRUE,FALSE,TRUE,FALSE,FALSE,FALSE,No,No,FALSE,FALSE,FALSE,FALSE,TRUE,TRUE,Fully,FALSE,TRUE,TRUE,TRUE,FALSE,100%,Bass,FALSE,FALSE,1,TRUE,859
,Loom,loon,1.14 18w43a,651,FALSE,FALSE,FALSE,Yes,Yes,TRUE,TRUE,TRUE,FALSE,Yes,No,Yes,FALSE,0,2.5,2.5,Axe,0,TRUE,TRUE,TRUE,FALSE,No,FALSE,TRUE,TRUE,TRUE,TRUE,FALSE,FALSE,Yes,Yes,TRUE,FALSE,FALSE,FALSE,FALSE,TRUE,No,FALSE,FALSE,FALSE,TRUE,FALSE,100%,Bass,TRUE,FALSE,4,TRUE,860
,Cartography Table,cartography_table,1.14 18w44a,666,FALSE,FALSE,FALSE,Yes,Yes,TRUE,TRUE,TRUE,FALSE,Yes,No,Yes,FALSE,0,2.5,2.5,Axe,0,TRUE,TRUE,TRUE,FALSE,No,FALSE,TRUE,TRUE,TRUE,TRUE,FALSE,FALSE,Yes,Yes,TRUE,FALSE,FALSE,FALSE,FALSE,TRUE,No,FALSE,FALSE,FALSE,TRUE,FALSE,100%,Bass,TRUE,FALSE,1,FALSE,861
,Smithing Table,smithing_table,1.14 18w44a,667,FALSE,FALSE,FALSE,Yes,Yes,TRUE,TRUE,TRUE,FALSE,Yes,No,Yes,FALSE,0,2.5,2.5,Axe,0,TRUE,TRUE,TRUE,FALSE,No,FALSE,TRUE,TRUE,TRUE,TRUE,FALSE,FALSE,Yes,Yes,TRUE,FALSE,FALSE,FALSE,FALSE,TRUE,No,FALSE,FALSE,FALSE,TRUE,FALSE,100%,Bass,TRUE,FALSE,1,FALSE,862
,Fletching Table,fletching_table,1.14 18w44a,668,FALSE,FALSE,FALSE,Yes,Yes,TRUE,TRUE,TRUE,FALSE,Yes,No,Yes,FALSE,0,2.5,2.5,Axe,0,TRUE,TRUE,TRUE,FALSE,No,FALSE,TRUE,TRUE,TRUE,TRUE,FALSE,FALSE,Yes,Yes,TRUE,FALSE,FALSE,FALSE,FALSE,TRUE,No,FALSE,FALSE,FALSE,TRUE,FALSE,100%,Bass,FALSE,FALSE,1,FALSE,863
,Lectern,lectern,1.14 18w44a,669,FALSE,FALSE,FALSE,Yes,Yes,TRUE,TRUE,TRUE,TRUE,No,No,No,FALSE,0,2.5,2.5,Axe,0,TRUE,TRUE,TRUE,FALSE,No,FALSE,TRUE,FALSE,TRUE,FALSE,TRUE,FALSE,No,No,FALSE,FALSE,FALSE,FALSE,TRUE,TRUE,Directional,FALSE,TRUE,TRUE,TRUE,FALSE,100%,Bass,TRUE,FALSE,4,TRUE,864
,Jukebox ,jukebox,Alpha v1.0.14,81,FALSE,FALSE,FALSE,Yes (Vault),Yes (Vault),TRUE,TRUE,TRUE,TRUE,Yes,No,Yes,FALSE,0,6,2,Axe,0,TRUE,TRUE,TRUE,FALSE,No,FALSE,TRUE,TRUE,TRUE,TRUE,TRUE,FALSE,Yes,Yes,TRUE,FALSE,FALSE,FALSE,FALSE,TRUE,No,FALSE,FALSE,FALSE,TRUE,FALSE,100%,Bass,FALSE,FALSE,1,TRUE,865
,Bell,bell,1.14 18w44a,670,FALSE,FALSE,FALSE,Yes,No,FALSE,TRUE,TRUE,TRUE,No,No,No,TRUE,0,5,5,Pickaxe,0,TRUE,TRUE,TRUE,FALSE,No,FALSE,TRUE,FALSE,TRUE,FALSE,FALSE,TRUE,No,No,FALSE,FALSE,TRUE,TRUE,FALSE,FALSE,Fully,FALSE,TRUE,TRUE,TRUE,FALSE,100%,Harp,FALSE,FALSE,9,TRUE,866
,Brewing Stand,brewing_stand,1.0.0 Beta 1.9 Prerelease 3,151,FALSE,FALSE,FALSE,Yes,Yes,TRUE,TRUE,TRUE,TRUE,No,No,No,TRUE,1,0.5,0.5,Pickaxe,0,TRUE,TRUE,TRUE,TRUE,No,FALSE,TRUE,FALSE,TRUE,FALSE,TRUE,FALSE,No,No,FALSE,FALSE,FALSE,FALSE,FALSE,FALSE,Fully,FALSE,TRUE,TRUE,TRUE,FALSE,100%,Harp,TRUE,TRUE,1,TRUE,867
,Cauldron,cauldron,1.0.0 Beta 1.9 Prerelease 2,146,FALSE,FALSE,FALSE,Yes,Yes,TRUE,TRUE,TRUE,FALSE,No,No,No,TRUE,0,2,2,Pickaxe,0,FALSE,TRUE,TRUE,FALSE,No,FALSE,TRUE,FALSE,TRUE,FALSE,FALSE,FALSE,No,No,FALSE,FALSE,FALSE,FALSE,FALSE,FALSE,Fully,FALSE,TRUE,TRUE,TRUE,FALSE,100%,Harp,FALSE,FALSE,1,FALSE,868
,Water Cauldron,water_cauldron,1.0.0 Beta 1.9 Prerelease 2,147,FALSE,FALSE,FALSE,Yes,Yes,TRUE,FALSE,TRUE,FALSE,No,No,No,TRUE,0,2,2,Pickaxe,0,FALSE,TRUE,TRUE,FALSE,No,FALSE,TRUE,FALSE,TRUE,FALSE,FALSE,FALSE,No,No,FALSE,FALSE,FALSE,FALSE,FALSE,FALSE,Fully,FALSE,TRUE,TRUE,TRUE,FALSE,100%,Harp,FALSE,FALSE,1,TRUE,869
,Lava Cauldron,lava_cauldron,1.17 20w45a,820,FALSE,FALSE,FALSE,Yes,Yes,TRUE,FALSE,TRUE,FALSE,No,No,No,FALSE,15,2,2,Pickaxe,0,FALSE,TRUE,TRUE,FALSE,No,FALSE,TRUE,FALSE,TRUE,FALSE,FALSE,FALSE,No,No,FALSE,FALSE,FALSE,FALSE,FALSE,FALSE,Fully,FALSE,TRUE,TRUE,TRUE,TRUE,100%,Harp,FALSE,FALSE,1,FALSE,870
,Powder Snow Cauldron,powder_snow_cauldron,1.17 20w46a,840,FALSE,FALSE,FALSE,Yes,Yes,TRUE,FALSE,TRUE,FALSE,No,No,No,TRUE,0,2,2,Pickaxe,0,FALSE,TRUE,TRUE,FALSE,No,FALSE,TRUE,FALSE,TRUE,FALSE,FALSE,FALSE,No,No,FALSE,FALSE,FALSE,FALSE,FALSE,FALSE,Fully,FALSE,TRUE,TRUE,TRUE,FALSE,100%,Harp,FALSE,FALSE,1,TRUE,871
,Lodestone,lodestone,1.16 20w13a,743,FALSE,FALSE,FALSE,Yes,Yes,TRUE,TRUE,TRUE,FALSE,Yes,No,Yes,FALSE,0,3.5,3.5,Pickaxe,0,FALSE,TRUE,TRUE,FALSE,No,FALSE,TRUE,TRUE,TRUE,TRUE,TRUE,FALSE,Yes,Yes,TRUE,FALSE,FALSE,FALSE,FALSE,FALSE,No,FALSE,FALSE,FALSE,TRUE,FALSE,100%,Harp,FALSE,FALSE,1,FALSE,872
,Respawn Anchor,respawn_anchor,1.16 20w12a,742,FALSE,FALSE,FALSE,Yes,Yes,TRUE,TRUE,TRUE,FALSE,Yes,No,Yes,FALSE,0/3/7/11/15,1200,50,Pickaxe,3,FALSE,TRUE,TRUE,FALSE,No,FALSE,TRUE,TRUE,TRUE,TRUE,TRUE,FALSE,Yes,Yes,TRUE,FALSE,FALSE,FALSE,FALSE,FALSE,No,FALSE,FALSE,FALSE,TRUE,FALSE,100%,Base Drum,FALSE,FALSE,1,TRUE,873
,Bee Nest,bee_nest,1.15 19w34a,679,FALSE,FALSE,FALSE,Yes,Yes,TRUE,TRUE,TRUE,TRUE,Yes,No,Yes,FALSE,0,0.3,0.3,Axe,0,FALSE,FALSE,TRUE,TRUE,No,FALSE,TRUE,TRUE,TRUE,TRUE,TRUE,FALSE,Yes,Yes,TRUE,FALSE,FALSE,FALSE,TRUE,TRUE,No,FALSE,FALSE,FALSE,TRUE,FALSE,100%,Bass,FALSE,FALSE,4,TRUE,874
,Beehive,beehive,1.15 19w34a,680,FALSE,FALSE,FALSE,Yes,Yes,TRUE,TRUE,TRUE,TRUE,Yes,No,Yes,FALSE,0,0.6,0.6,Axe,0,TRUE,TRUE,TRUE,TRUE,No,FALSE,TRUE,TRUE,TRUE,TRUE,TRUE,FALSE,Yes,Yes,TRUE,FALSE,FALSE,FALSE,TRUE,TRUE,No,FALSE,FALSE,FALSE,TRUE,FALSE,100%,Bass,FALSE,FALSE,4,TRUE,875
,Trial Spawner,trial_spawner,1.21 Experimental 23w45a,1058,FALSE,FALSE,FALSE,No,No,FALSE,TRUE,TRUE,TRUE,Yes,No,Yes,FALSE,0/4/8,50,50,None,0,FALSE,FALSE,FALSE,FALSE,No,FALSE,TRUE,TRUE,TRUE,TRUE,TRUE,FALSE,Yes,Yes,TRUE,FALSE,FALSE,FALSE,FALSE,FALSE,Fully,FALSE,TRUE,FALSE,TRUE,FALSE,100%,Base Drum,FALSE,FALSE,4,TRUE,876
,Vault,vault,1.21 Experimental 24w05a,1059,FALSE,FALSE,FALSE,No,No,FALSE,TRUE,TRUE,TRUE,Yes,No,Yes,FALSE,6/12,50,50,None,0,FALSE,FALSE,FALSE,FALSE,No,FALSE,TRUE,TRUE,TRUE,TRUE,TRUE,FALSE,Yes,Yes,TRUE,FALSE,FALSE,FALSE,FALSE,FALSE,Fully,FALSE,TRUE,FALSE,TRUE,FALSE,100%,Base Drum,FALSE,FALSE,4,TRUE,877
,Heavy Core,heavy_core,1.21 Experimental 24w11a,1060,FALSE,FALSE,FALSE,Yes (Vault),Yes (Vault),TRUE,TRUE,TRUE,FALSE,No,No,No,TRUE,0,30,10,Pickaxe,0,TRUE,TRUE,TRUE,FALSE,Yes,FALSE,TRUE,FALSE,TRUE,FALSE,FALSE,FALSE,No,No,FALSE,FALSE,FALSE,FALSE,FALSE,FALSE,Fully,FALSE,TRUE,TRUE,FALSE,FALSE,100%,Snare,FALSE,FALSE,1,FALSE,878
,Flower Pot,flower_pot,1.4.2 12w34a,186,FALSE,FALSE,FALSE,Yes,Yes,TRUE,TRUE,TRUE,FALSE,No,No,No,TRUE,0,0,0,None,0,TRUE,TRUE,TRUE,TRUE,No,TRUE,TRUE,FALSE,TRUE,FALSE,FALSE,TRUE,No,No,FALSE,FALSE,FALSE,FALSE,FALSE,FALSE,Fully,FALSE,TRUE,TRUE,FALSE,FALSE,100%,Harp,FALSE,FALSE,1,FALSE,879
,Potted Dandelion,potted_dandelion,1.4.2 12w34a,187,FALSE,FALSE,FALSE,Yes,Yes,TRUE,FALSE,TRUE,FALSE,No,No,No,TRUE,0,0,0,None,0,TRUE,TRUE,TRUE,TRUE,No,TRUE,TRUE,FALSE,TRUE,FALSE,FALSE,TRUE,No,No,FALSE,FALSE,FALSE,FALSE,FALSE,FALSE,Fully,FALSE,TRUE,TRUE,FALSE,FALSE,100%,Harp,FALSE,FALSE,1,FALSE,880
,Potted Poppy,potted_poppy,1.4.2 12w34a,188,FALSE,FALSE,FALSE,Yes,Yes,TRUE,FALSE,TRUE,FALSE,No,No,No,TRUE,0,0,0,None,0,TRUE,TRUE,TRUE,TRUE,No,TRUE,TRUE,FALSE,TRUE,FALSE,FALSE,TRUE,No,No,FALSE,FALSE,FALSE,FALSE,FALSE,FALSE,Fully,FALSE,TRUE,TRUE,FALSE,FALSE,100%,Harp,FALSE,FALSE,1,FALSE,881
,Potted Blue Orchid,potted_blue_orchid,1.7.2 13w36a,278,FALSE,FALSE,FALSE,Yes,Yes,TRUE,FALSE,TRUE,FALSE,No,No,No,TRUE,0,0,0,None,0,TRUE,TRUE,TRUE,TRUE,No,TRUE,TRUE,FALSE,TRUE,FALSE,FALSE,TRUE,No,No,FALSE,FALSE,FALSE,FALSE,FALSE,FALSE,Fully,FALSE,TRUE,TRUE,FALSE,FALSE,100%,Harp,FALSE,FALSE,1,FALSE,882
,Potted Allium,potted_allium,1.7.2 13w36a,279,FALSE,FALSE,FALSE,Yes,Yes,TRUE,FALSE,TRUE,FALSE,No,No,No,TRUE,0,0,0,None,0,TRUE,TRUE,TRUE,TRUE,No,TRUE,TRUE,FALSE,TRUE,FALSE,FALSE,TRUE,No,No,FALSE,FALSE,FALSE,FALSE,FALSE,FALSE,Fully,FALSE,TRUE,TRUE,FALSE,FALSE,100%,Harp,FALSE,FALSE,1,FALSE,883
,Potted Azure Bluet,potted_azure_bluet,1.7.2 13w36a,280,FALSE,FALSE,FALSE,Yes,Yes,TRUE,FALSE,TRUE,FALSE,No,No,No,TRUE,0,0,0,None,0,TRUE,TRUE,TRUE,TRUE,No,TRUE,TRUE,FALSE,TRUE,FALSE,FALSE,TRUE,No,No,FALSE,FALSE,FALSE,FALSE,FALSE,FALSE,Fully,FALSE,TRUE,TRUE,FALSE,FALSE,100%,Harp,FALSE,FALSE,1,FALSE,884
,Potted Red Tulip,potted_red_tulip,1.7.2 13w36a,281,FALSE,FALSE,FALSE,Yes,Yes,TRUE,FALSE,TRUE,FALSE,No,No,No,TRUE,0,0,0,None,0,TRUE,TRUE,TRUE,TRUE,No,TRUE,TRUE,FALSE,TRUE,FALSE,FALSE,TRUE,No,No,FALSE,FALSE,FALSE,FALSE,FALSE,FALSE,Fully,FALSE,TRUE,TRUE,FALSE,FALSE,100%,Harp,FALSE,FALSE,1,FALSE,885
,Potted Orange Tulip,potted_orange_tulip,1.7.2 13w36a,282,FALSE,FALSE,FALSE,Yes,Yes,TRUE,FALSE,TRUE,FALSE,No,No,No,TRUE,0,0,0,None,0,TRUE,TRUE,TRUE,TRUE,No,TRUE,TRUE,FALSE,TRUE,FALSE,FALSE,TRUE,No,No,FALSE,FALSE,FALSE,FALSE,FALSE,FALSE,Fully,FALSE,TRUE,TRUE,FALSE,FALSE,100%,Harp,FALSE,FALSE,1,FALSE,886
,Potted White Tulip,potted_white_tulip,1.7.2 13w36a,283,FALSE,FALSE,FALSE,Yes,Yes,TRUE,FALSE,TRUE,FALSE,No,No,No,TRUE,0,0,0,None,0,TRUE,TRUE,TRUE,TRUE,No,TRUE,TRUE,FALSE,TRUE,FALSE,FALSE,TRUE,No,No,FALSE,FALSE,FALSE,FALSE,FALSE,FALSE,Fully,FALSE,TRUE,TRUE,FALSE,FALSE,100%,Harp,FALSE,FALSE,1,FALSE,887
,Potted Pink Tulip,potted_pink_tulip,1.7.2 13w36a,284,FALSE,FALSE,FALSE,Yes,Yes,TRUE,FALSE,TRUE,FALSE,No,No,No,TRUE,0,0,0,None,0,TRUE,TRUE,TRUE,TRUE,No,TRUE,TRUE,FALSE,TRUE,FALSE,FALSE,TRUE,No,No,FALSE,FALSE,FALSE,FALSE,FALSE,FALSE,Fully,FALSE,TRUE,TRUE,FALSE,FALSE,100%,Harp,FALSE,FALSE,1,FALSE,888
,Potted Oxeye Daisy,potted_oxeye_daisy,1.7.2 13w36a,285,FALSE,FALSE,FALSE,Yes,Yes,TRUE,FALSE,TRUE,FALSE,No,No,No,TRUE,0,0,0,None,0,TRUE,TRUE,TRUE,TRUE,No,TRUE,TRUE,FALSE,TRUE,FALSE,FALSE,TRUE,No,No,FALSE,FALSE,FALSE,FALSE,FALSE,FALSE,Fully,FALSE,TRUE,TRUE,FALSE,FALSE,100%,Harp,FALSE,FALSE,1,FALSE,889
,Potted Cornflower,potted_cornflower,1.14 18w43a,652,FALSE,FALSE,FALSE,Yes,Yes,TRUE,FALSE,TRUE,FALSE,No,No,No,TRUE,0,0,0,None,0,TRUE,TRUE,TRUE,TRUE,No,TRUE,TRUE,FALSE,TRUE,FALSE,FALSE,TRUE,No,No,FALSE,FALSE,FALSE,FALSE,FALSE,FALSE,Fully,FALSE,TRUE,TRUE,FALSE,FALSE,100%,Harp,FALSE,FALSE,1,FALSE,890
,Potted Lily of the Valley,potted_lily_of_the_valley,1.14 18w43a,653,FALSE,FALSE,FALSE,Yes,Yes,TRUE,FALSE,TRUE,FALSE,No,No,No,TRUE,0,0,0,None,0,TRUE,TRUE,TRUE,TRUE,No,TRUE,TRUE,FALSE,TRUE,FALSE,FALSE,TRUE,No,No,FALSE,FALSE,FALSE,FALSE,FALSE,FALSE,Fully,FALSE,TRUE,TRUE,FALSE,FALSE,100%,Harp,FALSE,FALSE,1,FALSE,891
,Potted Open Eyeblossom,potted_open_eyeblossom,1.21.4 24w44a,1092,FALSE,FALSE,FALSE,Yes,Yes,TRUE,FALSE,TRUE,FALSE,No,No,No,TRUE,0,0,0,None,0,TRUE,TRUE,TRUE,TRUE,No,TRUE,TRUE,FALSE,TRUE,FALSE,FALSE,TRUE,No,No,FALSE,FALSE,FALSE,FALSE,FALSE,FALSE,Fully,FALSE,TRUE,TRUE,FALSE,FALSE,100%,Harp,FALSE,FALSE,1,FALSE,892
,Potted Closed Eyeblossom,potted_closed_eyeblossom,1.21.4 24w44a,1093,FALSE,FALSE,FALSE,Yes,Yes,TRUE,FALSE,TRUE,FALSE,No,No,No,TRUE,0,0,0,None,0,TRUE,TRUE,TRUE,TRUE,No,TRUE,TRUE,FALSE,TRUE,FALSE,FALSE,TRUE,No,No,FALSE,FALSE,FALSE,FALSE,FALSE,FALSE,Fully,FALSE,TRUE,TRUE,FALSE,FALSE,100%,Harp,FALSE,FALSE,1,FALSE,893
,Potted Wither Rose,potted_wither_rose,1.14 18w43a,654,FALSE,FALSE,FALSE,Yes,Yes,TRUE,FALSE,TRUE,FALSE,No,No,No,TRUE,0,0,0,None,0,TRUE,TRUE,TRUE,TRUE,No,TRUE,TRUE,FALSE,TRUE,FALSE,FALSE,TRUE,No,No,FALSE,FALSE,FALSE,FALSE,FALSE,FALSE,Fully,FALSE,TRUE,TRUE,FALSE,FALSE,100%,Harp,FALSE,FALSE,1,FALSE,894
,Potted Golden Dandelion,potted_golden_dandelion,26.1 Snapshot 5,1167,FALSE,FALSE,FALSE,Yes,Yes,TRUE,FALSE,TRUE,FALSE,No,No,No,TRUE,0,0,0,None,0,TRUE,TRUE,TRUE,TRUE,No,TRUE,TRUE,FALSE,TRUE,FALSE,FALSE,TRUE,No,No,FALSE,FALSE,FALSE,FALSE,FALSE,FALSE,Fully,FALSE,TRUE,TRUE,FALSE,FALSE,100%,Harp,FALSE,FALSE,1,FALSE,895
,Potted Oak Sapling,potted_oak_sapling,1.4.2 12w34a,189,FALSE,FALSE,FALSE,Yes,Yes,TRUE,FALSE,TRUE,FALSE,No,No,No,TRUE,0,0,0,None,0,TRUE,TRUE,TRUE,TRUE,No,TRUE,TRUE,FALSE,TRUE,FALSE,FALSE,TRUE,No,No,FALSE,FALSE,FALSE,FALSE,FALSE,FALSE,Fully,FALSE,TRUE,TRUE,FALSE,FALSE,100%,Harp,FALSE,FALSE,1,FALSE,896
,Potted Birch Sapling,potted_birch_sapling,1.4.2 12w34a,190,FALSE,FALSE,FALSE,Yes,Yes,TRUE,FALSE,TRUE,FALSE,No,No,No,TRUE,0,0,0,None,0,TRUE,TRUE,TRUE,TRUE,No,TRUE,TRUE,FALSE,TRUE,FALSE,FALSE,TRUE,No,No,FALSE,FALSE,FALSE,FALSE,FALSE,FALSE,Fully,FALSE,TRUE,TRUE,FALSE,FALSE,100%,Harp,FALSE,FALSE,1,FALSE,897
,Potted Spruce Sapling,potted_spruce_sapling,1.4.2 12w34a,191,FALSE,FALSE,FALSE,Yes,Yes,TRUE,FALSE,TRUE,FALSE,No,No,No,TRUE,0,0,0,None,0,TRUE,TRUE,TRUE,TRUE,No,TRUE,TRUE,FALSE,TRUE,FALSE,FALSE,TRUE,No,No,FALSE,FALSE,FALSE,FALSE,FALSE,FALSE,Fully,FALSE,TRUE,TRUE,FALSE,FALSE,100%,Harp,FALSE,FALSE,1,FALSE,898
,Potted Jungle Sapling,potted_jungle_saplings,1.4.2 12w34a,192,FALSE,FALSE,FALSE,Yes,Yes,TRUE,FALSE,TRUE,FALSE,No,No,No,TRUE,0,0,0,None,0,TRUE,TRUE,TRUE,TRUE,No,TRUE,TRUE,FALSE,TRUE,FALSE,FALSE,TRUE,No,No,FALSE,FALSE,FALSE,FALSE,FALSE,FALSE,Fully,FALSE,TRUE,TRUE,FALSE,FALSE,100%,Harp,FALSE,FALSE,1,FALSE,899
,Potted Dark Oak Sapling,potted_dark_oak_sapling,1.7.2 13w43a,338,FALSE,FALSE,FALSE,Yes,Yes,TRUE,FALSE,TRUE,FALSE,No,No,No,TRUE,0,0,0,None,0,TRUE,TRUE,TRUE,TRUE,No,TRUE,TRUE,FALSE,TRUE,FALSE,FALSE,TRUE,No,No,FALSE,FALSE,FALSE,FALSE,FALSE,FALSE,Fully,FALSE,TRUE,TRUE,FALSE,FALSE,100%,Harp,FALSE,FALSE,1,FALSE,900
,Potted Acacia Sapling,potted_acacia_sapling,1.7.2 13w43a,339,FALSE,FALSE,FALSE,Yes,Yes,TRUE,FALSE,TRUE,FALSE,No,No,No,TRUE,0,0,0,None,0,TRUE,TRUE,TRUE,TRUE,No,TRUE,TRUE,FALSE,TRUE,FALSE,FALSE,TRUE,No,No,FALSE,FALSE,FALSE,FALSE,FALSE,FALSE,Fully,FALSE,TRUE,TRUE,FALSE,FALSE,100%,Harp,FALSE,FALSE,1,FALSE,901
,Potted Mangrove Propagule,potted_mangrove_propagule,1.19 22w11a,925,FALSE,FALSE,FALSE,Yes,Yes,TRUE,FALSE,TRUE,FALSE,No,No,No,TRUE,0,0,0,None,0,TRUE,TRUE,TRUE,TRUE,No,TRUE,TRUE,FALSE,TRUE,FALSE,FALSE,TRUE,No,No,FALSE,FALSE,FALSE,FALSE,FALSE,FALSE,Fully,FALSE,TRUE,TRUE,FALSE,FALSE,100%,Harp,FALSE,FALSE,1,FALSE,902
,Potted Cherry Sapling,potted_cherry_sapling,1.20 Experimental 23w07a,991,FALSE,FALSE,FALSE,Yes,Yes,TRUE,FALSE,TRUE,FALSE,No,No,No,TRUE,0,0,0,None,0,TRUE,TRUE,TRUE,TRUE,No,TRUE,TRUE,FALSE,TRUE,FALSE,FALSE,TRUE,No,No,FALSE,FALSE,FALSE,FALSE,FALSE,FALSE,Fully,FALSE,TRUE,TRUE,FALSE,FALSE,100%,Harp,FALSE,FALSE,1,FALSE,903
,Potted Pale Oak Sapling,potted_pale_oak_sapling,1.21.4 Experimental 24w40a,1079,FALSE,FALSE,FALSE,Yes,Yes,TRUE,FALSE,TRUE,FALSE,No,No,No,TRUE,0,0,0,None,0,TRUE,TRUE,TRUE,TRUE,No,TRUE,TRUE,FALSE,TRUE,FALSE,FALSE,TRUE,No,No,FALSE,FALSE,FALSE,FALSE,FALSE,FALSE,Fully,FALSE,TRUE,TRUE,FALSE,FALSE,100%,Harp,FALSE,FALSE,1,FALSE,904
,Potted Fern,potted_fern,1.4.2 12w34a,193,FALSE,FALSE,FALSE,Yes,Yes,TRUE,FALSE,TRUE,FALSE,No,No,No,TRUE,0,0,0,None,0,TRUE,TRUE,TRUE,TRUE,No,TRUE,TRUE,FALSE,TRUE,FALSE,FALSE,TRUE,No,No,FALSE,FALSE,FALSE,FALSE,FALSE,FALSE,Fully,FALSE,TRUE,TRUE,FALSE,FALSE,100%,Harp,FALSE,FALSE,1,FALSE,905
,Potted Dead Bush,potted_dead_bush,1.4.2 12w34a,194,FALSE,FALSE,FALSE,No,No,FALSE,FALSE,TRUE,FALSE,No,No,No,TRUE,0,0,0,None,0,TRUE,TRUE,TRUE,TRUE,No,TRUE,TRUE,FALSE,TRUE,FALSE,FALSE,TRUE,No,No,FALSE,FALSE,FALSE,FALSE,FALSE,FALSE,Fully,FALSE,TRUE,TRUE,FALSE,FALSE,100%,Harp,FALSE,FALSE,1,FALSE,906
,Potted Cactus,potted_cactus,1.4.2 12w34a,195,FALSE,FALSE,FALSE,Yes,Yes,TRUE,FALSE,TRUE,FALSE,No,No,No,TRUE,0,0,0,None,0,TRUE,TRUE,TRUE,TRUE,No,TRUE,TRUE,FALSE,TRUE,FALSE,FALSE,TRUE,No,No,FALSE,FALSE,FALSE,FALSE,FALSE,FALSE,Fully,FALSE,TRUE,TRUE,FALSE,FALSE,100%,Harp,FALSE,FALSE,1,FALSE,907
,Potted Bamboo,potted_bamboo,1.14 18w43a,655,FALSE,FALSE,FALSE,Yes,Yes,TRUE,FALSE,TRUE,FALSE,No,No,No,TRUE,0,0,0,None,0,TRUE,TRUE,TRUE,TRUE,No,TRUE,TRUE,FALSE,TRUE,FALSE,FALSE,TRUE,No,No,FALSE,FALSE,FALSE,FALSE,FALSE,FALSE,Fully,FALSE,TRUE,TRUE,FALSE,FALSE,100%,Harp,FALSE,FALSE,1,FALSE,908
,Potted Azalea Bush,potted_azalea_bush,1.17 Pre-Release 1,897,FALSE,FALSE,FALSE,Yes,Yes,TRUE,FALSE,TRUE,FALSE,No,No,No,TRUE,0,0,0,None,0,TRUE,TRUE,TRUE,TRUE,No,TRUE,TRUE,FALSE,TRUE,FALSE,FALSE,TRUE,No,No,FALSE,FALSE,FALSE,FALSE,FALSE,FALSE,Fully,FALSE,TRUE,TRUE,FALSE,FALSE,100%,Harp,FALSE,FALSE,1,FALSE,909
,Potted Flowering Azalea Bush,potted_flowering_azalea,1.17 Pre-Release 1,898,FALSE,FALSE,FALSE,Yes,Yes,TRUE,FALSE,TRUE,FALSE,No,No,No,TRUE,0,0,0,None,0,TRUE,TRUE,TRUE,TRUE,No,TRUE,TRUE,FALSE,TRUE,FALSE,FALSE,TRUE,No,No,FALSE,FALSE,FALSE,FALSE,FALSE,FALSE,Fully,FALSE,TRUE,TRUE,FALSE,FALSE,100%,Harp,FALSE,FALSE,1,FALSE,910
,Potted Torchflower,potted_torchflower,1.20 Experimental 23w07a,992,FALSE,FALSE,FALSE,Yes,Yes,TRUE,FALSE,TRUE,FALSE,No,No,No,TRUE,0,0,0,None,0,TRUE,TRUE,TRUE,TRUE,No,TRUE,TRUE,FALSE,TRUE,FALSE,FALSE,TRUE,No,No,FALSE,FALSE,FALSE,FALSE,FALSE,FALSE,Fully,FALSE,TRUE,TRUE,FALSE,FALSE,100%,Harp,FALSE,FALSE,1,FALSE,911
,Potted Red Mushroom,potted_red_mushroom,1.4.2 12w34a,196,FALSE,FALSE,FALSE,Yes,Yes,TRUE,FALSE,TRUE,FALSE,No,No,No,TRUE,0,0,0,None,0,TRUE,TRUE,TRUE,TRUE,No,TRUE,TRUE,FALSE,TRUE,FALSE,FALSE,TRUE,No,No,FALSE,FALSE,FALSE,FALSE,FALSE,FALSE,Fully,FALSE,TRUE,TRUE,FALSE,FALSE,100%,Harp,FALSE,FALSE,1,FALSE,912
,Potted Brown Mushroom,potted_brown_mushroom,1.4.2 12w34a,197,FALSE,FALSE,FALSE,Yes,Yes,TRUE,FALSE,TRUE,FALSE,No,No,No,TRUE,0,0,0,None,0,TRUE,TRUE,TRUE,TRUE,No,TRUE,TRUE,FALSE,TRUE,FALSE,FALSE,TRUE,No,No,FALSE,FALSE,FALSE,FALSE,FALSE,FALSE,Fully,FALSE,TRUE,TRUE,FALSE,FALSE,100%,Harp,FALSE,FALSE,1,FALSE,913
,Potted Warped Fungus,potted_warped_fungus,1.16 20w09a,729,FALSE,FALSE,FALSE,Yes,Yes,TRUE,FALSE,TRUE,FALSE,No,No,No,TRUE,0,0,0,None,0,TRUE,TRUE,TRUE,TRUE,No,TRUE,TRUE,FALSE,TRUE,FALSE,FALSE,TRUE,No,No,FALSE,FALSE,FALSE,FALSE,FALSE,FALSE,Fully,FALSE,TRUE,TRUE,FALSE,FALSE,100%,Harp,FALSE,FALSE,1,FALSE,914
,Potted Crimson Fungus,potted_crimson_fungus,1.16 20w09a,730,FALSE,FALSE,FALSE,Yes,Yes,TRUE,FALSE,TRUE,FALSE,No,No,No,TRUE,0,0,0,None,0,TRUE,TRUE,TRUE,TRUE,No,TRUE,TRUE,FALSE,TRUE,FALSE,FALSE,TRUE,No,No,FALSE,FALSE,FALSE,FALSE,FALSE,FALSE,Fully,FALSE,TRUE,TRUE,FALSE,FALSE,100%,Harp,FALSE,FALSE,1,FALSE,915
,Potted Warped Roots,potted_warped_roots,1.16 20w09a,731,FALSE,FALSE,FALSE,Yes,Yes,TRUE,FALSE,TRUE,FALSE,No,No,No,TRUE,0,0,0,None,0,TRUE,TRUE,TRUE,TRUE,No,TRUE,TRUE,FALSE,TRUE,FALSE,FALSE,TRUE,No,No,FALSE,FALSE,FALSE,FALSE,FALSE,FALSE,Fully,FALSE,TRUE,TRUE,FALSE,FALSE,100%,Harp,FALSE,FALSE,1,FALSE,916
,Potted Crimson Roots,potted_crimson_roots,1.16 20w09a,732,FALSE,FALSE,FALSE,Yes,Yes,TRUE,FALSE,TRUE,FALSE,No,No,No,TRUE,0,0,0,None,0,TRUE,TRUE,TRUE,TRUE,No,TRUE,TRUE,FALSE,TRUE,FALSE,FALSE,TRUE,No,No,FALSE,FALSE,FALSE,FALSE,FALSE,FALSE,Fully,FALSE,TRUE,TRUE,FALSE,FALSE,100%,Harp,FALSE,FALSE,1,FALSE,917
,Decorated Pot,decorated_pot,1.20 Experimental 23w07a,993,FALSE,FALSE,FALSE,Yes,Yes,TRUE,TRUE,TRUE,TRUE,No,No,No,TRUE,0,0,0,None,0,TRUE,TRUE,TRUE,TRUE,Yes,FALSE,TRUE,FALSE,TRUE,FALSE,FALSE,TRUE,No,No,FALSE,FALSE,FALSE,FALSE,FALSE,FALSE,Fully,FALSE,TRUE,TRUE,TRUE,FALSE,100%,Harp,FALSE,FALSE,4,TRUE,918
,Ladder,ladder,Infdev 20100607,60,FALSE,FALSE,FALSE,Yes,Yes,TRUE,TRUE,TRUE,FALSE,No,Yes,No,TRUE,0,0.4,0.4,Axe,0,TRUE,TRUE,TRUE,TRUE,Yes,FALSE,TRUE,FALSE,TRUE,FALSE,FALSE,TRUE,No,No,FALSE,FALSE,TRUE,TRUE,FALSE,FALSE,Fully,FALSE,TRUE,TRUE,FALSE,FALSE,0%/100%,Harp,FALSE,FALSE,4,TRUE,919
,Scaffolding,scaffolding,1.14 18w45a,671,FALSE,FALSE,FALSE,Yes,Yes,TRUE,TRUE,TRUE,FALSE,No,No,Yes,FALSE,0,0,0,None,0,TRUE,TRUE,TRUE,TRUE,Yes,FALSE,TRUE,FALSE,TRUE,TRUE,FALSE,TRUE,No,No,FALSE,TRUE,TRUE,TRUE,TRUE,TRUE,Fully,FALSE,TRUE,TRUE,FALSE,FALSE,0%/100%,Harp,FALSE,FALSE,1,TRUE,920
,Cobweb,cobweb,Beta 1.5,105,FALSE,FALSE,FALSE,No,Yes,TRUE,TRUE,TRUE,FALSE,No,Yes,No,TRUE,0,4,4,Sword,0,FALSE,FALSE,TRUE,FALSE,No,TRUE,FALSE,FALSE,TRUE,TRUE,FALSE,TRUE,No,No,FALSE,FALSE,FALSE,FALSE,FALSE,FALSE,Fully,TRUE,TRUE,TRUE,TRUE,FALSE,0%,Harp,FALSE,FALSE,1,FALSE,921
,Monster Spawner,spawner,Infdev 20100625-2,62,FALSE,FALSE,FALSE,No,No,FALSE,TRUE,TRUE,TRUE,No,No,Yes,FALSE,0,5,5,Pickaxe,0,FALSE,FALSE,FALSE,FALSE,No,FALSE,TRUE,TRUE,TRUE,TRUE,TRUE,FALSE,Yes,Yes,TRUE,FALSE,FALSE,FALSE,FALSE,FALSE,Fully,TRUE,TRUE,FALSE,TRUE,FALSE,100%,Base Drum,FALSE,FALSE,1,FALSE,922
,Beacon,beacon,1.4.2 12w32a,181,FALSE,FALSE,FALSE,Yes,No,FALSE,TRUE,TRUE,TRUE,No,No,Yes,FALSE,15,3,3,None,0,TRUE,TRUE,TRUE,FALSE,No,FALSE,TRUE,TRUE,TRUE,TRUE,TRUE,FALSE,No,No,TRUE,FALSE,FALSE,FALSE,FALSE,FALSE,Fully,TRUE,TRUE,TRUE,TRUE,FALSE,100%,Hat,TRUE,FALSE,1,FALSE,923
,Conduit,conduit,1.13 18w15a,574,FALSE,FALSE,FALSE,No,No,FALSE,TRUE,TRUE,TRUE,No,No,No,FALSE,15,3,3,Pickaxe,0,TRUE,TRUE,TRUE,FALSE,Yes,FALSE,TRUE,FALSE,TRUE,FALSE,TRUE,FALSE,No,No,FALSE,FALSE,FALSE,FALSE,FALSE,FALSE,Fully,FALSE,TRUE,TRUE,TRUE,FALSE,100%,Hat,FALSE,FALSE,1,TRUE,924
,End Rod,end_rod,1.9 15w31a,419,FALSE,FALSE,FALSE,Yes,Yes,TRUE,TRUE,TRUE,FALSE,No,No,No,FALSE,14,0,0,None,0,TRUE,TRUE,TRUE,TRUE,No,TRUE,TRUE,FALSE,TRUE,FALSE,FALSE,FALSE,No,No,FALSE,FALSE,FALSE,FALSE,FALSE,FALSE,Fully,FALSE,TRUE,TRUE,FALSE,FALSE,100%,Harp,FALSE,FALSE,6,TRUE,925
,Torch,torch,Indev 0.31 20091223-2,48,FALSE,FALSE,FALSE,Yes,Yes,TRUE,TRUE,TRUE,FALSE,No,Yes,No,FALSE,14,0,0,None,0,TRUE,TRUE,TRUE,TRUE,No,TRUE,FALSE,FALSE,TRUE,FALSE,FALSE,TRUE,No,No,FALSE,FALSE,TRUE,TRUE,FALSE,FALSE,Fully,FALSE,TRUE,TRUE,FALSE,FALSE,N/A,Harp,FALSE,FALSE,1,TRUE,926
,Wall Torch,wall_torch,Indev 0.31 20091223-2,49,FALSE,FALSE,FALSE,Yes,Yes,TRUE,FALSE,TRUE,FALSE,No,Yes,No,FALSE,14,0,0,None,0,TRUE,TRUE,TRUE,TRUE,No,TRUE,FALSE,FALSE,TRUE,FALSE,FALSE,TRUE,No,No,FALSE,FALSE,TRUE,TRUE,FALSE,FALSE,Fully,FALSE,TRUE,TRUE,FALSE,FALSE,N/A,Harp,FALSE,FALSE,4,TRUE,927
,Copper Torch,copper_torch,1.21.9 25w32a,50,FALSE,FALSE,FALSE,Yes,Yes,TRUE,TRUE,TRUE,FALSE,No,Yes,No,FALSE,14,0,0,None,0,TRUE,TRUE,TRUE,TRUE,No,TRUE,FALSE,FALSE,TRUE,FALSE,FALSE,TRUE,No,No,FALSE,FALSE,TRUE,TRUE,FALSE,FALSE,Fully,FALSE,TRUE,TRUE,FALSE,FALSE,N/A,Harp,FALSE,FALSE,1,TRUE,928
,Copper Wall Torch,copper_wall_torch,1.21.9 25w32a,51,FALSE,FALSE,FALSE,Yes,Yes,TRUE,FALSE,TRUE,FALSE,No,Yes,No,FALSE,14,0,0,None,0,TRUE,TRUE,TRUE,TRUE,No,TRUE,FALSE,FALSE,TRUE,FALSE,FALSE,TRUE,No,No,FALSE,FALSE,TRUE,TRUE,FALSE,FALSE,Fully,FALSE,TRUE,TRUE,FALSE,FALSE,N/A,Harp,FALSE,FALSE,4,TRUE,929
,Soul Torch,soul_torch,1.16 20w06a,725,FALSE,FALSE,FALSE,Yes,Yes,TRUE,TRUE,TRUE,FALSE,No,Yes,No,FALSE,10,0,0,None,0,TRUE,TRUE,TRUE,TRUE,No,TRUE,FALSE,FALSE,TRUE,FALSE,FALSE,TRUE,No,No,FALSE,FALSE,TRUE,TRUE,FALSE,FALSE,Fully,FALSE,TRUE,TRUE,FALSE,FALSE,N/A,Harp,FALSE,FALSE,1,TRUE,930
,Soul Wall Torch,soul_wall_torch,1.16 20w06a,726,FALSE,FALSE,FALSE,Yes,Yes,TRUE,FALSE,TRUE,FALSE,No,Yes,No,FALSE,10,0,0,None,0,TRUE,TRUE,TRUE,TRUE,No,TRUE,FALSE,FALSE,TRUE,FALSE,FALSE,TRUE,No,No,FALSE,FALSE,TRUE,TRUE,FALSE,FALSE,Fully,FALSE,TRUE,TRUE,FALSE,FALSE,N/A,Harp,FALSE,FALSE,4,TRUE,931
,Lantern,lantern,1.14 18w46a,672,FALSE,FALSE,FALSE,Yes,Yes,TRUE,TRUE,TRUE,FALSE,No,No,No,FALSE,15,3.5,3.5,Pickaxe,0,TRUE,TRUE,TRUE,FALSE,Yes,FALSE,TRUE,FALSE,TRUE,FALSE,FALSE,TRUE,No,No,FALSE,FALSE,TRUE,TRUE,FALSE,FALSE,Fully,FALSE,TRUE,TRUE,TRUE,FALSE,100%,Harp,FALSE,FALSE,2,TRUE,932
,Soul Lantern,soul_lantern,1.16 20w06a,727,FALSE,FALSE,FALSE,Yes,Yes,TRUE,TRUE,TRUE,FALSE,No,No,No,FALSE,10,3.5,3.5,Pickaxe,0,TRUE,TRUE,TRUE,FALSE,Yes,FALSE,TRUE,FALSE,TRUE,FALSE,FALSE,TRUE,No,No,FALSE,FALSE,TRUE,TRUE,FALSE,FALSE,Fully,FALSE,TRUE,TRUE,TRUE,FALSE,100%,Harp,FALSE,FALSE,2,TRUE,933
,Campfire,campfire,1.14 19w02a,675,FALSE,FALSE,FALSE,Yes,Yes,TRUE,TRUE,TRUE,TRUE,No,No,No,FALSE,0/15,2,2,Axe,0,FALSE,FALSE,TRUE,FALSE,Yes,FALSE,TRUE,FALSE,TRUE,FALSE,TRUE,FALSE,No,No,FALSE,FALSE,FALSE,FALSE,FALSE,TRUE,Fully,FALSE,TRUE,TRUE,TRUE,TRUE,100%,Bass,FALSE,FALSE,4,TRUE,934
,Soul Campfire,soul_campfire,1.16 20w15a,764,FALSE,FALSE,FALSE,Yes,Yes,TRUE,TRUE,TRUE,TRUE,No,No,No,FALSE,0/10,2,2,Axe,0,FALSE,FALSE,TRUE,FALSE,Yes,FALSE,TRUE,FALSE,TRUE,FALSE,TRUE,FALSE,No,No,FALSE,FALSE,FALSE,FALSE,FALSE,TRUE,Fully,FALSE,TRUE,TRUE,TRUE,TRUE,100%,Bass,FALSE,FALSE,4,TRUE,935
,Redstone Torch,redstone_torch,Alpha v1.0.1,72,FALSE,FALSE,FALSE,Yes,Yes,TRUE,TRUE,TRUE,FALSE,No,No,No,FALSE,0/7,0,0,None,0,TRUE,TRUE,TRUE,TRUE,No,TRUE,FALSE,FALSE,TRUE,FALSE,FALSE,TRUE,No,No,FALSE,FALSE,TRUE,TRUE,FALSE,FALSE,Fully,FALSE,TRUE,TRUE,FALSE,FALSE,N/A,Harp,FALSE,FALSE,1,TRUE,936
,Redstone Wall Torch,redstone_wall_torch,Alpha v1.0.1,73,FALSE,FALSE,FALSE,Yes,Yes,TRUE,FALSE,TRUE,FALSE,No,No,No,FALSE,0/7,0,0,None,0,TRUE,TRUE,TRUE,TRUE,No,TRUE,FALSE,FALSE,TRUE,FALSE,FALSE,TRUE,No,No,FALSE,FALSE,TRUE,TRUE,FALSE,FALSE,Fully,FALSE,TRUE,TRUE,FALSE,FALSE,N/A,Harp,FALSE,FALSE,4,TRUE,937
,Redstone Repeater,repeater,Beta 1.3,104,FALSE,FALSE,FALSE,Yes,Yes,TRUE,TRUE,TRUE,FALSE,No,No,No,FALSE,0,0,0,None,0,TRUE,TRUE,TRUE,TRUE,No,TRUE,TRUE,FALSE,TRUE,FALSE,FALSE,TRUE,No,No,FALSE,FALSE,TRUE,TRUE,FALSE,FALSE,Fully,FALSE,TRUE,TRUE,FALSE,FALSE,100%,Harp,FALSE,FALSE,4,TRUE,938
,Redstone Comparator,comparator,1.5 13w01a,219,FALSE,FALSE,FALSE,Yes,Yes,TRUE,TRUE,TRUE,TRUE,No,No,No,FALSE,0,0,0,None,0,TRUE,TRUE,TRUE,TRUE,No,TRUE,TRUE,FALSE,TRUE,FALSE,FALSE,TRUE,No,No,FALSE,FALSE,TRUE,TRUE,FALSE,FALSE,Fully,FALSE,TRUE,TRUE,FALSE,FALSE,100%,Harp,FALSE,FALSE,4,TRUE,939
,Lever,lever,Alpha v1.0.1,74,FALSE,FALSE,FALSE,Yes,Yes,TRUE,TRUE,TRUE,FALSE,No,No,No,FALSE,0,0.5,0.5,None,0,TRUE,TRUE,TRUE,FALSE,No,TRUE,FALSE,FALSE,TRUE,FALSE,FALSE,TRUE,No,No,FALSE,FALSE,TRUE,TRUE,FALSE,FALSE,Fully,FALSE,TRUE,TRUE,FALSE,FALSE,N/A,Harp,FALSE,FALSE,8,TRUE,940
,Hopper,hopper,1.5 13w01a,220,FALSE,FALSE,FALSE,Yes,Yes,TRUE,TRUE,TRUE,TRUE,No,No,No,TRUE,0,4.8,3,Pickaxe,0,FALSE,TRUE,TRUE,FALSE,No,FALSE,TRUE,FALSE,TRUE,FALSE,TRUE,FALSE,No,No,FALSE,FALSE,FALSE,FALSE,FALSE,FALSE,Fully,FALSE,TRUE,TRUE,TRUE,FALSE,100%,Harp,TRUE,TRUE,5,TRUE,941
,Observer,observer,1.11 16w39a,448,FALSE,FALSE,FALSE,Yes,Yes,TRUE,TRUE,TRUE,FALSE,Yes,No,Yes,FALSE,0,3,3,Pickaxe,0,FALSE,TRUE,TRUE,FALSE,No,FALSE,TRUE,TRUE,TRUE,TRUE,FALSE,FALSE,No,No,TRUE,FALSE,FALSE,FALSE,FALSE,FALSE,No,FALSE,FALSE,TRUE,TRUE,FALSE,100%,Base Drum,FALSE,FALSE,6,TRUE,942
,Dispenser,dispenser,Beta 1.2,94,FALSE,FALSE,FALSE,Yes,Yes,TRUE,TRUE,TRUE,TRUE,Yes,No,Yes,FALSE,0,3.5,3.5,Pickaxe,0,FALSE,TRUE,TRUE,FALSE,No,FALSE,TRUE,TRUE,TRUE,TRUE,TRUE,FALSE,Yes,Yes,TRUE,FALSE,FALSE,FALSE,FALSE,FALSE,No,FALSE,FALSE,FALSE,TRUE,FALSE,100%,Base Drum,TRUE,TRUE,6,TRUE,943
,Dropper,dropper,1.5 13w03a,228,FALSE,FALSE,FALSE,Yes,Yes,TRUE,TRUE,TRUE,TRUE,Yes,No,Yes,FALSE,0,3.5,3.5,Pickaxe,0,FALSE,TRUE,TRUE,FALSE,No,FALSE,TRUE,TRUE,TRUE,TRUE,TRUE,FALSE,Yes,Yes,TRUE,FALSE,FALSE,FALSE,FALSE,FALSE,No,FALSE,FALSE,FALSE,TRUE,FALSE,100%,Base Drum,TRUE,TRUE,6,TRUE,944
,Crafter,crafter,1.21 Experimental 23w42a,1004,FALSE,FALSE,FALSE,Yes,Yes,TRUE,TRUE,TRUE,TRUE,Yes,No,Yes,FALSE,0,3.5,1.5,Pickaxe,0,TRUE,TRUE,TRUE,TRUE,No,FALSE,TRUE,TRUE,TRUE,TRUE,TRUE,FALSE,Yes,Yes,TRUE,FALSE,FALSE,FALSE,FALSE,FALSE,Fully,FALSE,FALSE,FALSE,TRUE,FALSE,100%,Harp,FALSE,TRUE,6,TRUE,945
,Piston,piston,Beta 1.7,114,FALSE,FALSE,FALSE,Yes,Yes,TRUE,TRUE,TRUE,FALSE,Depends,No,Depends,FALSE,0,0.5,1.5,Pickaxe,0,TRUE,TRUE,TRUE,TRUE,No,FALSE,TRUE,TRUE,TRUE,TRUE,TRUE,FALSE,No,No,TRUE,FALSE,FALSE,FALSE,FALSE,FALSE,Directional,FALSE,TRUE,TRUE,TRUE,FALSE,100%,Harp,FALSE,FALSE,6,TRUE,946
,Sticky Piston,sticky_piston,Beta 1.7,115,FALSE,FALSE,FALSE,Yes,Yes,TRUE,TRUE,TRUE,FALSE,Depends,No,Depends,FALSE,0,0.5,1.5,Pickaxe,0,TRUE,TRUE,TRUE,TRUE,No,FALSE,TRUE,TRUE,TRUE,TRUE,TRUE,FALSE,No,No,TRUE,FALSE,FALSE,FALSE,FALSE,FALSE,Directional,FALSE,TRUE,TRUE,TRUE,FALSE,100%,Harp,FALSE,FALSE,6,TRUE,947
,Piston Head,piston_head,Beta 1.7,116,FALSE,FALSE,FALSE,Yes,Yes,TRUE,FALSE,TRUE,FALSE,Depends,No,Depends,TRUE,0,0.5,1.5,Pickaxe,0,TRUE,TRUE,TRUE,TRUE,No,FALSE,TRUE,FALSE,TRUE,FALSE,TRUE,FALSE,No,No,FALSE,FALSE,FALSE,FALSE,FALSE,FALSE,Directional,FALSE,TRUE,TRUE,TRUE,FALSE,100%,Harp,FALSE,FALSE,6,TRUE,948
,Moving Piston,moving_piston,Beta 1.7,117,FALSE,FALSE,FALSE,Yes,Yes,TRUE,FALSE,FALSE,TRUE,No,Yes,No,TRUE,0,0,0,None,0,FALSE,FALSE,FALSE,FALSE,No,FALSE,FALSE,FALSE,FALSE,FALSE,TRUE,FALSE,No,No,FALSE,FALSE,FALSE,FALSE,FALSE,FALSE,Fully,FALSE,TRUE,TRUE,FALSE,FALSE,N/A,Harp,FALSE,FALSE,1,TRUE,949
,Note Block,note_block,Beta 1.2,95,FALSE,FALSE,FALSE,Yes,Yes,TRUE,TRUE,TRUE,FALSE,Yes,No,Yes,FALSE,0,0.8,0.8,Axe,0,TRUE,TRUE,TRUE,TRUE,No,FALSE,TRUE,TRUE,TRUE,TRUE,FALSE,FALSE,Yes,Yes,TRUE,FALSE,FALSE,FALSE,FALSE,TRUE,No,FALSE,FALSE,FALSE,TRUE,FALSE,100%,Bass,FALSE,FALSE,1,TRUE,950
,TNT,tnt,Classic 0.26 Survival Test,45,FALSE,FALSE,FALSE,Yes,No,FALSE,TRUE,TRUE,FALSE,Yes,No,Yes,FALSE,0,0,0,None,0,TRUE,TRUE,TRUE,TRUE,No,FALSE,TRUE,TRUE,TRUE,TRUE,FALSE,FALSE,No,No,TRUE,FALSE,FALSE,FALSE,TRUE,TRUE,No,FALSE,FALSE,TRUE,TRUE,FALSE,100%,Harp,FALSE,FALSE,1,TRUE,951
,Redstone Lamp,redstone_lamp,1.2.1 12w07a,158,FALSE,FALSE,FALSE,Yes,Yes,TRUE,TRUE,TRUE,FALSE,Yes,No,Yes,FALSE,0/15,0.3,0.3,None,0,TRUE,TRUE,TRUE,FALSE,No,FALSE,TRUE,TRUE,TRUE,TRUE,FALSE,FALSE,Yes,Yes,TRUE,FALSE,FALSE,FALSE,FALSE,FALSE,No,FALSE,FALSE,FALSE,TRUE,FALSE,100%,Harp,FALSE,FALSE,1,TRUE,952
,Daylight Detector,daylight_detector,1.5 13w01a,221,FALSE,FALSE,FALSE,Yes,Yes,TRUE,TRUE,TRUE,TRUE,No,No,No,FALSE,0,0.2,0.2,Axe,0,TRUE,TRUE,TRUE,TRUE,No,FALSE,TRUE,FALSE,TRUE,FALSE,TRUE,FALSE,No,No,FALSE,FALSE,FALSE,FALSE,FALSE,TRUE,Directional,FALSE,TRUE,TRUE,TRUE,FALSE,100%,Bass,FALSE,FALSE,1,TRUE,953
,Tripwire Hook,tripwire_hook,1.3.1 12w22a,172,FALSE,FALSE,FALSE,Yes,Yes,TRUE,TRUE,TRUE,FALSE,No,No,No,FALSE,0,0,0,None,0,TRUE,TRUE,TRUE,TRUE,No,TRUE,FALSE,FALSE,TRUE,FALSE,FALSE,TRUE,No,No,FALSE,FALSE,TRUE,TRUE,FALSE,FALSE,Fully,FALSE,TRUE,TRUE,FALSE,FALSE,N/A,Harp,FALSE,FALSE,4,TRUE,954
,Tripwire,tripwire,1.3.1 12w22a,173,FALSE,FALSE,FALSE,Yes,Yes,TRUE,FALSE,TRUE,FALSE,No,Yes,No,TRUE,0,0,0,None,0,TRUE,TRUE,TRUE,TRUE,No,TRUE,FALSE,FALSE,TRUE,FALSE,FALSE,TRUE,No,No,FALSE,FALSE,FALSE,FALSE,FALSE,FALSE,Fully,FALSE,TRUE,TRUE,FALSE,FALSE,N/A,Harp,FALSE,FALSE,2,TRUE,955
,Target,target,1.16 20w09a,733,FALSE,FALSE,FALSE,Yes,Yes,TRUE,TRUE,TRUE,FALSE,Yes,No,Yes,FALSE,0,0.5,0.5,Hoe,0,TRUE,TRUE,TRUE,TRUE,No,FALSE,TRUE,TRUE,TRUE,TRUE,FALSE,FALSE,Yes,Yes,TRUE,FALSE,FALSE,FALSE,TRUE,TRUE,No,FALSE,FALSE,FALSE,TRUE,FALSE,100%,Harp,FALSE,FALSE,1,TRUE,956
,Rail,rail,Infdev 20100618,61,FALSE,FALSE,FALSE,Yes,Yes,TRUE,TRUE,TRUE,FALSE,No,Depends,No,TRUE,0,0.7,0.7,Pickaxe,0,TRUE,TRUE,TRUE,TRUE,Yes,FALSE,FALSE,FALSE,TRUE,FALSE,FALSE,FALSE,No,No,FALSE,FALSE,TRUE,TRUE,FALSE,FALSE,Fully,FALSE,TRUE,TRUE,FALSE,FALSE,N/A,Harp,FALSE,FALSE,2,TRUE,957
,Powered Rail,powered_rail,Beta 1.5,106,FALSE,FALSE,FALSE,Yes,Yes,TRUE,TRUE,TRUE,FALSE,No,Depends,No,TRUE,0,0.7,0.7,Pickaxe,0,TRUE,TRUE,TRUE,TRUE,Yes,FALSE,FALSE,FALSE,TRUE,FALSE,FALSE,FALSE,No,No,FALSE,FALSE,TRUE,TRUE,FALSE,FALSE,Fully,FALSE,TRUE,TRUE,FALSE,FALSE,N/A,Harp,FALSE,FALSE,2,TRUE,958
,Detector Rail,detector_rail,Beta 1.5,107,FALSE,FALSE,FALSE,Yes,Yes,TRUE,TRUE,TRUE,FALSE,No,Depends,No,TRUE,0,0.7,0.7,Pickaxe,0,TRUE,TRUE,TRUE,TRUE,Yes,FALSE,FALSE,FALSE,TRUE,FALSE,FALSE,FALSE,No,No,FALSE,FALSE,TRUE,TRUE,FALSE,FALSE,Fully,FALSE,TRUE,TRUE,FALSE,FALSE,N/A,Harp,FALSE,FALSE,2,TRUE,959
,Activator Rail,activator_rail,1.5 13w02a,227,FALSE,FALSE,FALSE,Yes,Yes,TRUE,TRUE,TRUE,FALSE,No,Depends,No,TRUE,0,0.7,0.7,Pickaxe,0,TRUE,TRUE,TRUE,TRUE,Yes,FALSE,FALSE,FALSE,TRUE,FALSE,FALSE,FALSE,No,No,FALSE,FALSE,TRUE,TRUE,FALSE,FALSE,Fully,FALSE,TRUE,TRUE,FALSE,FALSE,N/A,Harp,FALSE,FALSE,2,TRUE,960
,Sculk Vein,sculk_vein,1.19 Experimental Snapshot 1,900,FALSE,FALSE,FALSE,Yes,Yes,FALSE,TRUE,TRUE,FALSE,No,Yes,No,TRUE,0,0.2,0.2,Hoe,0,FALSE,FALSE,TRUE,TRUE,Yes,TRUE,FALSE,FALSE,TRUE,FALSE,FALSE,TRUE,No,No,FALSE,FALSE,TRUE,TRUE,FALSE,FALSE,Fully,FALSE,TRUE,TRUE,TRUE,FALSE,N/A,Harp,FALSE,FALSE,6,TRUE,961
,Sculk,sculk,1.19 Experimental Snapshot 1,901,FALSE,FALSE,FALSE,Yes,Yes,FALSE,TRUE,TRUE,FALSE,Yes,No,Yes,FALSE,0,0.2,0.2,Hoe,0,FALSE,FALSE,TRUE,TRUE,No,FALSE,TRUE,TRUE,TRUE,TRUE,FALSE,FALSE,Yes,Yes,TRUE,FALSE,FALSE,FALSE,FALSE,FALSE,No,FALSE,FALSE,FALSE,TRUE,FALSE,100%,Harp,FALSE,FALSE,1,FALSE,962
,Sculk Sensor,sculk_sensor,1.17 20w49a,843,FALSE,FALSE,FALSE,Yes,Yes,FALSE,TRUE,TRUE,TRUE,No,No,No,FALSE,1,1.5,1.5,Hoe,0,FALSE,FALSE,TRUE,TRUE,Yes,FALSE,TRUE,FALSE,TRUE,FALSE,TRUE,FALSE,No,No,FALSE,FALSE,FALSE,FALSE,FALSE,FALSE,Directional,FALSE,TRUE,TRUE,TRUE,FALSE,100%,Harp,FALSE,FALSE,1,TRUE,963
,Calibrated Sculk Sensor,calibrated_sculk_sensor,1.20 23w12a,1000,FALSE,FALSE,FALSE,Yes,Yes,TRUE,TRUE,TRUE,TRUE,No,No,No,FALSE,1,1.5,1.5,Hoe,0,FALSE,FALSE,TRUE,TRUE,Yes,FALSE,TRUE,FALSE,TRUE,FALSE,TRUE,FALSE,No,No,FALSE,FALSE,FALSE,FALSE,FALSE,FALSE,Directional,FALSE,TRUE,TRUE,TRUE,FALSE,100%,Harp,FALSE,FALSE,4,TRUE,964
,Sculk Catalyst,sculk_catalyst,1.19 Experimental Snapshot 1,902,FALSE,FALSE,FALSE,Yes,Yes,TRUE,TRUE,TRUE,TRUE,Yes,No,Yes,FALSE,6,3,3,Hoe,0,FALSE,FALSE,TRUE,FALSE,No,FALSE,TRUE,TRUE,TRUE,TRUE,TRUE,FALSE,Yes,Yes,TRUE,FALSE,FALSE,FALSE,FALSE,FALSE,No,FALSE,FALSE,FALSE,TRUE,FALSE,100%,Harp,FALSE,FALSE,1,TRUE,965
,Sculk Shrieker,sculk_shrieker,1.19 Experimental Snapshot 1,903,FALSE,FALSE,FALSE,Yes,Yes,FALSE,TRUE,TRUE,TRUE,No,No,No,TRUE,0,3,3,Hoe,0,FALSE,FALSE,TRUE,FALSE,Yes,FALSE,TRUE,FALSE,TRUE,TRUE,TRUE,FALSE,No,No,FALSE,FALSE,FALSE,FALSE,FALSE,FALSE,Directional,FALSE,TRUE,TRUE,TRUE,FALSE,100%,Harp,FALSE,FALSE,1,TRUE,966
,Red Mushroom,red_mushroom,Classic 0.0.20a,37,FALSE,FALSE,FALSE,Yes,Yes,FALSE,TRUE,TRUE,FALSE,No,Yes,No,TRUE,0,0,0,None,0,TRUE,TRUE,TRUE,TRUE,No,TRUE,FALSE,FALSE,TRUE,FALSE,FALSE,TRUE,No,No,FALSE,FALSE,TRUE,TRUE,FALSE,FALSE,Fully,FALSE,TRUE,TRUE,FALSE,FALSE,N/A,Harp,FALSE,FALSE,1,FALSE,967
,Brown Mushroom,brown_mushroom,Classic 0.0.20a,38,FALSE,FALSE,FALSE,Yes,Yes,FALSE,TRUE,TRUE,FALSE,No,Yes,No,TRUE,1,0,0,None,0,TRUE,TRUE,TRUE,TRUE,No,TRUE,FALSE,FALSE,TRUE,FALSE,FALSE,TRUE,No,No,FALSE,FALSE,TRUE,TRUE,FALSE,FALSE,Fully,FALSE,TRUE,TRUE,FALSE,FALSE,N/A,Harp,FALSE,FALSE,1,FALSE,968
,Red Mushroom Block,red_mushroom_block,Beta 1.8 Pre-Release,131,FALSE,FALSE,FALSE,Yes,Yes,FALSE,TRUE,TRUE,FALSE,Yes,No,Yes,FALSE,0,0.2,0.2,Axe,0,FALSE,FALSE,TRUE,TRUE,No,FALSE,TRUE,TRUE,TRUE,TRUE,FALSE,FALSE,Yes,Yes,TRUE,FALSE,FALSE,FALSE,FALSE,TRUE,No,FALSE,FALSE,FALSE,TRUE,FALSE,100%,Bass,FALSE,FALSE,1,TRUE,969
,Brown Mushroom Block,brown_mushroom_block,Beta 1.8 Pre-Release,132,FALSE,FALSE,FALSE,Yes,Yes,FALSE,TRUE,TRUE,FALSE,Yes,No,Yes,FALSE,0,0.2,0.2,Axe,0,FALSE,FALSE,TRUE,TRUE,No,FALSE,TRUE,TRUE,TRUE,TRUE,FALSE,FALSE,Yes,Yes,TRUE,FALSE,FALSE,FALSE,FALSE,TRUE,No,FALSE,FALSE,FALSE,TRUE,FALSE,100%,Bass,FALSE,FALSE,1,TRUE,970
,Mushroom Stem,mushroom_stem,Beta 1.8 Pre-Release,133,FALSE,FALSE,FALSE,Yes,Yes,FALSE,TRUE,TRUE,FALSE,Yes,No,Yes,FALSE,0,0.2,0.2,Axe,0,FALSE,FALSE,TRUE,TRUE,No,FALSE,TRUE,TRUE,TRUE,TRUE,FALSE,FALSE,Yes,Yes,TRUE,FALSE,FALSE,FALSE,FALSE,TRUE,No,FALSE,FALSE,FALSE,TRUE,FALSE,100%,Bass,FALSE,FALSE,1,TRUE,971
,Oak Sapling,oak_sapling,Pre-Classic rd161348,7,FALSE,FALSE,FALSE,Yes,Yes,TRUE,TRUE,TRUE,FALSE,No,Yes,No,TRUE,0,0,0,None,0,TRUE,TRUE,TRUE,TRUE,No,TRUE,FALSE,FALSE,TRUE,FALSE,FALSE,TRUE,No,No,FALSE,FALSE,TRUE,TRUE,FALSE,FALSE,Fully,FALSE,TRUE,TRUE,FALSE,FALSE,N/A,Harp,FALSE,FALSE,1,TRUE,972
,Birch Sapling,birch_sapling,Beta 1.5,108,FALSE,FALSE,FALSE,Yes,Yes,TRUE,TRUE,TRUE,FALSE,No,Yes,No,TRUE,0,0,0,None,0,TRUE,TRUE,TRUE,TRUE,No,TRUE,FALSE,FALSE,TRUE,FALSE,FALSE,TRUE,No,No,FALSE,FALSE,TRUE,TRUE,FALSE,FALSE,Fully,FALSE,TRUE,TRUE,FALSE,FALSE,N/A,Harp,FALSE,FALSE,1,TRUE,973
,Spruce Sapling,spruce_sapling,Beta 1.5,109,FALSE,FALSE,FALSE,Yes,Yes,TRUE,TRUE,TRUE,FALSE,No,Yes,No,TRUE,0,0,0,None,0,TRUE,TRUE,TRUE,TRUE,No,TRUE,FALSE,FALSE,TRUE,FALSE,FALSE,TRUE,No,No,FALSE,FALSE,TRUE,TRUE,FALSE,FALSE,Fully,FALSE,TRUE,TRUE,FALSE,FALSE,N/A,Harp,FALSE,FALSE,1,TRUE,974
,Jungle Sapling,jungle_saplings,1.2.1 12w04a,157,FALSE,FALSE,FALSE,Yes,Yes,TRUE,TRUE,TRUE,FALSE,No,Yes,No,TRUE,0,0,0,None,0,TRUE,TRUE,TRUE,TRUE,No,TRUE,FALSE,FALSE,TRUE,FALSE,FALSE,TRUE,No,No,FALSE,FALSE,TRUE,TRUE,FALSE,FALSE,Fully,FALSE,TRUE,TRUE,FALSE,FALSE,N/A,Harp,FALSE,FALSE,1,TRUE,975
,Dark Oak Sapling,dark_oak_sapling,1.7.2 13w43a,340,FALSE,FALSE,FALSE,Yes,Yes,TRUE,TRUE,TRUE,FALSE,No,Yes,No,TRUE,0,0,0,None,0,TRUE,TRUE,TRUE,TRUE,No,TRUE,FALSE,FALSE,TRUE,FALSE,FALSE,TRUE,No,No,FALSE,FALSE,TRUE,TRUE,FALSE,FALSE,Fully,FALSE,TRUE,TRUE,FALSE,FALSE,N/A,Harp,FALSE,FALSE,1,TRUE,976
,Acacia Sapling,acacia_sapling,1.7.2 13w43a,341,FALSE,FALSE,FALSE,Yes,Yes,TRUE,TRUE,TRUE,FALSE,No,Yes,No,TRUE,0,0,0,None,0,TRUE,TRUE,TRUE,TRUE,No,TRUE,FALSE,FALSE,TRUE,FALSE,FALSE,TRUE,No,No,FALSE,FALSE,TRUE,TRUE,FALSE,FALSE,Fully,FALSE,TRUE,TRUE,FALSE,FALSE,N/A,Harp,FALSE,FALSE,1,TRUE,977
,Mangrove Propagule,mangrove_propagule,1.19 22w11a,926,FALSE,FALSE,FALSE,Yes,Yes,TRUE,TRUE,TRUE,FALSE,No,Yes,No,TRUE,0,0,0,None,0,TRUE,TRUE,TRUE,TRUE,Yes,FALSE,FALSE,FALSE,TRUE,FALSE,FALSE,TRUE,No,No,FALSE,FALSE,TRUE,TRUE,FALSE,FALSE,Fully,FALSE,TRUE,TRUE,FALSE,FALSE,N/A,Harp,FALSE,FALSE,2,TRUE,978
,Cherry Sapling,cherry_sapling,1.20 Experimental 23w07a,994,FALSE,FALSE,FALSE,Yes,Yes,TRUE,TRUE,TRUE,FALSE,No,Yes,No,TRUE,0,0,0,None,0,TRUE,TRUE,TRUE,TRUE,No,TRUE,FALSE,FALSE,TRUE,FALSE,FALSE,TRUE,No,No,FALSE,FALSE,TRUE,TRUE,FALSE,FALSE,Fully,FALSE,TRUE,TRUE,FALSE,FALSE,N/A,Harp,FALSE,FALSE,1,TRUE,979
,Pale Oak Sapling,pale_oak_sapling,1.21.4 Experimental 24w40a,1080,FALSE,FALSE,FALSE,Yes,Yes,TRUE,TRUE,TRUE,FALSE,No,Yes,No,TRUE,0,0,0,None,0,TRUE,TRUE,TRUE,TRUE,No,TRUE,FALSE,FALSE,TRUE,FALSE,FALSE,TRUE,No,No,FALSE,FALSE,TRUE,TRUE,FALSE,FALSE,Fully,FALSE,TRUE,TRUE,FALSE,FALSE,N/A,Harp,FALSE,FALSE,1,TRUE,980
,Oak Leaves,oak_leaves,Classic 0.0.14a,17,FALSE,FALSE,FALSE,Yes,Yes,TRUE,TRUE,TRUE,FALSE,No,No,Yes,FALSE,0,0.2,0.2,Shears/Hoe/Sword,0,FALSE,FALSE,TRUE,TRUE,Yes,FALSE,TRUE,TRUE,TRUE,TRUE,FALSE,TRUE,No,No,FALSE,FALSE,FALSE,FALSE,TRUE,TRUE,Fully,TRUE,TRUE,TRUE,TRUE,FALSE,100%,Harp,FALSE,FALSE,1,TRUE,981
,Birch Leaves,birch_leaves,Beta 1.2,96,FALSE,FALSE,FALSE,Yes,Yes,TRUE,TRUE,TRUE,FALSE,No,No,Yes,FALSE,0,0.2,0.2,Shears/Hoe/Sword,0,FALSE,FALSE,TRUE,TRUE,Yes,FALSE,TRUE,TRUE,TRUE,TRUE,FALSE,TRUE,No,No,FALSE,FALSE,FALSE,FALSE,TRUE,TRUE,Fully,TRUE,TRUE,TRUE,TRUE,FALSE,100%,Harp,FALSE,FALSE,1,TRUE,982
,Spruce Leaves,spruce_leaves,Beta 1.2,97,FALSE,FALSE,FALSE,Yes,Yes,TRUE,TRUE,TRUE,FALSE,No,No,Yes,FALSE,0,0.2,0.2,Shears/Hoe/Sword,0,FALSE,FALSE,TRUE,TRUE,Yes,FALSE,TRUE,TRUE,TRUE,TRUE,FALSE,TRUE,No,No,FALSE,FALSE,FALSE,FALSE,TRUE,TRUE,Fully,TRUE,TRUE,TRUE,TRUE,FALSE,100%,Harp,FALSE,FALSE,1,TRUE,983
,Jungle Leaves,jungle_leaves,1.2.1 12w03a,156,FALSE,FALSE,FALSE,Yes,Yes,TRUE,TRUE,TRUE,FALSE,No,No,Yes,FALSE,0,0.2,0.2,Shears/Hoe/Sword,0,FALSE,FALSE,TRUE,TRUE,Yes,FALSE,TRUE,TRUE,TRUE,TRUE,FALSE,TRUE,No,No,FALSE,FALSE,FALSE,FALSE,TRUE,TRUE,Fully,TRUE,TRUE,TRUE,TRUE,FALSE,100%,Harp,FALSE,FALSE,1,TRUE,984
,Dark Oak Leaves,dark_oak_leaves,1.7.2 13w43a,342,FALSE,FALSE,FALSE,Yes,Yes,TRUE,TRUE,TRUE,FALSE,No,No,Yes,FALSE,0,0.2,0.2,Shears/Hoe/Sword,0,FALSE,FALSE,TRUE,TRUE,Yes,FALSE,TRUE,TRUE,TRUE,TRUE,FALSE,TRUE,No,No,FALSE,FALSE,FALSE,FALSE,TRUE,TRUE,Fully,TRUE,TRUE,TRUE,TRUE,FALSE,100%,Harp,FALSE,FALSE,1,TRUE,985
,Acacia Leaves,acacia_leaves,1.7.2 13w43a,343,FALSE,FALSE,FALSE,Yes,Yes,TRUE,TRUE,TRUE,FALSE,No,No,Yes,FALSE,0,0.2,0.2,Shears/Hoe/Sword,0,FALSE,FALSE,TRUE,TRUE,Yes,FALSE,TRUE,TRUE,TRUE,TRUE,FALSE,TRUE,No,No,FALSE,FALSE,FALSE,FALSE,TRUE,TRUE,Fully,TRUE,TRUE,TRUE,TRUE,FALSE,100%,Harp,FALSE,FALSE,1,TRUE,986
,Mangrove Leaves,mangrove_leaves,1.19 22w11a,927,FALSE,FALSE,FALSE,Yes,Yes,TRUE,TRUE,TRUE,FALSE,No,No,Yes,FALSE,0,0.2,0.2,Shears/Hoe/Sword,0,FALSE,FALSE,TRUE,TRUE,Yes,FALSE,TRUE,TRUE,TRUE,TRUE,FALSE,TRUE,No,No,FALSE,FALSE,FALSE,FALSE,TRUE,TRUE,Fully,TRUE,TRUE,TRUE,TRUE,FALSE,100%,Harp,FALSE,FALSE,1,TRUE,987
,Cherry Leaves,cherry_leaves,1.20 Experimental 23w07a,995,FALSE,FALSE,FALSE,Yes,Yes,TRUE,TRUE,TRUE,FALSE,No,No,Yes,FALSE,0,0.2,0.2,Shears/Hoe/Sword,0,FALSE,FALSE,TRUE,TRUE,Yes,FALSE,TRUE,TRUE,TRUE,TRUE,FALSE,TRUE,No,No,FALSE,FALSE,FALSE,FALSE,TRUE,TRUE,Fully,TRUE,TRUE,TRUE,TRUE,FALSE,100%,Harp,FALSE,FALSE,1,TRUE,988
,Pale Oak Leaves,pale_oak_leaves,1.21.4 Experimental 24w40a,1081,FALSE,FALSE,FALSE,Yes,Yes,TRUE,TRUE,TRUE,FALSE,No,No,Yes,FALSE,0,0.2,0.2,Shears/Hoe/Sword,0,FALSE,FALSE,TRUE,TRUE,Yes,FALSE,TRUE,TRUE,TRUE,TRUE,FALSE,TRUE,No,No,FALSE,FALSE,FALSE,FALSE,TRUE,TRUE,Fully,TRUE,TRUE,TRUE,TRUE,FALSE,100%,Harp,FALSE,FALSE,1,TRUE,989
,Azalea Leaves,azalea_leaves,1.17 21w05a,846,FALSE,FALSE,FALSE,Yes,Yes,FALSE,TRUE,TRUE,FALSE,No,No,Yes,FALSE,0,0.2,0.2,Shears/Hoe/Sword,0,FALSE,FALSE,TRUE,TRUE,Yes,FALSE,TRUE,TRUE,TRUE,TRUE,FALSE,TRUE,No,No,FALSE,FALSE,FALSE,FALSE,TRUE,TRUE,Fully,TRUE,TRUE,TRUE,TRUE,FALSE,100%,Harp,FALSE,FALSE,1,TRUE,990
,Flowering Azalea Leaves,flowering_azalea_leaves,1.17 21w05a,847,FALSE,FALSE,FALSE,Yes,Yes,FALSE,TRUE,TRUE,FALSE,No,No,Yes,FALSE,0,0.2,0.2,Shears/Hoe/Sword,0,FALSE,FALSE,TRUE,TRUE,Yes,FALSE,TRUE,TRUE,TRUE,TRUE,FALSE,TRUE,No,No,FALSE,FALSE,FALSE,FALSE,TRUE,TRUE,Fully,TRUE,TRUE,TRUE,TRUE,FALSE,100%,Harp,FALSE,FALSE,1,TRUE,991
,Leaf Litter,leaf_litter,1.21.5 25w02a,1096,FALSE,FALSE,FALSE,Yes,Yes,TRUE,TRUE,TRUE,FALSE,No,Yes,No,TRUE,0,0,0,None,0,TRUE,TRUE,TRUE,TRUE,No,TRUE,FALSE,FALSE,TRUE,FALSE,FALSE,TRUE,No,No,FALSE,FALSE,TRUE,TRUE,TRUE,FALSE,Fully,FALSE,TRUE,TRUE,FALSE,FALSE,N/A,Harp,FALSE,FALSE,4,TRUE,992
,Dandelion,dandelion,Classic 0.0.20a,39,FALSE,FALSE,FALSE,Yes,Yes,FALSE,TRUE,TRUE,FALSE,No,Yes,No,TRUE,0,0,0,None,0,TRUE,TRUE,TRUE,TRUE,No,TRUE,FALSE,FALSE,TRUE,FALSE,FALSE,TRUE,No,No,FALSE,FALSE,TRUE,TRUE,TRUE,TRUE,Fully,FALSE,TRUE,TRUE,FALSE,FALSE,N/A,Harp,FALSE,FALSE,1,FALSE,993
,Poppy,poppy,Classic 0.0.20a,40,FALSE,FALSE,FALSE,Yes,Yes,FALSE,TRUE,TRUE,FALSE,No,Yes,No,TRUE,0,0,0,None,0,TRUE,TRUE,TRUE,TRUE,No,TRUE,FALSE,FALSE,TRUE,FALSE,FALSE,TRUE,No,No,FALSE,FALSE,TRUE,TRUE,TRUE,TRUE,Fully,FALSE,TRUE,TRUE,FALSE,FALSE,N/A,Harp,FALSE,FALSE,1,FALSE,994
,Blue Orchid,blue_orchid,1.7.2 13w36a,286,FALSE,FALSE,FALSE,Yes,Yes,FALSE,TRUE,TRUE,FALSE,No,Yes,No,TRUE,0,0,0,None,0,TRUE,TRUE,TRUE,TRUE,No,TRUE,FALSE,FALSE,TRUE,FALSE,FALSE,TRUE,No,No,FALSE,FALSE,TRUE,TRUE,TRUE,TRUE,Fully,FALSE,TRUE,TRUE,FALSE,FALSE,N/A,Harp,FALSE,FALSE,1,FALSE,995
,Allium,allium,1.7.2 13w36a,287,FALSE,FALSE,FALSE,Yes,Yes,FALSE,TRUE,TRUE,FALSE,No,Yes,No,TRUE,0,0,0,None,0,TRUE,TRUE,TRUE,TRUE,No,TRUE,FALSE,FALSE,TRUE,FALSE,FALSE,TRUE,No,No,FALSE,FALSE,TRUE,TRUE,TRUE,TRUE,Fully,FALSE,TRUE,TRUE,FALSE,FALSE,N/A,Harp,FALSE,FALSE,1,FALSE,996
,Azure Bluet,azure_bluet,1.7.2 13w36a,288,FALSE,FALSE,FALSE,Yes,Yes,FALSE,TRUE,TRUE,FALSE,No,Yes,No,TRUE,0,0,0,None,0,TRUE,TRUE,TRUE,TRUE,No,TRUE,FALSE,FALSE,TRUE,FALSE,FALSE,TRUE,No,No,FALSE,FALSE,TRUE,TRUE,TRUE,TRUE,Fully,FALSE,TRUE,TRUE,FALSE,FALSE,N/A,Harp,FALSE,FALSE,1,FALSE,997
,Red Tulip,red_tulip,1.7.2 13w36a,289,FALSE,FALSE,FALSE,Yes,Yes,FALSE,TRUE,TRUE,FALSE,No,Yes,No,TRUE,0,0,0,None,0,TRUE,TRUE,TRUE,TRUE,No,TRUE,FALSE,FALSE,TRUE,FALSE,FALSE,TRUE,No,No,FALSE,FALSE,TRUE,TRUE,TRUE,TRUE,Fully,FALSE,TRUE,TRUE,FALSE,FALSE,N/A,Harp,FALSE,FALSE,1,FALSE,998
,Orange Tulip,orange_tulip,1.7.2 13w36a,290,FALSE,FALSE,FALSE,Yes,Yes,FALSE,TRUE,TRUE,FALSE,No,Yes,No,TRUE,0,0,0,None,0,TRUE,TRUE,TRUE,TRUE,No,TRUE,FALSE,FALSE,TRUE,FALSE,FALSE,TRUE,No,No,FALSE,FALSE,TRUE,TRUE,TRUE,TRUE,Fully,FALSE,TRUE,TRUE,FALSE,FALSE,N/A,Harp,FALSE,FALSE,1,FALSE,999
,White Tulip,white_tulip,1.7.2 13w36a,291,FALSE,FALSE,FALSE,Yes,Yes,FALSE,TRUE,TRUE,FALSE,No,Yes,No,TRUE,0,0,0,None,0,TRUE,TRUE,TRUE,TRUE,No,TRUE,FALSE,FALSE,TRUE,FALSE,FALSE,TRUE,No,No,FALSE,FALSE,TRUE,TRUE,TRUE,TRUE,Fully,FALSE,TRUE,TRUE,FALSE,FALSE,N/A,Harp,FALSE,FALSE,1,FALSE,1000
,Pink Tulip,pink_tulip,1.7.2 13w36a,292,FALSE,FALSE,FALSE,Yes,Yes,FALSE,TRUE,TRUE,FALSE,No,Yes,No,TRUE,0,0,0,None,0,TRUE,TRUE,TRUE,TRUE,No,TRUE,FALSE,FALSE,TRUE,FALSE,FALSE,TRUE,No,No,FALSE,FALSE,TRUE,TRUE,TRUE,TRUE,Fully,FALSE,TRUE,TRUE,FALSE,FALSE,N/A,Harp,FALSE,FALSE,1,FALSE,1001
,Oxeye Daisy,oxeye_daisy,1.7.2 13w36a,293,FALSE,FALSE,FALSE,Yes,Yes,FALSE,TRUE,TRUE,FALSE,No,Yes,No,TRUE,0,0,0,None,0,TRUE,TRUE,TRUE,TRUE,No,TRUE,FALSE,FALSE,TRUE,FALSE,FALSE,TRUE,No,No,FALSE,FALSE,TRUE,TRUE,TRUE,TRUE,Fully,FALSE,TRUE,TRUE,FALSE,FALSE,N/A,Harp,FALSE,FALSE,1,FALSE,1002
,Cornflower,cornflower,1.14 18w43a,656,FALSE,FALSE,FALSE,Yes,Yes,FALSE,TRUE,TRUE,FALSE,No,Yes,No,TRUE,0,0,0,None,0,TRUE,TRUE,TRUE,TRUE,No,TRUE,FALSE,FALSE,TRUE,FALSE,FALSE,TRUE,No,No,FALSE,FALSE,TRUE,TRUE,TRUE,TRUE,Fully,FALSE,TRUE,TRUE,FALSE,FALSE,N/A,Harp,FALSE,FALSE,1,FALSE,1003
,Lily of the Valley,lily_of_the_valley,1.14 18w43a,657,FALSE,FALSE,FALSE,Yes,Yes,FALSE,TRUE,TRUE,FALSE,No,Yes,No,TRUE,0,0,0,None,0,TRUE,TRUE,TRUE,TRUE,No,TRUE,FALSE,FALSE,TRUE,FALSE,FALSE,TRUE,No,No,FALSE,FALSE,TRUE,TRUE,TRUE,TRUE,Fully,FALSE,TRUE,TRUE,FALSE,FALSE,N/A,Harp,FALSE,FALSE,1,FALSE,1004
,Open Eyeblossom,open_eyeblossom,1.21.4 24w44a,1094,FALSE,FALSE,FALSE,Yes,Yes,FALSE,TRUE,TRUE,FALSE,Yes,Yes,No,TRUE,0,0,0,None,0,TRUE,TRUE,TRUE,TRUE,No,TRUE,FALSE,FALSE,TRUE,FALSE,FALSE,TRUE,No,No,FALSE,FALSE,TRUE,TRUE,TRUE,TRUE,Fully,FALSE,TRUE,TRUE,FALSE,FALSE,N/A,Harp,FALSE,FALSE,1,FALSE,1005
,Closed Eyeblossom,closed_eyeblossom,1.21.4 24w44a,1095,FALSE,FALSE,FALSE,Yes,Yes,FALSE,TRUE,TRUE,FALSE,Yes,Yes,No,TRUE,0,0,0,None,0,TRUE,TRUE,TRUE,TRUE,No,TRUE,FALSE,FALSE,TRUE,FALSE,FALSE,TRUE,No,No,FALSE,FALSE,TRUE,TRUE,TRUE,TRUE,Fully,FALSE,TRUE,TRUE,FALSE,FALSE,N/A,Harp,FALSE,FALSE,1,FALSE,1006
,Wither Rose,wither_rose,1.14 18w43a,658,FALSE,FALSE,FALSE,Yes,Yes,FALSE,TRUE,TRUE,FALSE,No,Yes,No,TRUE,0,0,0,None,0,TRUE,TRUE,TRUE,TRUE,No,TRUE,FALSE,FALSE,TRUE,FALSE,FALSE,TRUE,No,No,FALSE,FALSE,TRUE,TRUE,TRUE,TRUE,Fully,FALSE,TRUE,TRUE,FALSE,TRUE,N/A,Harp,FALSE,FALSE,1,FALSE,1007
,Golden Dandelion,golden_dandelion,26.1 Snapshot 5,1168,FALSE,FALSE,FALSE,Yes,Yes,FALSE,TRUE,TRUE,FALSE,No,Yes,No,TRUE,0,0,0,None,0,TRUE,TRUE,TRUE,TRUE,No,TRUE,FALSE,FALSE,TRUE,FALSE,FALSE,TRUE,No,No,FALSE,FALSE,TRUE,TRUE,TRUE,TRUE,Fully,FALSE,TRUE,TRUE,FALSE,FALSE,N/A,Harp,FALSE,FALSE,1,FALSE,1008
,Sunflower,sunflower,1.7.2 13w36a,294,FALSE,FALSE,FALSE,Yes,Yes,TRUE,TRUE,TRUE,FALSE,No,Yes,No,TRUE,0,0,0,None,0,TRUE,TRUE,TRUE,TRUE,No,TRUE,FALSE,FALSE,TRUE,FALSE,FALSE,TRUE,No,No,FALSE,FALSE,TRUE,TRUE,TRUE,TRUE,Fully,FALSE,TRUE,TRUE,FALSE,FALSE,N/A,Harp,FALSE,FALSE,1,TRUE,1009
,Peony,peony,1.7.2 13w36a,295,FALSE,FALSE,FALSE,Yes,Yes,TRUE,TRUE,TRUE,FALSE,No,Yes,No,TRUE,0,0,0,None,0,TRUE,TRUE,TRUE,TRUE,No,TRUE,FALSE,FALSE,TRUE,FALSE,FALSE,TRUE,No,No,FALSE,FALSE,TRUE,TRUE,TRUE,TRUE,Fully,FALSE,TRUE,TRUE,FALSE,FALSE,N/A,Harp,FALSE,FALSE,1,TRUE,1010
,Lilac,lilac,1.7.2 13w36a,296,FALSE,FALSE,FALSE,Yes,Yes,TRUE,TRUE,TRUE,FALSE,No,Yes,No,TRUE,0,0,0,None,0,TRUE,TRUE,TRUE,TRUE,No,TRUE,FALSE,FALSE,TRUE,FALSE,FALSE,TRUE,No,No,FALSE,FALSE,TRUE,TRUE,TRUE,TRUE,Fully,FALSE,TRUE,TRUE,FALSE,FALSE,N/A,Harp,FALSE,FALSE,1,TRUE,1011
,Rose Bush,rose_bush,1.7.2 13w36a,297,FALSE,FALSE,FALSE,Yes,Yes,TRUE,TRUE,TRUE,FALSE,No,Yes,No,TRUE,0,0,0,None,0,TRUE,TRUE,TRUE,TRUE,No,TRUE,FALSE,FALSE,TRUE,FALSE,FALSE,TRUE,No,No,FALSE,FALSE,TRUE,TRUE,TRUE,TRUE,Fully,FALSE,TRUE,TRUE,FALSE,FALSE,N/A,Harp,FALSE,FALSE,1,TRUE,1012
,Pink Petals,pink_petals,1.20 Experimental 23w07a,996,FALSE,FALSE,FALSE,Yes,Yes,FALSE,TRUE,TRUE,FALSE,No,Yes,No,TRUE,0,0,0,None,0,TRUE,TRUE,TRUE,TRUE,No,TRUE,FALSE,FALSE,TRUE,FALSE,FALSE,TRUE,No,No,FALSE,FALSE,TRUE,TRUE,TRUE,FALSE,Fully,FALSE,TRUE,TRUE,FALSE,FALSE,N/A,Harp,FALSE,FALSE,4,TRUE,1013
,Wildflowers,wildflowers,1.21.5 25w02a,1097,FALSE,FALSE,FALSE,Yes,Yes,FALSE,TRUE,TRUE,FALSE,No,Yes,No,TRUE,0,0,0,None,0,TRUE,TRUE,TRUE,TRUE,No,TRUE,FALSE,FALSE,TRUE,FALSE,FALSE,TRUE,No,No,FALSE,FALSE,TRUE,TRUE,TRUE,FALSE,Fully,FALSE,TRUE,TRUE,FALSE,FALSE,N/A,Harp,FALSE,FALSE,4,TRUE,1014
,Short Grass,short_grass,Beta 1.6 Test Build 3,111,FALSE,FALSE,FALSE,Yes,Yes,FALSE,TRUE,TRUE,FALSE,No,Yes,No,TRUE,0,0,0,None,0,FALSE,FALSE,FALSE,TRUE,No,TRUE,FALSE,FALSE,TRUE,FALSE,FALSE,TRUE,No,No,FALSE,FALSE,TRUE,TRUE,TRUE,TRUE,Fully,FALSE,TRUE,TRUE,FALSE,FALSE,N/A,Harp,FALSE,FALSE,1,FALSE,1015
,Tall Grass,tall_grass,1.7.2 13w36a,298,FALSE,FALSE,FALSE,Yes,Yes,FALSE,TRUE,TRUE,FALSE,No,Yes,No,TRUE,0,0,0,None,0,FALSE,FALSE,FALSE,TRUE,No,TRUE,FALSE,FALSE,TRUE,TRUE,FALSE,TRUE,No,No,FALSE,FALSE,TRUE,TRUE,TRUE,TRUE,Fully,FALSE,TRUE,TRUE,FALSE,FALSE,N/A,Harp,FALSE,FALSE,1,TRUE,1016
,Fern,fern,Beta 1.6 Test Build 3,112,FALSE,FALSE,FALSE,Yes,Yes,FALSE,TRUE,TRUE,FALSE,No,Yes,No,TRUE,0,0,0,None,0,FALSE,FALSE,FALSE,TRUE,No,TRUE,FALSE,FALSE,TRUE,FALSE,FALSE,TRUE,No,No,FALSE,FALSE,TRUE,TRUE,TRUE,TRUE,Fully,FALSE,TRUE,TRUE,FALSE,FALSE,N/A,Harp,FALSE,FALSE,1,FALSE,1017
,Large Fern,large_fern,1.7.2 13w36a,299,FALSE,FALSE,FALSE,Yes,Yes,FALSE,TRUE,TRUE,FALSE,No,Yes,No,TRUE,0,0,0,None,0,FALSE,FALSE,FALSE,TRUE,No,TRUE,FALSE,FALSE,TRUE,TRUE,FALSE,TRUE,No,No,FALSE,FALSE,TRUE,TRUE,TRUE,TRUE,Fully,FALSE,TRUE,TRUE,FALSE,FALSE,N/A,Harp,FALSE,FALSE,1,TRUE,1018
,Bush,bush,1.21.5 25w05a,1100,FALSE,FALSE,FALSE,Yes,Yes,FALSE,TRUE,TRUE,FALSE,No,Yes,No,TRUE,0,0,0,None,0,FALSE,FALSE,TRUE,TRUE,No,TRUE,FALSE,FALSE,TRUE,FALSE,FALSE,TRUE,No,No,FALSE,FALSE,TRUE,TRUE,TRUE,TRUE,Fully,FALSE,TRUE,TRUE,FALSE,FALSE,N/A,Harp,FALSE,FALSE,1,FALSE,1019
,Firefly Bush,firefly_bush,1.21.5 25w05a,1101,FALSE,FALSE,FALSE,Yes,Yes,TRUE,TRUE,TRUE,FALSE,No,Yes,No,TRUE,2,0,0,None,0,TRUE,TRUE,TRUE,TRUE,No,TRUE,FALSE,FALSE,TRUE,TRUE,FALSE,TRUE,No,No,FALSE,FALSE,TRUE,TRUE,TRUE,TRUE,Fully,FALSE,TRUE,TRUE,FALSE,FALSE,N/A,Harp,FALSE,FALSE,1,FALSE,1020
,Short Dry Grass,short_dry_grass,1.21.5 25w06a,1102,FALSE,FALSE,FALSE,Yes,Yes,FALSE,TRUE,TRUE,FALSE,No,Yes,No,TRUE,0,0,0,None,0,FALSE,FALSE,TRUE,TRUE,No,TRUE,FALSE,FALSE,TRUE,FALSE,FALSE,TRUE,No,No,FALSE,FALSE,TRUE,TRUE,TRUE,TRUE,Fully,FALSE,TRUE,TRUE,FALSE,FALSE,N/A,Harp,FALSE,FALSE,1,FALSE,1021
,Tall Dry Grass,tall_dry_grass,1.21.5 25w06a,1103,FALSE,FALSE,FALSE,Yes,Yes,FALSE,TRUE,TRUE,FALSE,No,Yes,No,TRUE,0,0,0,None,0,FALSE,FALSE,TRUE,TRUE,No,TRUE,FALSE,FALSE,TRUE,FALSE,FALSE,TRUE,No,No,FALSE,FALSE,TRUE,TRUE,TRUE,TRUE,Fully,FALSE,TRUE,TRUE,FALSE,FALSE,N/A,Harp,FALSE,FALSE,1,FALSE,1022
,Dead Bush,dead_bush,Beta 1.6 Test Build 3,113,FALSE,FALSE,FALSE,No,No,FALSE,TRUE,TRUE,FALSE,No,Yes,No,TRUE,0,0,0,None,0,FALSE,FALSE,FALSE,TRUE,No,TRUE,FALSE,FALSE,TRUE,FALSE,FALSE,TRUE,No,No,FALSE,FALSE,TRUE,TRUE,TRUE,TRUE,Fully,FALSE,TRUE,TRUE,FALSE,FALSE,N/A,Harp,FALSE,FALSE,1,FALSE,1023
,Cactus Flower,cactus_flower,1.21.5 25w06a,1104,FALSE,FALSE,FALSE,Yes,Yes,FALSE,TRUE,TRUE,FALSE,No,Yes,No,TRUE,0,0,0,None,0,TRUE,TRUE,TRUE,TRUE,No,TRUE,FALSE,FALSE,TRUE,FALSE,FALSE,TRUE,No,No,FALSE,FALSE,TRUE,TRUE,TRUE,TRUE,Fully,FALSE,TRUE,TRUE,FALSE,FALSE,N/A,Harp,FALSE,FALSE,1,FALSE,1024
,Cactus,cactus,Alpha v1.0.6,78,FALSE,FALSE,FALSE,Yes,Yes,FALSE,TRUE,TRUE,FALSE,No,No,No,FALSE,0,0.4,0.4,None,0,TRUE,TRUE,TRUE,FALSE,No,TRUE,TRUE,FALSE,TRUE,FALSE,FALSE,TRUE,No,No,FALSE,FALSE,TRUE,TRUE,FALSE,FALSE,Fully,FALSE,TRUE,TRUE,TRUE,TRUE,100%,Harp,FALSE,FALSE,1,TRUE,1025
,Sugar Cane,sugar_cane,Alpha v1.0.11,80,FALSE,FALSE,FALSE,Yes,Yes,FALSE,TRUE,TRUE,FALSE,No,Yes,No,TRUE,0,0,0,None,0,TRUE,TRUE,TRUE,TRUE,No,TRUE,FALSE,FALSE,TRUE,FALSE,FALSE,TRUE,No,No,FALSE,FALSE,TRUE,TRUE,FALSE,FALSE,Fully,FALSE,TRUE,TRUE,FALSE,FALSE,N/A,Harp,FALSE,FALSE,1,TRUE,1026
,Bamboo,bamboo,1.14 18w43a,659,FALSE,FALSE,FALSE,Yes,Yes,FALSE,TRUE,TRUE,FALSE,No,No,No,FALSE,0,1,1,Sword/Axe,0,TRUE,TRUE,TRUE,TRUE,No,TRUE,TRUE,FALSE,TRUE,FALSE,FALSE,TRUE,No,No,FALSE,FALSE,TRUE,TRUE,TRUE,TRUE,Fully,FALSE,TRUE,TRUE,TRUE,FALSE,100%,Harp,FALSE,FALSE,1,TRUE,1027
,Bamboo Shoot,bamboo_sapling,1.14 18w43a,660,FALSE,FALSE,FALSE,Yes,Yes,TRUE,FALSE,TRUE,FALSE,No,Yes,No,TRUE,0,0,0,None,0,TRUE,TRUE,TRUE,TRUE,No,TRUE,FALSE,FALSE,TRUE,FALSE,FALSE,TRUE,No,No,FALSE,FALSE,TRUE,TRUE,FALSE,TRUE,Fully,FALSE,TRUE,TRUE,FALSE,FALSE,N/A,Harp,FALSE,FALSE,1,FALSE,1028
,Lily Pad,lily_pad,1.0.0 Beta 1.9 Prerelease,145,FALSE,FALSE,FALSE,Yes,Yes,TRUE,TRUE,TRUE,FALSE,No,No,No,TRUE,0,0,0,None,0,TRUE,TRUE,TRUE,TRUE,No,TRUE,TRUE,FALSE,TRUE,FALSE,FALSE,TRUE,No,No,FALSE,FALSE,TRUE,TRUE,FALSE,FALSE,Fully,FALSE,TRUE,TRUE,FALSE,FALSE,100%,Harp,FALSE,FALSE,1,FALSE,1029
,Vines,vine,Beta 1.8 Pre-Release,134,FALSE,FALSE,FALSE,Yes,Yes,FALSE,TRUE,TRUE,FALSE,No,Yes,No,TRUE,0,0.2,0.2,Shears/Axe,0,FALSE,FALSE,FALSE,TRUE,No,TRUE,FALSE,FALSE,TRUE,FALSE,FALSE,TRUE,No,No,FALSE,FALSE,TRUE,TRUE,TRUE,TRUE,Fully,FALSE,TRUE,TRUE,FALSE,FALSE,0%,Harp,FALSE,FALSE,4,TRUE,1030
,Sweet Berry Bush,sweet_berry_bush,1.14 18w49a,674,FALSE,FALSE,FALSE,Yes,Yes,TRUE,FALSE,TRUE,FALSE,No,No,No,FALSE,0,0,0,None,0,TRUE,TRUE,TRUE,TRUE,No,TRUE,FALSE,FALSE,TRUE,TRUE,FALSE,TRUE,No,No,FALSE,FALSE,TRUE,TRUE,TRUE,TRUE,Fully,FALSE,TRUE,TRUE,FALSE,TRUE,0%,Harp,FALSE,FALSE,1,TRUE,1031
,Cave Vines,cave_vines,1.17 21w05a,848,FALSE,FALSE,FALSE,Yes,Yes,FALSE,FALSE,TRUE,FALSE,No,Yes,No,TRUE,0/14,0,0,None,0,TRUE,TRUE,TRUE,TRUE,No,TRUE,FALSE,FALSE,TRUE,FALSE,FALSE,TRUE,No,No,FALSE,FALSE,TRUE,TRUE,TRUE,FALSE,Fully,FALSE,TRUE,TRUE,FALSE,FALSE,0%,Harp,FALSE,FALSE,1,TRUE,1032
,Cave Vines Plant,cave_vines_plant,1.17 21w05a,849,FALSE,FALSE,FALSE,Yes,Yes,FALSE,FALSE,TRUE,FALSE,No,Yes,No,TRUE,0/14,0,0,None,0,TRUE,TRUE,TRUE,TRUE,No,TRUE,FALSE,FALSE,TRUE,FALSE,FALSE,TRUE,No,No,FALSE,FALSE,TRUE,TRUE,TRUE,FALSE,Fully,FALSE,TRUE,TRUE,FALSE,FALSE,0%,Harp,FALSE,FALSE,1,TRUE,1033
,Moss Block,moss_block,1.17 21w05a,850,FALSE,FALSE,FALSE,Yes,Yes,FALSE,TRUE,TRUE,FALSE,Yes,No,Yes,FALSE,0,0.1,0.1,Hoe,0,TRUE,TRUE,TRUE,TRUE,No,FALSE,TRUE,TRUE,TRUE,TRUE,FALSE,TRUE,Yes,Yes,TRUE,FALSE,FALSE,FALSE,FALSE,FALSE,No,FALSE,FALSE,FALSE,TRUE,FALSE,100%,Harp,FALSE,FALSE,1,FALSE,1034
,Moss Carpet,moss_carpet,1.17 21w05a,851,FALSE,FALSE,FALSE,Yes,Yes,FALSE,TRUE,TRUE,FALSE,No,No,No,TRUE,0,0.1,0.1,Hoe,0,TRUE,TRUE,TRUE,TRUE,No,TRUE,TRUE,FALSE,TRUE,FALSE,FALSE,TRUE,No,No,FALSE,FALSE,TRUE,TRUE,FALSE,FALSE,Fully,FALSE,TRUE,TRUE,FALSE,FALSE,100%,Harp,FALSE,FALSE,1,FALSE,1035
,Small Dripleaf,small_dripleaf,1.17 21w05a,852,FALSE,FALSE,FALSE,Yes,No,FALSE,TRUE,TRUE,FALSE,No,Yes,No,TRUE,0,0,0,None,0,FALSE,FALSE,FALSE,TRUE,Yes,FALSE,FALSE,FALSE,TRUE,FALSE,FALSE,TRUE,No,No,FALSE,FALSE,TRUE,TRUE,TRUE,TRUE,Fully,FALSE,TRUE,TRUE,FALSE,FALSE,N/A,Harp,FALSE,FALSE,4,TRUE,1036
,Big Dripleaf,big_dripleaf,1.17 21w05a,853,FALSE,FALSE,FALSE,Yes,Yes,FALSE,TRUE,TRUE,FALSE,No,Depends,No,TRUE,0,0.1,0.1,Axe,0,TRUE,TRUE,TRUE,TRUE,Yes,FALSE,TRUE,FALSE,TRUE,FALSE,FALSE,TRUE,No,No,FALSE,FALSE,TRUE,TRUE,TRUE,TRUE,Fully,FALSE,TRUE,TRUE,FALSE,FALSE,100%,Harp,FALSE,FALSE,4,TRUE,1037
,Big Dripleaf Stem,big_dripleaf_stem,1.17 21w05a,854,FALSE,FALSE,FALSE,Yes,Yes,FALSE,FALSE,TRUE,FALSE,No,Yes,No,TRUE,0,0.1,0.1,Axe,0,TRUE,TRUE,TRUE,TRUE,Yes,FALSE,FALSE,FALSE,TRUE,FALSE,FALSE,TRUE,No,No,FALSE,FALSE,TRUE,TRUE,TRUE,TRUE,Fully,FALSE,TRUE,TRUE,FALSE,FALSE,N/A,Harp,FALSE,FALSE,4,TRUE,1038
,Azalea,azalea,1.17 21w05a,855,FALSE,FALSE,FALSE,Yes,Yes,FALSE,TRUE,TRUE,FALSE,Yes,No,Yes,TRUE,0,0,0,None,0,TRUE,TRUE,TRUE,TRUE,No,TRUE,TRUE,FALSE,TRUE,FALSE,FALSE,TRUE,No,No,FALSE,FALSE,TRUE,TRUE,TRUE,TRUE,Fully,FALSE,TRUE,TRUE,FALSE,FALSE,100%,Harp,FALSE,FALSE,1,FALSE,1039
,Flowering Azalea,flowering_azalea,1.17 21w05a,856,FALSE,FALSE,FALSE,Yes,Yes,FALSE,TRUE,TRUE,FALSE,Yes,No,Yes,TRUE,0,0,0,None,0,TRUE,TRUE,TRUE,TRUE,No,TRUE,TRUE,FALSE,TRUE,FALSE,FALSE,TRUE,No,No,FALSE,FALSE,TRUE,TRUE,TRUE,TRUE,Fully,FALSE,TRUE,TRUE,FALSE,FALSE,100%,Harp,FALSE,FALSE,1,FALSE,1040
,Spore Blossom,spore_blossom,1.17 21w05a,857,FALSE,FALSE,FALSE,No,No,FALSE,TRUE,TRUE,FALSE,No,Yes,No,TRUE,0,0,0,None,0,TRUE,TRUE,TRUE,TRUE,No,TRUE,FALSE,FALSE,TRUE,FALSE,FALSE,TRUE,No,No,FALSE,FALSE,TRUE,TRUE,TRUE,TRUE,Fully,FALSE,TRUE,TRUE,FALSE,FALSE,N/A,Harp,FALSE,FALSE,1,FALSE,1041
,Pale Moss Block,pale_moss_block,1.21.4 Experimental 24w40a,1082,FALSE,FALSE,FALSE,Yes,Yes,FALSE,TRUE,TRUE,FALSE,Yes,No,Yes,FALSE,0,0.1,0.1,Hoe,0,TRUE,TRUE,TRUE,TRUE,No,FALSE,TRUE,TRUE,TRUE,TRUE,FALSE,TRUE,Yes,Yes,TRUE,FALSE,FALSE,FALSE,FALSE,FALSE,No,FALSE,FALSE,FALSE,TRUE,FALSE,100%,Harp,FALSE,FALSE,1,FALSE,1042
,Pale Moss Carpet,pale_moss_carpet,1.21.4 Experimental 24w40a,1083,FALSE,FALSE,FALSE,Yes,Yes,FALSE,TRUE,TRUE,FALSE,No,No,No,TRUE,0,0.1,0.1,Hoe,0,TRUE,TRUE,TRUE,TRUE,No,TRUE,TRUE,FALSE,TRUE,FALSE,FALSE,TRUE,No,No,FALSE,FALSE,TRUE,TRUE,FALSE,FALSE,Fully,FALSE,TRUE,TRUE,FALSE,FALSE,100%,Harp,FALSE,FALSE,1,TRUE,1043
,Pale Hanging Moss,pale_hanging_moss,1.21.4 Experimental 24w40a,1084,FALSE,FALSE,FALSE,Yes,Yes,FALSE,TRUE,TRUE,FALSE,No,Yes,No,FALSE,0,0,0,None,0,FALSE,FALSE,TRUE,TRUE,No,TRUE,FALSE,FALSE,TRUE,FALSE,FALSE,TRUE,No,No,FALSE,FALSE,TRUE,TRUE,TRUE,TRUE,Fully,FALSE,TRUE,TRUE,FALSE,FALSE,N/A,Harp,FALSE,FALSE,1,FALSE,1044
,Hanging Roots,hanging_roots,1.17 21w05a,858,FALSE,FALSE,FALSE,Yes,Yes,FALSE,TRUE,TRUE,FALSE,No,Yes,No,TRUE,0,0,0,None,0,FALSE,FALSE,FALSE,TRUE,Yes,FALSE,FALSE,FALSE,TRUE,FALSE,FALSE,TRUE,No,No,FALSE,FALSE,TRUE,TRUE,TRUE,TRUE,Fully,FALSE,TRUE,TRUE,FALSE,FALSE,N/A,Harp,FALSE,FALSE,1,FALSE,1045
,Mangrove Roots,mangrove_roots,1.19 22w11a,928,FALSE,FALSE,FALSE,Yes,Yes,TRUE,TRUE,TRUE,FALSE,Yes,No,Yes,FALSE,0,0.7,0.7,Axe,0,TRUE,TRUE,TRUE,TRUE,Yes,FALSE,TRUE,TRUE,TRUE,TRUE,FALSE,FALSE,Yes,Yes,FALSE,FALSE,FALSE,FALSE,TRUE,TRUE,Fully,TRUE,TRUE,FALSE,TRUE,FALSE,100%,Bass,FALSE,FALSE,1,TRUE,1046
,Muddy Mangrove Roots,muddy_mangrove_roots,1.19 22w11a,929,FALSE,FALSE,FALSE,Yes,Yes,TRUE,TRUE,TRUE,FALSE,Yes,No,Yes,FALSE,0,0.7,0.7,Shovel,0,TRUE,TRUE,TRUE,TRUE,No,FALSE,TRUE,TRUE,TRUE,TRUE,FALSE,FALSE,Yes,Yes,TRUE,FALSE,FALSE,FALSE,FALSE,FALSE,No,FALSE,FALSE,FALSE,TRUE,FALSE,100%,Harp,FALSE,FALSE,1,TRUE,1047
,Glow Lichen,glow_lichen,1.17 21w03a,844,FALSE,FALSE,FALSE,Yes,Yes,FALSE,TRUE,TRUE,FALSE,No,Depends,No,FALSE,7,0.2,0.2,Axe/Shears/Sword,0,FALSE,FALSE,FALSE,TRUE,Yes,FALSE,FALSE,FALSE,TRUE,FALSE,FALSE,TRUE,No,No,FALSE,FALSE,TRUE,TRUE,FALSE,FALSE,Fully,FALSE,TRUE,TRUE,FALSE,FALSE,N/A,Harp,FALSE,FALSE,6,TRUE,1048
,Seagrass,seagrass,1.13 18w07a,545,FALSE,FALSE,FALSE,Yes,Yes,FALSE,TRUE,TRUE,FALSE,No,Yes,No,FALSE,0,0,0,None,0,FALSE,FALSE,FALSE,TRUE,Forced,FALSE,FALSE,FALSE,TRUE,FALSE,FALSE,TRUE,No,No,FALSE,FALSE,TRUE,TRUE,FALSE,FALSE,Fully,FALSE,TRUE,TRUE,FALSE,FALSE,N/A,Harp,FALSE,FALSE,1,FALSE,1049
,Tall Seagrass,tall_seagrass,1.13 18w07a,546,FALSE,FALSE,FALSE,Yes,Yes,FALSE,FALSE,TRUE,FALSE,No,Yes,No,FALSE,0,0,0,None,0,FALSE,FALSE,FALSE,TRUE,Forced,FALSE,FALSE,FALSE,TRUE,FALSE,FALSE,TRUE,No,No,FALSE,FALSE,TRUE,TRUE,FALSE,FALSE,Fully,FALSE,TRUE,TRUE,FALSE,FALSE,N/A,Harp,FALSE,FALSE,1,TRUE,1050
,Sea Pickle,sea_pickle,1.13 18w14b,572,FALSE,FALSE,FALSE,Yes,Yes,FALSE,TRUE,TRUE,FALSE,No,No,No,TRUE,0/6//9/12/15,0,0,None,0,TRUE,TRUE,TRUE,TRUE,Yes,FALSE,TRUE,FALSE,TRUE,FALSE,FALSE,TRUE,No,No,FALSE,FALSE,TRUE,TRUE,FALSE,FALSE,Fully,FALSE,TRUE,TRUE,FALSE,FALSE,100%,Harp,FALSE,FALSE,1,TRUE,1051
,Kelp,kelp,1.13 18w07a,547,FALSE,FALSE,FALSE,Yes,Yes,FALSE,TRUE,TRUE,FALSE,No,Yes,No,FALSE,0,0,0,None,0,TRUE,TRUE,TRUE,TRUE,Forced,FALSE,FALSE,FALSE,TRUE,FALSE,FALSE,TRUE,No,No,FALSE,FALSE,TRUE,TRUE,FALSE,FALSE,Fully,FALSE,TRUE,TRUE,FALSE,FALSE,N/A,Harp,FALSE,FALSE,1,TRUE,1052
,Kelp Plant,kelp_plant,1.13 18w07a,548,FALSE,FALSE,FALSE,Yes,Yes,FALSE,FALSE,TRUE,FALSE,No,Yes,No,FALSE,0,0,0,None,0,TRUE,TRUE,TRUE,TRUE,Forced,FALSE,FALSE,FALSE,TRUE,TRUE,FALSE,TRUE,No,No,FALSE,FALSE,TRUE,TRUE,FALSE,FALSE,Fully,FALSE,TRUE,TRUE,FALSE,FALSE,N/A,Harp,FALSE,FALSE,1,FALSE,1053
,Dried Kelp Block,dried_kelp_block,1.13 18w07a,549,FALSE,FALSE,FALSE,Yes,Yes,TRUE,TRUE,TRUE,FALSE,Yes,No,Yes,FALSE,0,2.5,0.5,Hoe,0,TRUE,TRUE,TRUE,TRUE,No,FALSE,TRUE,TRUE,TRUE,TRUE,FALSE,FALSE,Yes,Yes,TRUE,FALSE,FALSE,FALSE,TRUE,TRUE,No,FALSE,FALSE,FALSE,TRUE,FALSE,100%,Harp,FALSE,FALSE,1,FALSE,1054
,Tube Coral Block,tube_coral_block,1.13 18w09a,551,FALSE,FALSE,FALSE,Yes,No,FALSE,TRUE,TRUE,FALSE,Yes,No,Yes,FALSE,0,6,1.5,Pickaxe,0,FALSE,FALSE,TRUE,TRUE,No,FALSE,TRUE,TRUE,TRUE,TRUE,FALSE,FALSE,Yes,Yes,TRUE,FALSE,FALSE,FALSE,FALSE,FALSE,No,FALSE,FALSE,FALSE,TRUE,FALSE,100%,Base Drum,FALSE,FALSE,1,FALSE,1055
,Brain Coral Block,brain_coral_block,1.13 18w09a,552,FALSE,FALSE,FALSE,Yes,No,FALSE,TRUE,TRUE,FALSE,Yes,No,Yes,FALSE,0,6,1.5,Pickaxe,0,FALSE,FALSE,TRUE,TRUE,No,FALSE,TRUE,TRUE,TRUE,TRUE,FALSE,FALSE,Yes,Yes,TRUE,FALSE,FALSE,FALSE,FALSE,FALSE,No,FALSE,FALSE,FALSE,TRUE,FALSE,100%,Base Drum,FALSE,FALSE,1,FALSE,1056
,Bubble Coral Block,bubble_coral_block,1.13 18w09a,553,FALSE,FALSE,FALSE,Yes,No,FALSE,TRUE,TRUE,FALSE,Yes,No,Yes,FALSE,0,6,1.5,Pickaxe,0,FALSE,FALSE,TRUE,TRUE,No,FALSE,TRUE,TRUE,TRUE,TRUE,FALSE,FALSE,Yes,Yes,TRUE,FALSE,FALSE,FALSE,FALSE,FALSE,No,FALSE,FALSE,FALSE,TRUE,FALSE,100%,Base Drum,FALSE,FALSE,1,FALSE,1057
,Fire Coral Block,fire_coral_block,1.13 18w09a,554,FALSE,FALSE,FALSE,Yes,No,FALSE,TRUE,TRUE,FALSE,Yes,No,Yes,FALSE,0,6,1.5,Pickaxe,0,FALSE,FALSE,TRUE,TRUE,No,FALSE,TRUE,TRUE,TRUE,TRUE,FALSE,FALSE,Yes,Yes,TRUE,FALSE,FALSE,FALSE,FALSE,FALSE,No,FALSE,FALSE,FALSE,TRUE,FALSE,100%,Base Drum,FALSE,FALSE,1,FALSE,1058
,Horn Coral Block,horn_coral_block,1.13 18w09a,555,FALSE,FALSE,FALSE,Yes,No,FALSE,TRUE,TRUE,FALSE,Yes,No,Yes,FALSE,0,6,1.5,Pickaxe,0,FALSE,FALSE,TRUE,TRUE,No,FALSE,TRUE,TRUE,TRUE,TRUE,FALSE,FALSE,Yes,Yes,TRUE,FALSE,FALSE,FALSE,FALSE,FALSE,No,FALSE,FALSE,FALSE,TRUE,FALSE,100%,Base Drum,FALSE,FALSE,1,FALSE,1059
,Dead Tube Coral Block,dead_tube_coral_block,1.13 18w10b,562,FALSE,FALSE,FALSE,Yes,No,FALSE,TRUE,TRUE,FALSE,Yes,No,Yes,FALSE,0,6,1.5,Pickaxe,0,FALSE,TRUE,TRUE,TRUE,No,FALSE,TRUE,TRUE,TRUE,TRUE,FALSE,FALSE,Yes,Yes,TRUE,FALSE,FALSE,FALSE,FALSE,FALSE,No,FALSE,FALSE,FALSE,TRUE,FALSE,100%,Base Drum,FALSE,FALSE,1,FALSE,1060
,Dead Brain Coral Block,dead_brain_coral_block,1.13 18w10b,563,FALSE,FALSE,FALSE,Yes,No,FALSE,TRUE,TRUE,FALSE,Yes,No,Yes,FALSE,0,6,1.5,Pickaxe,0,FALSE,TRUE,TRUE,TRUE,No,FALSE,TRUE,TRUE,TRUE,TRUE,FALSE,FALSE,Yes,Yes,TRUE,FALSE,FALSE,FALSE,FALSE,FALSE,No,FALSE,FALSE,FALSE,TRUE,FALSE,100%,Base Drum,FALSE,FALSE,1,FALSE,1061
,Dead Bubble Coral Block,dead_bubble_coral_block,1.13 18w10b,564,FALSE,FALSE,FALSE,Yes,No,FALSE,TRUE,TRUE,FALSE,Yes,No,Yes,FALSE,0,6,1.5,Pickaxe,0,FALSE,TRUE,TRUE,TRUE,No,FALSE,TRUE,TRUE,TRUE,TRUE,FALSE,FALSE,Yes,Yes,TRUE,FALSE,FALSE,FALSE,FALSE,FALSE,No,FALSE,FALSE,FALSE,TRUE,FALSE,100%,Base Drum,FALSE,FALSE,1,FALSE,1062
,Dead Fire Coral Block,dead_fire_coral_block,1.13 18w10b,565,FALSE,FALSE,FALSE,Yes,No,FALSE,TRUE,TRUE,FALSE,Yes,No,Yes,FALSE,0,6,1.5,Pickaxe,0,FALSE,TRUE,TRUE,TRUE,No,FALSE,TRUE,TRUE,TRUE,TRUE,FALSE,FALSE,Yes,Yes,TRUE,FALSE,FALSE,FALSE,FALSE,FALSE,No,FALSE,FALSE,FALSE,TRUE,FALSE,100%,Base Drum,FALSE,FALSE,1,FALSE,1063
,Dead Horn Coral Block,dead_horn_coral_block,1.13 18w10b,566,FALSE,FALSE,FALSE,Yes,No,FALSE,TRUE,TRUE,FALSE,Yes,No,Yes,FALSE,0,6,1.5,Pickaxe,0,FALSE,TRUE,TRUE,TRUE,No,FALSE,TRUE,TRUE,TRUE,TRUE,FALSE,FALSE,Yes,Yes,TRUE,FALSE,FALSE,FALSE,FALSE,FALSE,No,FALSE,FALSE,FALSE,TRUE,FALSE,100%,Base Drum,FALSE,FALSE,1,FALSE,1064
,Tube Coral,tube_coral,1.13 18w10a,556,FALSE,FALSE,FALSE,Yes,Yes,FALSE,TRUE,TRUE,FALSE,No,Yes,No,TRUE,0,0,0,None,0,FALSE,FALSE,TRUE,TRUE,Yes,FALSE,FALSE,FALSE,TRUE,FALSE,FALSE,TRUE,No,No,FALSE,FALSE,TRUE,TRUE,FALSE,FALSE,Fully,FALSE,TRUE,TRUE,FALSE,FALSE,N/A,Harp,FALSE,FALSE,1,TRUE,1065
,Brain Coral,brain_coral,1.13 18w10a,557,FALSE,FALSE,FALSE,Yes,Yes,FALSE,TRUE,TRUE,FALSE,No,Yes,No,TRUE,0,0,0,None,0,FALSE,FALSE,TRUE,TRUE,Yes,FALSE,FALSE,FALSE,TRUE,FALSE,FALSE,TRUE,No,No,FALSE,FALSE,TRUE,TRUE,FALSE,FALSE,Fully,FALSE,TRUE,TRUE,FALSE,FALSE,N/A,Harp,FALSE,FALSE,1,TRUE,1066
,Bubble Coral,bubble_coral,1.13 18w10a,558,FALSE,FALSE,FALSE,Yes,Yes,FALSE,TRUE,TRUE,FALSE,No,Yes,No,TRUE,0,0,0,None,0,FALSE,FALSE,TRUE,TRUE,Yes,FALSE,FALSE,FALSE,TRUE,FALSE,FALSE,TRUE,No,No,FALSE,FALSE,TRUE,TRUE,FALSE,FALSE,Fully,FALSE,TRUE,TRUE,FALSE,FALSE,N/A,Harp,FALSE,FALSE,1,TRUE,1067
,Fire Coral,fire_coral,1.13 18w10a,559,FALSE,FALSE,FALSE,Yes,Yes,FALSE,TRUE,TRUE,FALSE,No,Yes,No,TRUE,0,0,0,None,0,FALSE,FALSE,TRUE,TRUE,Yes,FALSE,FALSE,FALSE,TRUE,FALSE,FALSE,TRUE,No,No,FALSE,FALSE,TRUE,TRUE,FALSE,FALSE,Fully,FALSE,TRUE,TRUE,FALSE,FALSE,N/A,Harp,FALSE,FALSE,1,TRUE,1068
,Horn Coral,horn_coral,1.13 18w10a,560,FALSE,FALSE,FALSE,Yes,Yes,FALSE,TRUE,TRUE,FALSE,No,Yes,No,TRUE,0,0,0,None,0,FALSE,FALSE,TRUE,TRUE,Yes,FALSE,FALSE,FALSE,TRUE,FALSE,FALSE,TRUE,No,No,FALSE,FALSE,TRUE,TRUE,FALSE,FALSE,Fully,FALSE,TRUE,TRUE,FALSE,FALSE,N/A,Harp,FALSE,FALSE,1,TRUE,1069
,Dead Tube Coral,dead_tube_coral,1.13.1 18w32a,596,FALSE,FALSE,FALSE,Yes,Yes,FALSE,TRUE,TRUE,FALSE,No,Yes,No,TRUE,0,0,0,None,0,FALSE,FALSE,TRUE,TRUE,Yes,FALSE,FALSE,FALSE,TRUE,FALSE,FALSE,FALSE,No,No,FALSE,FALSE,TRUE,TRUE,FALSE,FALSE,Fully,FALSE,TRUE,TRUE,TRUE,FALSE,N/A,Base Drum,FALSE,FALSE,1,TRUE,1070
,Dead Brain Coral,dead_brain_coral,1.13.1 18w32a,597,FALSE,FALSE,FALSE,Yes,Yes,FALSE,TRUE,TRUE,FALSE,No,Yes,No,TRUE,0,0,0,None,0,FALSE,FALSE,TRUE,TRUE,Yes,FALSE,FALSE,FALSE,TRUE,FALSE,FALSE,FALSE,No,No,FALSE,FALSE,TRUE,TRUE,FALSE,FALSE,Fully,FALSE,TRUE,TRUE,TRUE,FALSE,N/A,Base Drum,FALSE,FALSE,1,TRUE,1071
,Dead Bubble Coral,dead_bubble_coral,1.13.1 18w32a,598,FALSE,FALSE,FALSE,Yes,Yes,FALSE,TRUE,TRUE,FALSE,No,Yes,No,TRUE,0,0,0,None,0,FALSE,FALSE,TRUE,TRUE,Yes,FALSE,FALSE,FALSE,TRUE,FALSE,FALSE,FALSE,No,No,FALSE,FALSE,TRUE,TRUE,FALSE,FALSE,Fully,FALSE,TRUE,TRUE,TRUE,FALSE,N/A,Base Drum,FALSE,FALSE,1,TRUE,1072
,Dead Fire Coral,dead_fire_coral,1.13.1 18w32a,599,FALSE,FALSE,FALSE,Yes,Yes,FALSE,TRUE,TRUE,FALSE,No,Yes,No,TRUE,0,0,0,None,0,FALSE,FALSE,TRUE,TRUE,Yes,FALSE,FALSE,FALSE,TRUE,FALSE,FALSE,FALSE,No,No,FALSE,FALSE,TRUE,TRUE,FALSE,FALSE,Fully,FALSE,TRUE,TRUE,TRUE,FALSE,N/A,Base Drum,FALSE,FALSE,1,TRUE,1073
,Dead Horn Coral,dead_horn_coral,1.13.1 18w32a,600,FALSE,FALSE,FALSE,Yes,Yes,FALSE,TRUE,TRUE,FALSE,No,Yes,No,TRUE,0,0,0,None,0,FALSE,FALSE,TRUE,TRUE,Yes,FALSE,FALSE,FALSE,TRUE,FALSE,FALSE,FALSE,No,No,FALSE,FALSE,TRUE,TRUE,FALSE,FALSE,Fully,FALSE,TRUE,TRUE,TRUE,FALSE,N/A,Base Drum,FALSE,FALSE,1,TRUE,1074
,Tube Coral Fan,tube_coral_fan,1.13 pre8,581,FALSE,FALSE,FALSE,Yes,Yes,FALSE,TRUE,TRUE,FALSE,No,Yes,No,TRUE,0,0,0,None,0,FALSE,FALSE,TRUE,TRUE,Yes,FALSE,FALSE,FALSE,TRUE,FALSE,FALSE,TRUE,No,No,FALSE,FALSE,TRUE,TRUE,FALSE,FALSE,Fully,FALSE,TRUE,TRUE,FALSE,FALSE,N/A,Harp,FALSE,FALSE,1,TRUE,1075
,Brain Coral Fan,brain_coral_fan,1.13 pre8,582,FALSE,FALSE,FALSE,Yes,Yes,FALSE,TRUE,TRUE,FALSE,No,Yes,No,TRUE,0,0,0,None,0,FALSE,FALSE,TRUE,TRUE,Yes,FALSE,FALSE,FALSE,TRUE,FALSE,FALSE,TRUE,No,No,FALSE,FALSE,TRUE,TRUE,FALSE,FALSE,Fully,FALSE,TRUE,TRUE,FALSE,FALSE,N/A,Harp,FALSE,FALSE,1,TRUE,1076
,Bubble Coral Fan,bubble_coral_fan,1.13 pre8,583,FALSE,FALSE,FALSE,Yes,Yes,FALSE,TRUE,TRUE,FALSE,No,Yes,No,TRUE,0,0,0,None,0,FALSE,FALSE,TRUE,TRUE,Yes,FALSE,FALSE,FALSE,TRUE,FALSE,FALSE,TRUE,No,No,FALSE,FALSE,TRUE,TRUE,FALSE,FALSE,Fully,FALSE,TRUE,TRUE,FALSE,FALSE,N/A,Harp,FALSE,FALSE,1,TRUE,1077
,Fire Coral Fan,fire_coral_fan,1.13 pre8,584,FALSE,FALSE,FALSE,Yes,Yes,FALSE,TRUE,TRUE,FALSE,No,Yes,No,TRUE,0,0,0,None,0,FALSE,FALSE,TRUE,TRUE,Yes,FALSE,FALSE,FALSE,TRUE,FALSE,FALSE,TRUE,No,No,FALSE,FALSE,TRUE,TRUE,FALSE,FALSE,Fully,FALSE,TRUE,TRUE,FALSE,FALSE,N/A,Harp,FALSE,FALSE,1,TRUE,1078
,Horn Coral Fan,horn_coral_fan,1.13 pre8,585,FALSE,FALSE,FALSE,Yes,Yes,FALSE,TRUE,TRUE,FALSE,No,Yes,No,TRUE,0,0,0,None,0,FALSE,FALSE,TRUE,TRUE,Yes,FALSE,FALSE,FALSE,TRUE,FALSE,FALSE,TRUE,No,No,FALSE,FALSE,TRUE,TRUE,FALSE,FALSE,Fully,FALSE,TRUE,TRUE,FALSE,FALSE,N/A,Harp,FALSE,FALSE,1,TRUE,1079
,Tube Coral Wall Fan,tube_coral_wall_fan,1.13 18w11a,567,FALSE,FALSE,FALSE,Yes,Yes,FALSE,FALSE,TRUE,FALSE,No,Yes,No,TRUE,0,0,0,None,0,FALSE,FALSE,TRUE,TRUE,Yes,FALSE,FALSE,FALSE,TRUE,FALSE,FALSE,TRUE,No,No,FALSE,FALSE,TRUE,TRUE,FALSE,FALSE,Fully,FALSE,TRUE,TRUE,FALSE,FALSE,N/A,Harp,FALSE,FALSE,4,TRUE,1080
,Brain Coral Wall Fan,brain_coral_wall_fan,1.13 18w11a,568,FALSE,FALSE,FALSE,Yes,Yes,FALSE,FALSE,TRUE,FALSE,No,Yes,No,TRUE,0,0,0,None,0,FALSE,FALSE,TRUE,TRUE,Yes,FALSE,FALSE,FALSE,TRUE,FALSE,FALSE,TRUE,No,No,FALSE,FALSE,TRUE,TRUE,FALSE,FALSE,Fully,FALSE,TRUE,TRUE,FALSE,FALSE,N/A,Harp,FALSE,FALSE,4,TRUE,1081
,Bubble Coral Wall Fan,bubble_coral_wall_fan,1.13 18w11a,569,FALSE,FALSE,FALSE,Yes,Yes,FALSE,FALSE,TRUE,FALSE,No,Yes,No,TRUE,0,0,0,None,0,FALSE,FALSE,TRUE,TRUE,Yes,FALSE,FALSE,FALSE,TRUE,FALSE,FALSE,TRUE,No,No,FALSE,FALSE,TRUE,TRUE,FALSE,FALSE,Fully,FALSE,TRUE,TRUE,FALSE,FALSE,N/A,Harp,FALSE,FALSE,4,TRUE,1082
,Fire Coral Wall Fan,fire_coral_wall_fan,1.13 18w11a,570,FALSE,FALSE,FALSE,Yes,Yes,FALSE,FALSE,TRUE,FALSE,No,Yes,No,TRUE,0,0,0,None,0,FALSE,FALSE,TRUE,TRUE,Yes,FALSE,FALSE,FALSE,TRUE,FALSE,FALSE,TRUE,No,No,FALSE,FALSE,TRUE,TRUE,FALSE,FALSE,Fully,FALSE,TRUE,TRUE,FALSE,FALSE,N/A,Harp,FALSE,FALSE,4,TRUE,1083
,Horn Coral Wall Fan,horn_coral_wall_fan,1.13 18w11a,571,FALSE,FALSE,FALSE,Yes,Yes,FALSE,FALSE,TRUE,FALSE,No,Yes,No,TRUE,0,0,0,None,0,FALSE,FALSE,TRUE,TRUE,Yes,FALSE,FALSE,FALSE,TRUE,FALSE,FALSE,TRUE,No,No,FALSE,FALSE,TRUE,TRUE,FALSE,FALSE,Fully,FALSE,TRUE,TRUE,FALSE,FALSE,N/A,Harp,FALSE,FALSE,4,TRUE,1084
,Dead Tube Coral Fan,dead_tube_coral_fan,1.13 pre8,586,FALSE,FALSE,FALSE,Yes,Yes,FALSE,TRUE,TRUE,FALSE,No,Yes,No,TRUE,0,0,0,None,0,FALSE,FALSE,TRUE,TRUE,Yes,FALSE,FALSE,FALSE,TRUE,FALSE,FALSE,FALSE,No,No,FALSE,FALSE,TRUE,TRUE,FALSE,FALSE,Fully,FALSE,TRUE,TRUE,TRUE,FALSE,N/A,Base Drum,FALSE,FALSE,1,TRUE,1085
,Dead Brain Coral Fan,dead_brain_coral_fan,1.13 pre8,587,FALSE,FALSE,FALSE,Yes,Yes,FALSE,TRUE,TRUE,FALSE,No,Yes,No,TRUE,0,0,0,None,0,FALSE,FALSE,TRUE,TRUE,Yes,FALSE,FALSE,FALSE,TRUE,FALSE,FALSE,FALSE,No,No,FALSE,FALSE,TRUE,TRUE,FALSE,FALSE,Fully,FALSE,TRUE,TRUE,TRUE,FALSE,N/A,Base Drum,FALSE,FALSE,1,TRUE,1086
,Dead Bubble Coral Fan,dead_bubble_coral_fan,1.13 pre8,588,FALSE,FALSE,FALSE,Yes,Yes,FALSE,TRUE,TRUE,FALSE,No,Yes,No,TRUE,0,0,0,None,0,FALSE,FALSE,TRUE,TRUE,Yes,FALSE,FALSE,FALSE,TRUE,FALSE,FALSE,FALSE,No,No,FALSE,FALSE,TRUE,TRUE,FALSE,FALSE,Fully,FALSE,TRUE,TRUE,TRUE,FALSE,N/A,Base Drum,FALSE,FALSE,1,TRUE,1087
,Dead Fire Coral Fan,dead_fire_coral_fan,1.13 pre8,589,FALSE,FALSE,FALSE,Yes,Yes,FALSE,TRUE,TRUE,FALSE,No,Yes,No,TRUE,0,0,0,None,0,FALSE,FALSE,TRUE,TRUE,Yes,FALSE,FALSE,FALSE,TRUE,FALSE,FALSE,FALSE,No,No,FALSE,FALSE,TRUE,TRUE,FALSE,FALSE,Fully,FALSE,TRUE,TRUE,TRUE,FALSE,N/A,Base Drum,FALSE,FALSE,1,TRUE,1088
,Dead Horn Coral Fan,dead_horn_coral_fan,1.13 pre8,590,FALSE,FALSE,FALSE,Yes,Yes,FALSE,TRUE,TRUE,FALSE,No,Yes,No,TRUE,0,0,0,None,0,FALSE,FALSE,TRUE,TRUE,Yes,FALSE,FALSE,FALSE,TRUE,FALSE,FALSE,FALSE,No,No,FALSE,FALSE,TRUE,TRUE,FALSE,FALSE,Fully,FALSE,TRUE,TRUE,TRUE,FALSE,N/A,Base Drum,FALSE,FALSE,1,TRUE,1089
,Dead Tube Coral Wall Fan,dead_tube_coral_wall_fan,1.13 pre8,591,FALSE,FALSE,FALSE,Yes,Yes,FALSE,FALSE,TRUE,FALSE,No,Yes,No,TRUE,0,0,0,None,0,FALSE,FALSE,TRUE,TRUE,Yes,FALSE,FALSE,FALSE,TRUE,FALSE,FALSE,FALSE,No,No,FALSE,FALSE,TRUE,TRUE,FALSE,FALSE,Fully,FALSE,TRUE,TRUE,TRUE,FALSE,N/A,Base Drum,FALSE,FALSE,4,TRUE,1090
,Dead Brain Coral Wall Fan,dead_brain_coral_wall_fan,1.13 pre8,592,FALSE,FALSE,FALSE,Yes,Yes,FALSE,FALSE,TRUE,FALSE,No,Yes,No,TRUE,0,0,0,None,0,FALSE,FALSE,TRUE,TRUE,Yes,FALSE,FALSE,FALSE,TRUE,FALSE,FALSE,FALSE,No,No,FALSE,FALSE,TRUE,TRUE,FALSE,FALSE,Fully,FALSE,TRUE,TRUE,TRUE,FALSE,N/A,Base Drum,FALSE,FALSE,4,TRUE,1091
,Dead Bubble Coral Wall Fan,dead_bubble_coral_wall_fan,1.13 pre8,593,FALSE,FALSE,FALSE,Yes,Yes,FALSE,FALSE,TRUE,FALSE,No,Yes,No,TRUE,0,0,0,None,0,FALSE,FALSE,TRUE,TRUE,Yes,FALSE,FALSE,FALSE,TRUE,FALSE,FALSE,FALSE,No,No,FALSE,FALSE,TRUE,TRUE,FALSE,FALSE,Fully,FALSE,TRUE,TRUE,TRUE,FALSE,N/A,Base Drum,FALSE,FALSE,4,TRUE,1092
,Dead Fire Coral Wall Fan,dead_fire_coral_wall_fan,1.13 pre8,594,FALSE,FALSE,FALSE,Yes,Yes,FALSE,FALSE,TRUE,FALSE,No,Yes,No,TRUE,0,0,0,None,0,FALSE,FALSE,TRUE,TRUE,Yes,FALSE,FALSE,FALSE,TRUE,FALSE,FALSE,FALSE,No,No,FALSE,FALSE,TRUE,TRUE,FALSE,FALSE,Fully,FALSE,TRUE,TRUE,TRUE,FALSE,N/A,Base Drum,FALSE,FALSE,4,TRUE,1093
,Dead Horn Coral Wall Fan,dead_horn_coral_wall_fan,1.13 pre8,595,FALSE,FALSE,FALSE,Yes,Yes,FALSE,FALSE,TRUE,FALSE,No,Yes,No,TRUE,0,0,0,None,0,FALSE,FALSE,TRUE,TRUE,Yes,FALSE,FALSE,FALSE,TRUE,FALSE,FALSE,FALSE,No,No,FALSE,FALSE,TRUE,TRUE,FALSE,FALSE,Fully,FALSE,TRUE,TRUE,TRUE,FALSE,N/A,Base Drum,FALSE,FALSE,4,TRUE,1094
,Torchflower Crop,torchflower_crop,1.20 Experimental 23w07a,997,FALSE,FALSE,FALSE,Yes,Yes,FALSE,FALSE,TRUE,FALSE,No,Yes,No,TRUE,0,0,0,None,0,TRUE,TRUE,TRUE,TRUE,No,TRUE,FALSE,FALSE,TRUE,FALSE,FALSE,TRUE,No,No,FALSE,FALSE,TRUE,TRUE,FALSE,FALSE,Fully,FALSE,TRUE,TRUE,FALSE,FALSE,N/A,Harp,FALSE,FALSE,1,TRUE,1095
,Torchflower,torchflower,1.20 Experimental 23w07a,998,FALSE,FALSE,FALSE,Yes,Yes,FALSE,TRUE,TRUE,FALSE,No,Yes,No,TRUE,0,0,0,None,0,TRUE,TRUE,TRUE,TRUE,No,TRUE,FALSE,FALSE,TRUE,FALSE,FALSE,TRUE,No,No,FALSE,FALSE,TRUE,TRUE,TRUE,TRUE,Fully,FALSE,TRUE,TRUE,FALSE,FALSE,N/A,Harp,FALSE,FALSE,1,FALSE,1096
,Pitcher Crop,pitcher_crop,1.20 23w12a,1001,FALSE,FALSE,FALSE,Yes,Yes,FALSE,FALSE,TRUE,FALSE,No,Yes,No,TRUE,0,0,0,None,0,TRUE,TRUE,TRUE,TRUE,No,TRUE,TRUE,FALSE,TRUE,FALSE,FALSE,TRUE,No,No,FALSE,FALSE,TRUE,TRUE,FALSE,FALSE,Fully,FALSE,TRUE,TRUE,FALSE,FALSE,100%,Harp,FALSE,FALSE,1,TRUE,1097
,Pitcher Plant,pitcher_plant,1.20 23w12a,1002,FALSE,FALSE,FALSE,Yes,Yes,FALSE,TRUE,TRUE,FALSE,No,Yes,No,TRUE,0,0,0,None,0,TRUE,TRUE,TRUE,TRUE,No,TRUE,FALSE,FALSE,TRUE,FALSE,FALSE,TRUE,No,No,FALSE,FALSE,TRUE,TRUE,TRUE,TRUE,Fully,FALSE,TRUE,TRUE,FALSE,FALSE,N/A,Harp,FALSE,FALSE,1,TRUE,1098
,Wheat Crops,wheat,Indev 20100206,56,FALSE,FALSE,FALSE,Yes,Yes,FALSE,TRUE,TRUE,FALSE,No,Yes,No,TRUE,0,0,0,None,0,TRUE,TRUE,TRUE,TRUE,No,TRUE,FALSE,FALSE,TRUE,TRUE,FALSE,TRUE,No,No,FALSE,FALSE,TRUE,TRUE,FALSE,FALSE,Fully,FALSE,TRUE,TRUE,FALSE,FALSE,N/A,Harp,FALSE,FALSE,1,TRUE,1099
,Hay Bale,hay_bale,1.6.1 13w16a,247,FALSE,FALSE,FALSE,Yes,Yes,TRUE,TRUE,TRUE,FALSE,Yes,No,Yes,FALSE,0,0.5,0.5,Hoe,0,TRUE,TRUE,TRUE,TRUE,No,FALSE,TRUE,TRUE,TRUE,TRUE,FALSE,FALSE,Yes,Yes,TRUE,FALSE,FALSE,FALSE,TRUE,TRUE,No,FALSE,FALSE,FALSE,TRUE,FALSE,20%,Banjo,FALSE,FALSE,3,TRUE,1100
,Beetroots,beetroots,1.9 15w31a,420,FALSE,FALSE,FALSE,Yes,Yes,FALSE,FALSE,TRUE,FALSE,No,Yes,No,TRUE,0,0,0,None,0,TRUE,TRUE,TRUE,TRUE,No,TRUE,FALSE,FALSE,TRUE,FALSE,FALSE,TRUE,No,No,FALSE,FALSE,TRUE,TRUE,FALSE,FALSE,Fully,FALSE,TRUE,TRUE,FALSE,FALSE,N/A,Harp,FALSE,FALSE,1,TRUE,1101
,Carrots,carrots,1.4.2 12w34a,198,FALSE,FALSE,FALSE,Yes,Yes,FALSE,FALSE,TRUE,FALSE,No,Yes,No,TRUE,0,0,0,None,0,TRUE,TRUE,TRUE,TRUE,No,TRUE,FALSE,FALSE,TRUE,FALSE,FALSE,TRUE,No,No,FALSE,FALSE,TRUE,TRUE,FALSE,FALSE,Fully,FALSE,TRUE,TRUE,FALSE,FALSE,N/A,Harp,FALSE,FALSE,1,TRUE,1102
,Potatoes,potatoes,1.4.2 12w34a,199,FALSE,FALSE,FALSE,Yes,Yes,FALSE,FALSE,TRUE,FALSE,No,Yes,No,TRUE,0,0,0,None,0,TRUE,TRUE,TRUE,TRUE,No,TRUE,FALSE,FALSE,TRUE,FALSE,FALSE,TRUE,No,No,FALSE,FALSE,TRUE,TRUE,FALSE,FALSE,Fully,FALSE,TRUE,TRUE,FALSE,FALSE,N/A,Harp,FALSE,FALSE,1,TRUE,1103
,Pumpkin Stem,pumpkin_stem,Beta 1.8 Pre-Release,135,FALSE,FALSE,FALSE,Yes,Yes,TRUE,FALSE,TRUE,FALSE,No,Yes,No,TRUE,0,0,0,None,0,TRUE,TRUE,TRUE,TRUE,No,TRUE,FALSE,FALSE,TRUE,FALSE,FALSE,TRUE,No,No,FALSE,FALSE,TRUE,TRUE,FALSE,FALSE,Fully,FALSE,TRUE,TRUE,FALSE,FALSE,N/A,Harp,FALSE,FALSE,1,TRUE,1104
,Attached Pumpkin Stem,attached_pumpkin_stem,Beta 1.8 Pre-Release,136,FALSE,FALSE,FALSE,Yes,Yes,TRUE,FALSE,TRUE,FALSE,No,Yes,No,TRUE,0,0,0,None,0,TRUE,TRUE,TRUE,TRUE,No,TRUE,FALSE,FALSE,TRUE,FALSE,FALSE,TRUE,No,No,FALSE,FALSE,TRUE,TRUE,FALSE,FALSE,Fully,FALSE,TRUE,TRUE,FALSE,FALSE,N/A,Harp,FALSE,FALSE,4,TRUE,1105
,Pumpkin,pumpkin,1.13 17w47a,529,FALSE,FALSE,FALSE,Yes,Yes,FALSE,TRUE,TRUE,FALSE,Yes,No,Yes,FALSE,0,1,1,Axe,0,TRUE,TRUE,TRUE,TRUE,No,FALSE,TRUE,TRUE,TRUE,TRUE,FALSE,TRUE,Yes,Yes,TRUE,FALSE,FALSE,FALSE,FALSE,FALSE,No,FALSE,FALSE,FALSE,TRUE,FALSE,100%,Didgeridoo,FALSE,FALSE,1,FALSE,1106
,Carved Pumpkin,carved_pumpkin,Alpha v1.2.0,87,FALSE,FALSE,FALSE,Yes,Yes,TRUE,TRUE,TRUE,FALSE,Yes,No,Yes,FALSE,0,1,1,Axe,0,TRUE,TRUE,TRUE,TRUE,No,FALSE,TRUE,TRUE,TRUE,TRUE,FALSE,TRUE,Yes,Yes,TRUE,FALSE,FALSE,FALSE,FALSE,FALSE,No,FALSE,FALSE,FALSE,TRUE,FALSE,100%,Harp,FALSE,FALSE,4,TRUE,1107
,Jack o'Lantern,jack_o_lantern,Alpha v1.2.0,88,FALSE,FALSE,FALSE,Yes,Yes,TRUE,TRUE,TRUE,FALSE,Yes,No,Yes,FALSE,15,1,1,Axe,0,TRUE,TRUE,TRUE,TRUE,No,FALSE,TRUE,TRUE,TRUE,TRUE,FALSE,TRUE,Yes,Yes,TRUE,FALSE,FALSE,FALSE,FALSE,FALSE,No,FALSE,FALSE,FALSE,TRUE,FALSE,100%,Harp,FALSE,FALSE,4,TRUE,1108
,Melon Stem,melon_stem,Beta 1.8 Pre-Release,137,FALSE,FALSE,FALSE,Yes,Yes,TRUE,FALSE,TRUE,FALSE,No,Yes,No,TRUE,0,0,0,None,0,TRUE,TRUE,TRUE,TRUE,No,TRUE,FALSE,FALSE,TRUE,FALSE,FALSE,TRUE,No,No,FALSE,FALSE,TRUE,TRUE,FALSE,FALSE,Fully,FALSE,TRUE,TRUE,FALSE,FALSE,N/A,Harp,FALSE,FALSE,1,TRUE,1109
,Attached Melon Stem,attached_melon_stem,Beta 1.8 Pre-Release,138,FALSE,FALSE,FALSE,Yes,Yes,TRUE,FALSE,TRUE,FALSE,No,Yes,No,TRUE,0,0,0,None,0,TRUE,TRUE,TRUE,TRUE,No,TRUE,FALSE,FALSE,TRUE,FALSE,FALSE,TRUE,No,No,FALSE,FALSE,TRUE,TRUE,FALSE,FALSE,Fully,FALSE,TRUE,TRUE,FALSE,FALSE,N/A,Harp,FALSE,FALSE,4,TRUE,1110
,Melon,melon,Beta 1.8 Pre-Release,139,FALSE,FALSE,FALSE,Yes,Yes,FALSE,TRUE,TRUE,FALSE,Yes,No,Yes,FALSE,0,1,1,Axe,0,FALSE,FALSE,TRUE,TRUE,No,FALSE,TRUE,TRUE,TRUE,TRUE,FALSE,TRUE,Yes,Yes,TRUE,FALSE,FALSE,FALSE,FALSE,FALSE,No,FALSE,FALSE,FALSE,TRUE,FALSE,100%,Harp,FALSE,FALSE,1,FALSE,1111
,Cocoa,cocoa,1.3.1 12w19a,167,FALSE,FALSE,FALSE,Yes,Yes,TRUE,FALSE,TRUE,FALSE,No,No,No,TRUE,0,3,0.2,Axe,0,TRUE,TRUE,TRUE,TRUE,No,TRUE,TRUE,FALSE,TRUE,FALSE,FALSE,TRUE,No,No,FALSE,FALSE,TRUE,TRUE,FALSE,FALSE,Fully,FALSE,TRUE,TRUE,FALSE,FALSE,100%,Harp,FALSE,FALSE,4,TRUE,1112
,Cake,cake,Beta 1.2,98,FALSE,FALSE,FALSE,Yes,Yes,TRUE,TRUE,TRUE,FALSE,No,No,No,TRUE,0,0.5,0.5,None,0,FALSE,FALSE,FALSE,FALSE,No,FALSE,TRUE,FALSE,TRUE,FALSE,FALSE,TRUE,No,No,FALSE,FALSE,TRUE,TRUE,FALSE,FALSE,Fully,FALSE,TRUE,TRUE,TRUE,FALSE,100%,Harp,FALSE,FALSE,1,TRUE,1113
,Candle Cake,candle_cake,1.17 20w45a,822,FALSE,FALSE,FALSE,Yes,Yes,TRUE,FALSE,TRUE,FALSE,No,No,No,TRUE,0/3,0.5,0.5,None,0,FALSE,FALSE,FALSE,FALSE,No,FALSE,TRUE,FALSE,TRUE,FALSE,FALSE,TRUE,No,No,FALSE,FALSE,TRUE,TRUE,FALSE,FALSE,Fully,FALSE,TRUE,TRUE,TRUE,FALSE,100%,Harp,FALSE,FALSE,1,TRUE,1114
,White Candle Cake,white_candle_cake,1.17 20w45a,823,FALSE,FALSE,FALSE,Yes,Yes,TRUE,FALSE,TRUE,FALSE,No,No,No,TRUE,0/3,0.5,0.5,None,0,FALSE,FALSE,FALSE,FALSE,No,FALSE,TRUE,FALSE,TRUE,FALSE,FALSE,TRUE,No,No,FALSE,FALSE,TRUE,TRUE,FALSE,FALSE,Fully,FALSE,TRUE,TRUE,TRUE,FALSE,100%,Harp,FALSE,FALSE,1,TRUE,1115
,Light Gray Candle Cake,light_gray_candle_cake,1.17 20w45a,824,FALSE,FALSE,FALSE,Yes,Yes,TRUE,FALSE,TRUE,FALSE,No,No,No,TRUE,0/3,0.5,0.5,None,0,FALSE,FALSE,FALSE,FALSE,No,FALSE,TRUE,FALSE,TRUE,FALSE,FALSE,TRUE,No,No,FALSE,FALSE,TRUE,TRUE,FALSE,FALSE,Fully,FALSE,TRUE,TRUE,TRUE,FALSE,100%,Harp,FALSE,FALSE,1,TRUE,1116
,Gray Candle Cake,gray_candle_cake,1.17 20w45a,825,FALSE,FALSE,FALSE,Yes,Yes,TRUE,FALSE,TRUE,FALSE,No,No,No,TRUE,0/3,0.5,0.5,None,0,FALSE,FALSE,FALSE,FALSE,No,FALSE,TRUE,FALSE,TRUE,FALSE,FALSE,TRUE,No,No,FALSE,FALSE,TRUE,TRUE,FALSE,FALSE,Fully,FALSE,TRUE,TRUE,TRUE,FALSE,100%,Harp,FALSE,FALSE,1,TRUE,1117
,Black Candle Cake,black_candle_cake,1.17 20w45a,826,FALSE,FALSE,FALSE,Yes,Yes,TRUE,FALSE,TRUE,FALSE,No,No,No,TRUE,0/3,0.5,0.5,None,0,FALSE,FALSE,FALSE,FALSE,No,FALSE,TRUE,FALSE,TRUE,FALSE,FALSE,TRUE,No,No,FALSE,FALSE,TRUE,TRUE,FALSE,FALSE,Fully,FALSE,TRUE,TRUE,TRUE,FALSE,100%,Harp,FALSE,FALSE,1,TRUE,1118
,Brown Candle Cake,brown_candle_cake,1.17 20w45a,827,FALSE,FALSE,FALSE,Yes,No,FALSE,FALSE,TRUE,FALSE,No,No,No,TRUE,0/3,0.5,0.5,None,0,FALSE,FALSE,FALSE,FALSE,No,FALSE,TRUE,FALSE,TRUE,FALSE,FALSE,TRUE,No,No,FALSE,FALSE,TRUE,TRUE,FALSE,FALSE,Fully,FALSE,TRUE,TRUE,TRUE,FALSE,100%,Harp,FALSE,FALSE,1,TRUE,1119
,Red Candle Cake,red_candle_cake,1.17 20w45a,828,FALSE,FALSE,FALSE,Yes,Yes,TRUE,FALSE,TRUE,FALSE,No,No,No,TRUE,0/3,0.5,0.5,None,0,FALSE,FALSE,FALSE,FALSE,No,FALSE,TRUE,FALSE,TRUE,FALSE,FALSE,TRUE,No,No,FALSE,FALSE,TRUE,TRUE,FALSE,FALSE,Fully,FALSE,TRUE,TRUE,TRUE,FALSE,100%,Harp,FALSE,FALSE,1,TRUE,1120
,Orange Candle Cake,orange_candle_cake,1.17 20w45a,829,FALSE,FALSE,FALSE,Yes,Yes,TRUE,FALSE,TRUE,FALSE,No,No,No,TRUE,0/3,0.5,0.5,None,0,FALSE,FALSE,FALSE,FALSE,No,FALSE,TRUE,FALSE,TRUE,FALSE,FALSE,TRUE,No,No,FALSE,FALSE,TRUE,TRUE,FALSE,FALSE,Fully,FALSE,TRUE,TRUE,TRUE,FALSE,100%,Harp,FALSE,FALSE,1,TRUE,1121
,Yellow Candle Cake,yellow_candle_cake,1.17 20w45a,830,FALSE,FALSE,FALSE,Yes,Yes,TRUE,FALSE,TRUE,FALSE,No,No,No,TRUE,0/3,0.5,0.5,None,0,FALSE,FALSE,FALSE,FALSE,No,FALSE,TRUE,FALSE,TRUE,FALSE,FALSE,TRUE,No,No,FALSE,FALSE,TRUE,TRUE,FALSE,FALSE,Fully,FALSE,TRUE,TRUE,TRUE,FALSE,100%,Harp,FALSE,FALSE,1,TRUE,1122
,Lime Candle Cake,lime_candle_cake,1.17 20w45a,831,FALSE,FALSE,FALSE,Yes,Yes,TRUE,FALSE,TRUE,FALSE,No,No,No,TRUE,0/3,0.5,0.5,None,0,FALSE,FALSE,FALSE,FALSE,No,FALSE,TRUE,FALSE,TRUE,FALSE,FALSE,TRUE,No,No,FALSE,FALSE,TRUE,TRUE,FALSE,FALSE,Fully,FALSE,TRUE,TRUE,TRUE,FALSE,100%,Harp,FALSE,FALSE,1,TRUE,1123
,Green Candle Cake,green_candle_cake,1.17 20w45a,832,FALSE,FALSE,FALSE,Yes,Yes,TRUE,FALSE,TRUE,FALSE,No,No,No,TRUE,0/3,0.5,0.5,None,0,FALSE,FALSE,FALSE,FALSE,No,FALSE,TRUE,FALSE,TRUE,FALSE,FALSE,TRUE,No,No,FALSE,FALSE,TRUE,TRUE,FALSE,FALSE,Fully,FALSE,TRUE,TRUE,TRUE,FALSE,100%,Harp,FALSE,FALSE,1,TRUE,1124
,Cyan Candle Cake,cyan_candle_cake,1.17 20w45a,833,FALSE,FALSE,FALSE,Yes,Yes,TRUE,FALSE,TRUE,FALSE,No,No,No,TRUE,0/3,0.5,0.5,None,0,FALSE,FALSE,FALSE,FALSE,No,FALSE,TRUE,FALSE,TRUE,FALSE,FALSE,TRUE,No,No,FALSE,FALSE,TRUE,TRUE,FALSE,FALSE,Fully,FALSE,TRUE,TRUE,TRUE,FALSE,100%,Harp,FALSE,FALSE,1,TRUE,1125
,Light Blue Candle Cake,light_blue_candle_cake,1.17 20w45a,834,FALSE,FALSE,FALSE,Yes,Yes,TRUE,FALSE,TRUE,FALSE,No,No,No,TRUE,0/3,0.5,0.5,None,0,FALSE,FALSE,FALSE,FALSE,No,FALSE,TRUE,FALSE,TRUE,FALSE,FALSE,TRUE,No,No,FALSE,FALSE,TRUE,TRUE,FALSE,FALSE,Fully,FALSE,TRUE,TRUE,TRUE,FALSE,100%,Harp,FALSE,FALSE,1,TRUE,1126
,Blue Candle Cake,blue_candle_cake,1.17 20w45a,835,FALSE,FALSE,FALSE,Yes,Yes,TRUE,FALSE,TRUE,FALSE,No,No,No,TRUE,0/3,0.5,0.5,None,0,FALSE,FALSE,FALSE,FALSE,No,FALSE,TRUE,FALSE,TRUE,FALSE,FALSE,TRUE,No,No,FALSE,FALSE,TRUE,TRUE,FALSE,FALSE,Fully,FALSE,TRUE,TRUE,TRUE,FALSE,100%,Harp,FALSE,FALSE,1,TRUE,1127
,Purple Candle Cake,purple_candle_cake,1.17 20w45a,836,FALSE,FALSE,FALSE,Yes,Yes,TRUE,FALSE,TRUE,FALSE,No,No,No,TRUE,0/3,0.5,0.5,None,0,FALSE,FALSE,FALSE,FALSE,No,FALSE,TRUE,FALSE,TRUE,FALSE,FALSE,TRUE,No,No,FALSE,FALSE,TRUE,TRUE,FALSE,FALSE,Fully,FALSE,TRUE,TRUE,TRUE,FALSE,100%,Harp,FALSE,FALSE,1,TRUE,1128
,Magenta Candle Cake,magenta_candle_cake,1.17 20w45a,837,FALSE,FALSE,FALSE,Yes,Yes,TRUE,FALSE,TRUE,FALSE,No,No,No,TRUE,0/3,0.5,0.5,None,0,FALSE,FALSE,FALSE,FALSE,No,FALSE,TRUE,FALSE,TRUE,FALSE,FALSE,TRUE,No,No,FALSE,FALSE,TRUE,TRUE,FALSE,FALSE,Fully,FALSE,TRUE,TRUE,TRUE,FALSE,100%,Harp,FALSE,FALSE,1,TRUE,1129
,Pink Candle Cake,pink_candle_cake,1.17 20w45a,838,FALSE,FALSE,FALSE,Yes,Yes,TRUE,FALSE,TRUE,FALSE,No,No,No,TRUE,0/3,0.5,0.5,None,0,FALSE,FALSE,FALSE,FALSE,No,FALSE,TRUE,FALSE,TRUE,FALSE,FALSE,TRUE,No,No,FALSE,FALSE,TRUE,TRUE,FALSE,FALSE,Fully,FALSE,TRUE,TRUE,TRUE,FALSE,100%,Harp,FALSE,FALSE,1,TRUE,1130
,Frogspawn,frogspawn,1.19 22w11a,930,FALSE,FALSE,FALSE,Yes,Yes,TRUE,TRUE,TRUE,FALSE,No,Yes,No,TRUE,0,0,0,None,0,FALSE,FALSE,FALSE,TRUE,No,TRUE,FALSE,FALSE,TRUE,FALSE,FALSE,TRUE,No,No,FALSE,FALSE,TRUE,TRUE,FALSE,FALSE,Fully,FALSE,TRUE,TRUE,FALSE,FALSE,N/A,Harp,FALSE,FALSE,1,FALSE,1131
,Turtle Egg,turtle_egg,1.13 18w07a,550,FALSE,FALSE,FALSE,Yes,Yes,TRUE,TRUE,TRUE,FALSE,No,No,No,TRUE,0,0.5,0.5,None,0,FALSE,FALSE,TRUE,FALSE,No,FALSE,TRUE,FALSE,TRUE,FALSE,FALSE,TRUE,No,No,FALSE,FALSE,FALSE,FALSE,FALSE,FALSE,Fully,FALSE,TRUE,TRUE,TRUE,FALSE,100%,Harp,FALSE,FALSE,1,TRUE,1132
,Sniffer Egg,sniffer_egg,1.20 23w12a,1003,FALSE,FALSE,FALSE,Yes,Yes,TRUE,TRUE,TRUE,FALSE,No,No,No,TRUE,0,0.5,0.5,None,0,TRUE,TRUE,TRUE,FALSE,No,FALSE,TRUE,FALSE,TRUE,FALSE,FALSE,FALSE,No,No,FALSE,FALSE,FALSE,FALSE,FALSE,FALSE,Fully,FALSE,TRUE,TRUE,TRUE,FALSE,100%,Harp,FALSE,FALSE,1,TRUE,1133
,Honey Block,honey_block,1.15 19w41a,681,FALSE,FALSE,FALSE,Yes,Yes,TRUE,TRUE,TRUE,FALSE,No,No,No,TRUE,0,0,0,None,0,TRUE,TRUE,TRUE,TRUE,No,FALSE,TRUE,FALSE,TRUE,TRUE,FALSE,FALSE,No,No,FALSE,FALSE,FALSE,FALSE,FALSE,FALSE,Fully,TRUE,TRUE,TRUE,TRUE,FALSE,0%/20%,Harp,FALSE,FALSE,1,FALSE,1134
,Honeycomb Block,honeycomb_block,1.15 19w41a,682,FALSE,FALSE,FALSE,Yes,Yes,TRUE,TRUE,TRUE,FALSE,Yes,No,Yes,FALSE,0,0.6,0.6,None,0,TRUE,TRUE,TRUE,FALSE,No,FALSE,TRUE,TRUE,TRUE,TRUE,FALSE,FALSE,Yes,Yes,TRUE,FALSE,FALSE,FALSE,FALSE,FALSE,No,FALSE,FALSE,FALSE,TRUE,FALSE,100%,Harp,FALSE,FALSE,1,FALSE,1135
,Slime Block,slime_block,1.8 14w02a,350,FALSE,FALSE,FALSE,Yes,Yes,TRUE,TRUE,TRUE,FALSE,Yes,No,Yes,FALSE,0,0,0,None,0,TRUE,TRUE,TRUE,TRUE,No,FALSE,TRUE,TRUE,TRUE,TRUE,FALSE,FALSE,Yes,Yes,TRUE,FALSE,FALSE,FALSE,FALSE,FALSE,Fully,TRUE,TRUE,FALSE,TRUE,FALSE,0%/100%,Harp,FALSE,FALSE,1,FALSE,1136
,Pearlescent Froglight,pearlescent_froglight,1.19 22w11a,931,FALSE,FALSE,FALSE,Yes,Yes,TRUE,TRUE,TRUE,FALSE,No,No,Yes,FALSE,15,0.3,0.3,None,0,TRUE,TRUE,TRUE,FALSE,No,FALSE,TRUE,TRUE,TRUE,TRUE,FALSE,FALSE,Yes,Yes,TRUE,FALSE,FALSE,FALSE,FALSE,FALSE,No,FALSE,FALSE,FALSE,TRUE,FALSE,100%,Harp,FALSE,FALSE,1,TRUE,1137
,Verdant Froglight,verdant_froglight,1.19 22w11a,932,FALSE,FALSE,FALSE,Yes,Yes,TRUE,TRUE,TRUE,FALSE,No,No,Yes,FALSE,15,0.3,0.3,None,0,TRUE,TRUE,TRUE,FALSE,No,FALSE,TRUE,TRUE,TRUE,TRUE,FALSE,FALSE,Yes,Yes,TRUE,FALSE,FALSE,FALSE,FALSE,FALSE,No,FALSE,FALSE,FALSE,TRUE,FALSE,100%,Harp,FALSE,FALSE,1,TRUE,1138
,Ochre Froglight,ochre_froglight,1.19 22w11a,933,FALSE,FALSE,FALSE,Yes,Yes,TRUE,TRUE,TRUE,FALSE,No,No,Yes,FALSE,15,0.3,0.3,None,0,TRUE,TRUE,TRUE,FALSE,No,FALSE,TRUE,TRUE,TRUE,TRUE,FALSE,FALSE,Yes,Yes,TRUE,FALSE,FALSE,FALSE,FALSE,FALSE,No,FALSE,FALSE,FALSE,TRUE,FALSE,100%,Harp,FALSE,FALSE,1,TRUE,1139
,Bone Block,bone_block,1.10 16w20a,430,FALSE,FALSE,FALSE,Yes,Yes,TRUE,TRUE,TRUE,FALSE,Yes,No,Yes,FALSE,0,2,2,Pickaxe,0,FALSE,TRUE,TRUE,FALSE,No,FALSE,TRUE,TRUE,TRUE,TRUE,FALSE,FALSE,Yes,Yes,TRUE,FALSE,FALSE,FALSE,FALSE,FALSE,No,FALSE,FALSE,FALSE,TRUE,FALSE,100%,Xylophone,FALSE,FALSE,3,TRUE,1140
,Dried Ghast,dried_ghast,1.21.6 25w15a,1105,FALSE,FALSE,FALSE,Yes,Yes,TRUE,TRUE,TRUE,FALSE,No,No,No,TRUE,0,0,0,None,0,TRUE,TRUE,TRUE,FALSE,Yes,FALSE,TRUE,FALSE,TRUE,FALSE,FALSE,FALSE,No,No,FALSE,FALSE,FALSE,FALSE,FALSE,FALSE,Fully,FALSE,TRUE,TRUE,TRUE,FALSE,100%,Harp,FALSE,FALSE,4,TRUE,1141
,Player Head,player_head,1.4.2 12w36a,200,TRUE,FALSE,FALSE,No,No,FALSE,TRUE,TRUE,TRUE,No,No,No,TRUE,0,1,1,None,0,TRUE,TRUE,TRUE,FALSE,No,TRUE,TRUE,FALSE,TRUE,FALSE,FALSE,TRUE,No,No,FALSE,FALSE,FALSE,FALSE,FALSE,FALSE,Fully,FALSE,TRUE,TRUE,TRUE,FALSE,100%,Harp,FALSE,FALSE,16,TRUE,1142
,Player Wall Head,player_wall_head,1.4.2 12w36a,201,TRUE,FALSE,FALSE,No,No,FALSE,FALSE,TRUE,TRUE,No,No,No,TRUE,0,1,1,None,0,TRUE,TRUE,TRUE,FALSE,No,TRUE,TRUE,FALSE,TRUE,FALSE,FALSE,TRUE,No,No,FALSE,FALSE,FALSE,FALSE,FALSE,FALSE,Fully,FALSE,TRUE,TRUE,TRUE,FALSE,100%,Harp,FALSE,FALSE,4,TRUE,1143
,Wither Skeleton Skull,wither_skeleton_skull,1.4.2 12w36a,202,FALSE,FALSE,FALSE,Yes,Yes,FALSE,TRUE,TRUE,TRUE,No,No,No,TRUE,0,1,1,None,0,TRUE,TRUE,TRUE,FALSE,No,TRUE,TRUE,FALSE,TRUE,FALSE,FALSE,TRUE,No,No,FALSE,FALSE,FALSE,FALSE,FALSE,FALSE,Fully,FALSE,TRUE,TRUE,TRUE,FALSE,100%,Harp,FALSE,FALSE,16,TRUE,1144
,Wither Skeleton Wall Skull,wither_skeleton_wall_skull,1.4.2 12w36a,203,FALSE,FALSE,FALSE,Yes,Yes,TRUE,FALSE,TRUE,TRUE,No,No,No,TRUE,0,1,1,None,0,TRUE,TRUE,TRUE,FALSE,No,TRUE,TRUE,FALSE,TRUE,FALSE,FALSE,TRUE,No,No,FALSE,FALSE,FALSE,FALSE,FALSE,FALSE,Fully,FALSE,TRUE,TRUE,TRUE,FALSE,100%,Harp,FALSE,FALSE,4,TRUE,1145
,Zombie Head,zombie_head,1.4.2 12w36a,204,FALSE,FALSE,FALSE,Yes,Yes,TRUE,TRUE,TRUE,TRUE,No,No,No,TRUE,0,1,1,None,0,TRUE,TRUE,TRUE,FALSE,No,TRUE,TRUE,FALSE,TRUE,FALSE,FALSE,TRUE,No,No,FALSE,FALSE,FALSE,FALSE,FALSE,FALSE,Fully,FALSE,TRUE,TRUE,TRUE,FALSE,100%,Harp,FALSE,FALSE,16,TRUE,1146
,Zombie Wall Head,zombie_wall_head,1.4.2 12w36a,205,FALSE,FALSE,FALSE,Yes,Yes,TRUE,FALSE,TRUE,TRUE,No,No,No,TRUE,0,1,1,None,0,TRUE,TRUE,TRUE,FALSE,No,TRUE,TRUE,FALSE,TRUE,FALSE,FALSE,TRUE,No,No,FALSE,FALSE,FALSE,FALSE,FALSE,FALSE,Fully,FALSE,TRUE,TRUE,TRUE,FALSE,100%,Harp,FALSE,FALSE,4,TRUE,1147
,Skeleton Skull,skeleton_skull,1.4.2 12w36a,206,FALSE,FALSE,FALSE,Yes,Yes,TRUE,TRUE,TRUE,TRUE,No,No,No,TRUE,0,1,1,None,0,TRUE,TRUE,TRUE,FALSE,No,TRUE,TRUE,FALSE,TRUE,FALSE,FALSE,TRUE,No,No,FALSE,FALSE,FALSE,FALSE,FALSE,FALSE,Fully,FALSE,TRUE,TRUE,TRUE,FALSE,100%,Harp,FALSE,FALSE,16,TRUE,1148
,Skeleton Wall Skull,skeleton_wall_skull,1.4.2 12w36a,207,FALSE,FALSE,FALSE,Yes,Yes,TRUE,FALSE,TRUE,TRUE,No,No,No,TRUE,0,1,1,None,0,TRUE,TRUE,TRUE,FALSE,No,TRUE,TRUE,FALSE,TRUE,FALSE,FALSE,TRUE,No,No,FALSE,FALSE,FALSE,FALSE,FALSE,FALSE,Fully,FALSE,TRUE,TRUE,TRUE,FALSE,100%,Harp,FALSE,FALSE,4,TRUE,1149
,Creeper Head,creeper_head,1.4.2 12w36a,208,FALSE,FALSE,FALSE,Yes,Yes,TRUE,TRUE,TRUE,TRUE,No,No,No,TRUE,0,1,1,None,0,TRUE,TRUE,TRUE,FALSE,No,TRUE,TRUE,FALSE,TRUE,FALSE,FALSE,TRUE,No,No,FALSE,FALSE,FALSE,FALSE,FALSE,FALSE,Fully,FALSE,TRUE,TRUE,TRUE,FALSE,100%,Harp,FALSE,FALSE,16,TRUE,1150
,Creeper Wall Head,creeper_wall_head,1.4.2 12w36a,209,FALSE,FALSE,FALSE,Yes,Yes,TRUE,FALSE,TRUE,TRUE,No,No,No,TRUE,0,1,1,None,0,TRUE,TRUE,TRUE,FALSE,No,TRUE,TRUE,FALSE,TRUE,FALSE,FALSE,TRUE,No,No,FALSE,FALSE,FALSE,FALSE,FALSE,FALSE,Fully,FALSE,TRUE,TRUE,TRUE,FALSE,100%,Harp,FALSE,FALSE,4,TRUE,1151
,Piglin Head,piglin_head,1.20 Experimental 22w46a,971,FALSE,FALSE,FALSE,Yes,Yes,TRUE,TRUE,TRUE,TRUE,No,No,No,TRUE,0,1,1,None,0,TRUE,TRUE,TRUE,FALSE,No,TRUE,TRUE,FALSE,TRUE,FALSE,FALSE,TRUE,No,No,FALSE,FALSE,FALSE,FALSE,FALSE,FALSE,Fully,FALSE,TRUE,TRUE,TRUE,FALSE,100%,Harp,FALSE,FALSE,16,TRUE,1152
,Piglin Wall Head,piglin_wall_head,1.20 Experimental 22w46a,972,FALSE,FALSE,FALSE,Yes,Yes,TRUE,FALSE,TRUE,TRUE,No,No,No,TRUE,0,1,1,None,0,TRUE,TRUE,TRUE,FALSE,No,TRUE,TRUE,FALSE,TRUE,FALSE,FALSE,TRUE,No,No,FALSE,FALSE,FALSE,FALSE,FALSE,FALSE,Fully,FALSE,TRUE,TRUE,TRUE,FALSE,100%,Harp,FALSE,FALSE,4,TRUE,1153
,Dragon Head,dragon_head,1.9 15w31a,421,FALSE,FALSE,FALSE,No,No,FALSE,TRUE,TRUE,TRUE,No,No,No,TRUE,0,1,1,None,0,TRUE,TRUE,TRUE,FALSE,No,TRUE,TRUE,FALSE,TRUE,FALSE,FALSE,TRUE,No,No,FALSE,FALSE,FALSE,FALSE,FALSE,FALSE,Fully,FALSE,TRUE,TRUE,TRUE,FALSE,100%,Harp,FALSE,FALSE,16,TRUE,1154
,Dragon Wall Head,dragon_wall_head,1.9 15w31a,422,FALSE,FALSE,FALSE,No,No,FALSE,FALSE,TRUE,TRUE,No,No,No,TRUE,0,1,1,None,0,TRUE,TRUE,TRUE,FALSE,No,TRUE,TRUE,FALSE,TRUE,FALSE,FALSE,TRUE,No,No,FALSE,FALSE,FALSE,FALSE,FALSE,FALSE,Fully,FALSE,TRUE,TRUE,TRUE,FALSE,100%,Harp,FALSE,FALSE,4,TRUE,1155
,Dragon Egg,dragon_egg,1.0.0 Beta 1.9 Prerelease 6,153,FALSE,FALSE,FALSE,No,No,FALSE,TRUE,TRUE,FALSE,No,No,No,FALSE,1,9,3,None,0,TRUE,TRUE,TRUE,FALSE,No,FALSE,TRUE,FALSE,TRUE,FALSE,FALSE,TRUE,No,No,FALSE,TRUE,FALSE,TRUE,FALSE,FALSE,Fully,FALSE,TRUE,TRUE,TRUE,FALSE,100%,Harp,FALSE,FALSE,1,FALSE,1156
,Bookshelf,bookshelf,Classic 0.26 Survival Test,46,FALSE,FALSE,FALSE,Yes,Yes,TRUE,TRUE,TRUE,FALSE,Yes,No,Yes,FALSE,0,1.5,1.5,Axe,0,FALSE,FALSE,TRUE,TRUE,No,FALSE,TRUE,TRUE,TRUE,TRUE,FALSE,FALSE,Yes,Yes,TRUE,FALSE,FALSE,FALSE,TRUE,TRUE,No,FALSE,FALSE,FALSE,TRUE,FALSE,100%,Bass,FALSE,FALSE,1,FALSE,1157
,Chiseled Bookshelf,chiseled_bookshelf,1.20 Experimental 22w42a,968,FALSE,FALSE,FALSE,Yes,Yes,TRUE,TRUE,TRUE,TRUE,Yes,No,Yes,FALSE,0,1.5,1.5,Axe,0,FALSE,FALSE,TRUE,TRUE,No,FALSE,TRUE,TRUE,TRUE,TRUE,TRUE,FALSE,Yes,Yes,TRUE,FALSE,FALSE,FALSE,FALSE,FALSE,No,FALSE,FALSE,FALSE,TRUE,FALSE,100%,Bass,FALSE,FALSE,4,TRUE,1158
,Command Block,command_block,1.4.2 12w32a,182,TRUE,TRUE,FALSE,No,No,FALSE,TRUE,TRUE,TRUE,Yes,No,Yes,FALSE,0,3600000,-1,None,0,FALSE,FALSE,FALSE,FALSE,No,FALSE,TRUE,TRUE,TRUE,TRUE,TRUE,FALSE,Yes,Yes,TRUE,FALSE,FALSE,FALSE,FALSE,FALSE,No,FALSE,FALSE,FALSE,TRUE,FALSE,100%,Harp,TRUE,FALSE,6,TRUE,1159
,Chain Command Block,chain_command_block,1.9 15w34a,424,TRUE,TRUE,FALSE,No,No,FALSE,TRUE,TRUE,TRUE,Yes,No,Yes,FALSE,0,3600000,-1,None,0,FALSE,FALSE,FALSE,FALSE,No,FALSE,TRUE,TRUE,TRUE,TRUE,TRUE,FALSE,Yes,Yes,TRUE,FALSE,FALSE,FALSE,FALSE,FALSE,No,FALSE,FALSE,FALSE,TRUE,FALSE,100%,Harp,TRUE,FALSE,6,TRUE,1160
,Repeating Command Block,repeating_command_block,1.9 15w34a,425,TRUE,TRUE,FALSE,No,No,FALSE,TRUE,TRUE,TRUE,Yes,No,Yes,FALSE,0,3600000,-1,None,0,FALSE,FALSE,FALSE,FALSE,No,FALSE,TRUE,TRUE,TRUE,TRUE,TRUE,FALSE,Yes,Yes,TRUE,FALSE,FALSE,FALSE,FALSE,FALSE,No,FALSE,FALSE,FALSE,TRUE,FALSE,100%,Harp,TRUE,FALSE,6,TRUE,1161
,Test Instance Block,test_instance_block,1.21.5 25w03a,1098,TRUE,TRUE,FALSE,No,No,FALSE,TRUE,TRUE,TRUE,Yes,No,Yes,FALSE,0,3600000,-1,None,0,FALSE,FALSE,FALSE,FALSE,No,FALSE,TRUE,TRUE,TRUE,TRUE,TRUE,FALSE,Yes,Yes,TRUE,FALSE,FALSE,FALSE,FALSE,FALSE,No,FALSE,FALSE,FALSE,TRUE,FALSE,100%,Harp,TRUE,FALSE,1,FALSE,1162
,Test Block,test_block,1.21.5 25w03a,1099,TRUE,TRUE,FALSE,No,No,FALSE,TRUE,TRUE,TRUE,Yes,No,Yes,FALSE,0,3600000,-1,None,0,FALSE,FALSE,FALSE,FALSE,No,FALSE,TRUE,TRUE,TRUE,TRUE,TRUE,FALSE,Yes,Yes,TRUE,FALSE,FALSE,FALSE,FALSE,FALSE,No,FALSE,FALSE,FALSE,TRUE,FALSE,100%,Harp,TRUE,FALSE,1,TRUE,1163
,Structure Block,structure_block,1.9 15w31a,423,TRUE,TRUE,FALSE,No,No,FALSE,TRUE,TRUE,TRUE,Yes,No,Yes,FALSE,0,3600000,-1,None,0,FALSE,FALSE,FALSE,FALSE,No,FALSE,TRUE,TRUE,TRUE,TRUE,TRUE,FALSE,Yes,Yes,TRUE,FALSE,FALSE,FALSE,FALSE,FALSE,No,FALSE,FALSE,FALSE,TRUE,FALSE,100%,Harp,TRUE,FALSE,1,TRUE,1164
,Jigsaw Block,jigsaw,1.14 18w46a,673,TRUE,TRUE,FALSE,No,No,FALSE,TRUE,TRUE,TRUE,Yes,No,Yes,FALSE,0,3600000,-1,None,0,FALSE,FALSE,FALSE,FALSE,No,FALSE,TRUE,TRUE,TRUE,TRUE,TRUE,FALSE,Yes,Yes,TRUE,FALSE,FALSE,FALSE,FALSE,FALSE,No,FALSE,FALSE,FALSE,TRUE,FALSE,100%,Harp,TRUE,FALSE,12,TRUE,1165
,Structure Void,structure_void,1.10 16w20a,431,TRUE,TRUE,FALSE,No,No,FALSE,TRUE,TRUE,FALSE,No,Yes,No,TRUE,0,0,0,None,0,FALSE,FALSE,FALSE,TRUE,No,FALSE,FALSE,FALSE,TRUE,FALSE,FALSE,TRUE,No,No,FALSE,FALSE,FALSE,FALSE,FALSE,FALSE,Fully,FALSE,TRUE,TRUE,FALSE,FALSE,N/A,Harp,FALSE,FALSE,1,FALSE,1166
,Barrier,barrier,1.8 14w05a,351,TRUE,TRUE,FALSE,No,No,FALSE,TRUE,TRUE,FALSE,No,No,Yes,FALSE,0,3600000.75,-1,None,0,FALSE,FALSE,FALSE,FALSE,Yes,FALSE,TRUE,TRUE,TRUE,TRUE,TRUE,FALSE,Yes,Yes,TRUE,FALSE,FALSE,FALSE,FALSE,FALSE,Fully,FALSE,TRUE,FALSE,TRUE,FALSE,100%,Harp,FALSE,FALSE,1,FALSE,1167
,Light,light,1.17 21w13a,889,TRUE,TRUE,FALSE,No,No,FALSE,TRUE,TRUE,FALSE,No,Yes,No,TRUE,0-15,3600000.75,-1,None,0,FALSE,FALSE,FALSE,FALSE,Yes,FALSE,FALSE,FALSE,TRUE,TRUE,TRUE,FALSE,No,No,FALSE,FALSE,FALSE,FALSE,FALSE,FALSE,Fully,FALSE,TRUE,TRUE,FALSE,FALSE,N/A,Harp,FALSE,FALSE,1,TRUE,1168